id,full_name,age,gender,device_type,ad_position,Product_Category,color_name,hex_code,r,g,b,Mood,Season,Time_Spent_sec,click
670,User670,22.0,,Desktop,Top,Home_Decor,Stil de grain yellow,#FADA5E,250,218,94,Neutral,Summer,179,1
3044,User3044,,Male,Desktop,Top,Tech,Paolo Veronese green,#009B7D,0,155,125,Angry,Monsoon,201,1
5912,User5912,41.0,Non-Binary,,Side,Food,Yellow Sunshine,#FFF700,255,247,0,Happy,Summer,226,1
5418,User5418,34.0,Male,,,Fashion,Strawberry,#FC5A8D,252,90,141,Calm,Autumn,194,1
9452,User9452,39.0,Non-Binary,,,Food,Smoke,#738276,115,130,118,Neutral,Monsoon,132,0
5942,User5942,,Non-Binary,,Bottom,Fashion,Sand dune,#967117,150,113,23,Happy,Spring,50,1
7808,User7808,26.0,Female,Desktop,Top,Tech,Boysenberry,#873260,135,50,96,Angry,Summer,73,1
5065,User5065,40.0,Male,Mobile,Side,Home_Decor,Fuzzy Wuzzy,#CC6666,204,102,102,Calm,Monsoon,62,0
7993,User7993,,Non-Binary,Mobile,Bottom,Sports,Vivid auburn,#922724,146,39,36,Calm,Spring,220,1
4509,User4509,,,,Bottom,Fashion,Dark terra cotta,#CC4E5C,204,78,92,Calm,Winter,119,1
2595,User2595,,,,Bottom,Sports,Black leather jacket,#253529,37,53,41,Happy,Autumn,14,1
7466,User7466,47.0,,Mobile,Bottom,Tech,Steel blue,#4682B4,70,130,180,Happy,Autumn,273,1
8171,User8171,,Non-Binary,Mobile,Side,Tech,Pastel pink,#DEA5A4,222,165,164,Happy,Winter,296,0
2023,User2023,19.0,,Desktop,,Tech,Bright navy blue,#1974D2,25,116,210,Happy,Monsoon,90,1
973,User973,,,Mobile,,Home_Decor,Mughal green,#306030,48,96,48,Neutral,Winter,151,1
7529,User7529,,,,Top,Fashion,Deep champagne,#FAD6A5,250,214,165,Sad,Spring,122,0
8127,User8127,,Male,Tablet,Bottom,Sports,Old silver,#848482,132,132,130,Neutral,Summer,139,1
188,User188,56.0,Female,Tablet,Bottom,Food,Drab,#967117,150,113,23,Calm,Monsoon,19,1
2124,User2124,,Male,Desktop,Top,Tech,Vanilla ice,#F38FA9,243,143,169,Neutral,Summer,210,1
7335,User7335,24.0,,Tablet,Side,Sports,Radical Red,#FF355E,255,53,94,Angry,Winter,237,0
5569,User5569,,,Mobile,Bottom,Sports,Daffodil,#FFFF31,255,255,49,Happy,Autumn,70,1
2272,User2272,52.0,,Tablet,Bottom,Home_Decor,Tuscan red,#7C4848,124,72,72,Angry,Summer,8,1
2722,User2722,39.0,,Desktop,Top,Fashion,Frostbite,#E936A7,233,54,167,Angry,Summer,7,1
316,User316,42.0,,Desktop,Top,Home_Decor,Amazonite,#00C4B0,0,196,176,Calm,Autumn,263,1
9789,User9789,36.0,,Tablet,,Home_Decor,Coral Reef,#FD7C6E,253,124,110,Happy,Summer,207,1
4890,User4890,43.0,Male,Tablet,Bottom,Sports,Midnight,#702670,112,38,112,Angry,Summer,244,1
4994,User4994,62.0,,Mobile,,Fashion,Pale violet,#CC99FF,204,153,255,Calm,Autumn,97,0
5055,User5055,45.0,Male,,,Fashion,Giants orange,#FE5A1D,254,90,29,Happy,Autumn,288,1
6724,User6724,37.0,Female,,Top,Fashion,Silver sand,#BFC1C2,191,193,194,Sad,Winter,27,1
8253,User8253,,Non-Binary,Desktop,Bottom,Tech,Guppie green,#00FF7F,0,255,127,Calm,Winter,290,1
4945,User4945,31.0,,Tablet,Top,Fashion,Maximum Purple,#733380,115,51,128,Neutral,Summer,91,1
1729,User1729,26.0,Female,Mobile,Top,Sports,Red-brown,#A52A2A,165,42,42,Happy,Monsoon,55,1
6862,User6862,,Male,Tablet,Side,Tech,Carolina blue,#56A0D3,86,160,211,Angry,Winter,47,1
4985,User4985,37.0,Male,Mobile,Top,Food,Rajah,#FBAB60,251,171,96,Angry,Winter,208,0
7361,User7361,,,Mobile,Top,Home_Decor,Mardi Gras,#880085,136,0,133,Neutral,Monsoon,62,0
1524,User1524,24.0,,Mobile,Bottom,Fashion,Rajah,#FBAB60,251,171,96,Neutral,Monsoon,63,1
2542,User2542,58.0,Non-Binary,Mobile,Side,Food,Japanese carmine,#9D2933,157,41,51,Angry,Autumn,172,1
119,User119,59.0,,Tablet,Top,Fashion,White smoke,#F5F5F5,245,245,245,Happy,Winter,178,1
5881,User5881,26.0,Non-Binary,Tablet,Top,Home_Decor,Palatinate blue,#273BE2,39,59,226,Calm,Spring,211,1
9642,User9642,,Non-Binary,,Bottom,Sports,Teal green,#00827F,0,130,127,Neutral,Spring,115,1
1171,User1171,,,Mobile,,Sports,Light yellow,#FFFFE0,255,255,224,Neutral,Summer,27,1
1612,User1612,40.0,,Mobile,,Home_Decor,Amazon,#3B7A57,59,122,87,Neutral,Winter,237,1
9586,User9586,,,Desktop,,Food,Pale cornflower blue,#ABCDEF,171,205,239,Sad,Spring,279,0
7661,User7661,48.0,,Mobile,Side,Tech,Cadmium red,#E30022,227,0,34,Happy,Winter,176,1
4228,User4228,,,Desktop,Side,Tech,Zomp,#39A78E,57,167,142,Happy,Winter,15,1
5574,User5574,52.0,Female,Desktop,Bottom,Fashion,Dust storm,#E5CCC9,229,204,201,Happy,Spring,64,1
120,User120,,,Desktop,Side,Home_Decor,Lavender mist,#E6E6FA,230,230,250,Happy,Winter,236,0
6143,User6143,,,,Bottom,Home_Decor,Dark puce,#4F3A3C,79,58,60,Happy,Monsoon,239,1
301,User301,,Male,Tablet,Side,Tech,Alloy orange,#C46210,196,98,16,Angry,Summer,7,1
5301,User5301,,Male,,Side,Food,Cool Black,#002E63,0,46,99,Neutral,Autumn,148,1
5439,User5439,38.0,,,,Home_Decor,Nadeshiko pink,#F6ADC6,246,173,198,Angry,Spring,234,1
9806,User9806,58.0,Male,Tablet,Bottom,Sports,Japanese violet,#5B3256,91,50,86,Sad,Autumn,13,1
9888,User9888,49.0,Male,Mobile,Top,Sports,Persian rose,#FE28A2,254,40,162,Calm,Summer,298,1
4525,User4525,,,Mobile,Top,Home_Decor,Blast-off bronze,#A57164,165,113,100,Neutral,Monsoon,197,0
6153,User6153,30.0,,,Side,Food,Radical Red,#FF355E,255,53,94,Sad,Monsoon,295,1
7498,User7498,,Male,,Side,Sports,Grizzly,#885818,136,88,24,Angry,Monsoon,131,1
9736,User9736,46.0,,Desktop,,Food,Mystic Maroon,#AD4379,173,67,121,Calm,Monsoon,52,1
2244,User2244,42.0,,Mobile,Top,Tech,Apple green,#8DB600,141,182,0,Sad,Spring,111,0
4952,User4952,41.0,Female,,,Fashion,Cerulean frost,#6D9BC3,109,155,195,Calm,Spring,268,0
4855,User4855,,Non-Binary,Desktop,Top,Tech,Space cadet,#1D2951,29,41,81,Sad,Winter,257,0
9590,User9590,,Non-Binary,Tablet,,Fashion,Ruddy brown,#BB6528,187,101,40,Angry,Winter,31,0
813,User813,,,Tablet,Top,Sports,Rubine red,#D10056,209,0,86,Calm,Summer,13,1
4957,User4957,58.0,Male,,Bottom,Fashion,Jasmine,#F8DE7E,248,222,126,Sad,Winter,224,1
9431,User9431,,,Mobile,Top,Fashion,Straw,#E4D96F,228,217,111,Angry,Summer,162,1
6935,User6935,,Male,Mobile,,Home_Decor,Maximum Yellow,#FAFA37,250,250,55,Neutral,Summer,18,0
2431,User2431,54.0,Male,Desktop,Top,Fashion,Electric lavender,#F4BBFF,244,187,255,Angry,Summer,33,1
3164,User3164,,Female,Desktop,,Home_Decor,Medium violet-red,#C71585,199,21,133,Angry,Monsoon,30,1
4756,User4756,,Non-Binary,Mobile,Bottom,Fashion,Cadet,#536872,83,104,114,Neutral,Autumn,218,1
1524,User1524,24.0,,Mobile,Bottom,Home_Decor,Cerise,#DE3163,222,49,99,Angry,Autumn,147,1
7674,User7674,,,,Bottom,Sports,Rifle green,#444C38,68,76,56,Neutral,Spring,119,1
6251,User6251,44.0,Non-Binary,,Side,Sports,Cyan-blue azure,#4682BF,70,130,191,Neutral,Summer,222,1
6751,User6751,,Female,Tablet,,Fashion,Orange (RYB),#FB9902,251,153,2,Neutral,Monsoon,85,0
9996,User9996,48.0,,Desktop,Top,Food,Yellow Sunshine,#FFF700,255,247,0,Sad,Winter,205,0
2973,User2973,27.0,Non-Binary,,Bottom,Sports,French sky blue,#77B5FE,119,181,254,Calm,Winter,71,1
6315,User6315,,,Desktop,Top,Tech,Wine dregs,#673147,103,49,71,Sad,Spring,253,1
7065,User7065,57.0,,Desktop,,Tech,Royal blue,#4169E1,65,105,225,Neutral,Spring,148,1
9412,User9412,,,,Bottom,Home_Decor,Dark imperial blue,#00147E,0,20,126,Calm,Summer,145,1
3458,User3458,,,Tablet,,Food,Medium ruby,#AA4069,170,64,105,Calm,Summer,100,0
6121,User6121,,,Desktop,Top,Home_Decor,Debian red,#D70A53,215,10,83,Neutral,Winter,122,0
487,User487,28.0,,Mobile,Side,Fashion,Peach,#FFE5B4,255,229,180,Calm,Winter,189,1
3266,User3266,,Male,Tablet,Top,Sports,Shocking pink (Crayola),#FF6FFF,255,111,255,Calm,Winter,296,1
5574,User5574,52.0,Female,,Bottom,Food,Ocean Blue,#4F42B5,79,66,181,Sad,Winter,249,1
6553,User6553,,,Desktop,Bottom,Home_Decor,Cherry,#DE3163,222,49,99,Calm,Autumn,205,1
8996,User8996,22.0,Female,Desktop,,Home_Decor,Moonstone blue,#73A9C2,115,169,194,Neutral,Summer,282,0
503,User503,43.0,,Desktop,,Tech,Carnation pink,#FFA6C9,255,166,201,Happy,Summer,114,1
4581,User4581,51.0,,,Top,Fashion,Dirt,#9B7653,155,118,83,Happy,Winter,216,0
3266,User3266,,Male,Tablet,Top,Home_Decor,Gray (X11 gray),#BEBEBE,190,190,190,Happy,Monsoon,263,1
8956,User8956,,Male,Tablet,,Tech,Seal brown,#59260B,50,20,20,Neutral,Winter,168,1
9990,User9990,,Male,Desktop,Side,Food,Turquoise Surf,#00C5CD,0,197,205,Happy,Spring,101,1
7426,User7426,,,Mobile,Side,Home_Decor,Almond,#EFDECD,239,222,205,Sad,Monsoon,214,0
6100,User6100,,,Desktop,,Tech,Bangladesh green,#006A4E,0,106,78,Neutral,Spring,40,1
3543,User3543,,,,Top,Fashion,Heart Gold,#808000,128,128,0,Neutral,Monsoon,270,1
7866,User7866,,,Mobile,Top,Sports,Teal blue,#367588,54,117,136,Neutral,Spring,104,1
7917,User7917,,Non-Binary,Tablet,Side,Food,Lilac,#C8A2C8,200,162,200,Calm,Winter,25,0
63,User63,,Female,Tablet,Top,Home_Decor,Skobeloff,#007474,0,116,116,Calm,Winter,221,0
5340,User5340,19.0,,Mobile,Side,Tech,Tiger's eye,#E08D3C,224,141,60,Calm,Monsoon,108,0
2907,User2907,,,Mobile,Side,Home_Decor,Lava,#CF1020,207,16,32,Angry,Spring,116,0
7545,User7545,25.0,Male,Tablet,,Sports,Ecru,#C2B280,194,178,128,Sad,Autumn,223,0
3746,User3746,,,,,Home_Decor,Fandango,#B53389,181,51,137,Neutral,Monsoon,124,1
6906,User6906,,,Mobile,Top,Home_Decor,Dark electric blue,#536878,83,104,120,Neutral,Monsoon,253,1
1665,User1665,19.0,,Mobile,Bottom,Tech,Dingy Dungeon,#C53151,197,49,81,Calm,Summer,100,0
1762,User1762,41.0,Male,Desktop,,Sports,Cinnamon Satin,#CD607E,205,96,126,Neutral,Monsoon,192,1
8201,User8201,59.0,Female,Desktop,Bottom,Food,Royal fuchsia,#CA2C92,202,44,146,Neutral,Autumn,148,0
4086,User4086,,Female,Desktop,Top,Tech,Arsenic,#3B444B,59,68,75,Happy,Winter,32,1
9896,User9896,45.0,Female,Desktop,Side,Sports,Sapphire,#0F52BA,15,82,186,Neutral,Spring,10,0
1503,User1503,19.0,,,Side,Sports,Bright Yellow (Crayola),#FFAA1D,255,170,29,Angry,Summer,266,1
571,User571,,Male,Tablet,Bottom,Home_Decor,Celestial blue,#4997D0,73,151,208,Calm,Spring,234,0
7591,User7591,,Male,Desktop,Top,Fashion,Navajo white,#FFDEAD,255,222,173,Sad,Winter,126,0
5531,User5531,34.0,Male,Desktop,Top,Fashion,Princess Perfume,#FF85CF,255,133,207,Sad,Monsoon,198,1
5419,User5419,,Male,Tablet,,Food,Scarlet,#FD0E35,253,14,53,Happy,Autumn,109,1
9921,User9921,,Female,Desktop,Side,Home_Decor,Shamrock green,#009E60,0,158,96,Sad,Summer,203,0
5338,User5338,51.0,Male,Mobile,,Fashion,Green (RYB),#66B032,102,176,50,Sad,Autumn,66,1
5821,User5821,31.0,Female,Desktop,,Tech,Electric yellow,#FFFF33,255,255,51,Calm,Autumn,288,0
4890,User4890,43.0,Male,,Bottom,Food,Old rose,#C08081,192,128,129,Calm,Autumn,84,1
9992,User9992,,Male,Desktop,Side,Home_Decor,Blue (NCS),#0087BD,0,135,189,Angry,Autumn,179,1
9153,User9153,61.0,Non-Binary,Tablet,Bottom,Tech,Mandarin,#F37A48,243,122,72,Happy,Winter,13,0
2096,User2096,48.0,Non-Binary,Desktop,Top,Fashion,Medium taupe,#674C47,103,76,71,Sad,Autumn,184,1
4777,User4777,,Female,Tablet,Side,Fashion,Raspberry pink,#E25098,226,80,152,Angry,Autumn,275,0
6683,User6683,,,Tablet,,Fashion,Licorice,#1A1110,26,17,16,Happy,Winter,166,1
6880,User6880,,Female,Mobile,Side,Fashion,Light slate gray,#778899,119,136,153,Sad,Spring,280,1
2021,User2021,41.0,,Mobile,,Sports,Russet,#80461B,128,70,27,Sad,Winter,210,1
5986,User5986,32.0,,Desktop,Side,Food,Vivid cerulean,#00AAEE,0,170,238,Calm,Monsoon,64,0
5484,User5484,64.0,Female,Mobile,Side,Food,Green (RYB),#66B032,102,176,50,Neutral,Winter,190,0
8948,User8948,25.0,,Mobile,Bottom,Fashion,Mountain Meadow,#30BA8F,48,186,143,Happy,Spring,79,1
3109,User3109,,,,Side,Food,Electric crimson,#FF003F,255,0,63,Sad,Monsoon,98,1
3042,User3042,,,,Side,Tech,Pastel orange,#FFB347,255,179,71,Happy,Monsoon,71,1
3225,User3225,23.0,,Tablet,,Tech,Ochre,#CC7722,204,119,34,Angry,Summer,6,1
3801,User3801,26.0,Non-Binary,Desktop,Side,Food,Eerie black,#1B1B1B,27,27,27,Angry,Autumn,182,1
1190,User1190,,Non-Binary,Tablet,Bottom,Fashion,CG Blue,#007AA5,0,122,165,Neutral,Monsoon,146,1
1077,User1077,,Non-Binary,Desktop,Top,Home_Decor,Saffron,#F4C430,244,196,48,Sad,Monsoon,48,1
3062,User3062,,Male,Desktop,Bottom,Fashion,Persian green,#00A693,0,166,147,Calm,Spring,178,1
6060,User6060,,,Desktop,Top,Sports,Paris Green,#50C878,80,200,120,Sad,Monsoon,299,0
4697,User4697,,,Mobile,Side,Home_Decor,Middle Purple,#D982B5,217,130,181,Happy,Spring,235,1
6849,User6849,39.0,,Mobile,,Sports,Wenge,#645452,100,84,82,Angry,Autumn,240,1
1908,User1908,26.0,,Mobile,,Food,Japanese indigo,#264348,38,67,72,Happy,Summer,97,1
5703,User5703,55.0,Female,Tablet,Side,Sports,Ruber,#CE4676,206,70,118,Neutral,Summer,48,0
4856,User4856,21.0,,Desktop,Top,Food,Blue,#0000FF,0,0,255,Angry,Autumn,31,0
1197,User1197,,Male,Mobile,Top,Sports,Golden poppy,#FCC200,252,194,0,Calm,Autumn,276,1
9307,User9307,,,,,Home_Decor,Cinnamon Satin,#CD607E,205,96,126,Angry,Winter,43,0
8683,User8683,26.0,,Desktop,Side,Sports,Midnight blue,#191970,25,25,112,Sad,Monsoon,293,0
820,User820,39.0,Non-Binary,Mobile,Side,Fashion,UFO Green,#3CD070,60,208,112,Sad,Monsoon,252,0
6315,User6315,,,Desktop,Top,Food,Imperial red,#ED2939,237,41,57,Angry,Monsoon,54,1
8010,User8010,24.0,,Desktop,Top,Tech,Screamin' Green,#66FF66,102,255,102,Neutral,Spring,287,0
2364,User2364,54.0,Female,,Side,Sports,Heliotrope gray,#AA98A9,170,152,168,Sad,Winter,213,0
4507,User4507,42.0,,,Bottom,Food,Tuscan brown,#6F4E37,111,78,55,Sad,Monsoon,128,0
1549,User1549,,,Desktop,Top,Tech,White,#FFFFFF,255,255,255,Calm,Spring,253,1
4630,User4630,19.0,Non-Binary,Tablet,Side,Food,Spanish gray,#989898,152,152,152,Angry,Spring,288,0
3577,User3577,58.0,,Desktop,Side,Food,Key Lime,#E8F48C,232,244,140,Sad,Summer,155,0
5845,User5845,,,Tablet,,Tech,Malachite,#0BDA51,11,218,81,Neutral,Spring,68,0
8253,User8253,57.0,Non-Binary,Desktop,Bottom,Tech,Irresistible,#B3446C,179,68,108,Happy,Autumn,245,1
5418,User5418,,Male,,Top,Home_Decor,Rosso corsa,#D40000,212,0,0,Angry,Spring,171,1
255,User255,31.0,,,,Sports,Light Thulian pink,#E68FAC,230,143,172,Calm,Autumn,244,1
4621,User4621,20.0,,Desktop,,Sports,Office green,#008000,0,128,0,Sad,Autumn,53,1
1704,User1704,61.0,Female,,,Food,Sapphire,#0F52BA,15,82,186,Neutral,Summer,191,1
118,User118,43.0,Female,Tablet,Bottom,Fashion,Vivid tangelo,#F07427,240,116,39,Angry,Summer,152,0
8957,User8957,,Female,Mobile,Top,Fashion,Carolina blue,#56A0D3,86,160,211,Neutral,Spring,193,1
3314,User3314,35.0,,Tablet,Top,Food,Vivid orange peel,#FFA000,255,160,0,Neutral,Summer,115,0
5995,User5995,,Male,,Top,Home_Decor,Light medium orchid,#D39BCB,211,155,203,Calm,Summer,269,0
3007,User3007,42.0,Male,Desktop,Top,Tech,Light gray,#D3D3D3,211,211,211,Angry,Monsoon,283,0
1325,User1325,,,,Side,Food,Red (Pantone),#ED2939,237,41,57,Sad,Spring,241,1
756,User756,,,,,Sports,Yale Blue,#0F4D92,15,77,146,Calm,Spring,163,0
5194,User5194,53.0,Male,Mobile,Top,Fashion,Medium candy apple red,#E2062C,226,6,44,Sad,Spring,64,1
4611,User4611,20.0,Female,Tablet,,Fashion,Lilac Luster,#AE98AA,174,152,170,Happy,Summer,79,0
2023,User2023,19.0,Non-Binary,Desktop,,Fashion,Dark raspberry,#872657,135,38,87,Neutral,Summer,232,1
2565,User2565,,Non-Binary,Desktop,Bottom,Home_Decor,Vivid orange peel,#FFA000,255,160,0,Happy,Autumn,158,0
2965,User2965,,Non-Binary,Tablet,Top,Sports,Vivid violet,#9F00FF,159,0,255,Neutral,Winter,291,0
8041,User8041,,,Mobile,Bottom,Home_Decor,Mandarin,#F37A48,243,122,72,Calm,Winter,245,1
6258,User6258,,,Tablet,Top,Tech,Lumber,#FFE4CD,255,228,205,Sad,Winter,231,1
3375,User3375,52.0,,Mobile,Bottom,Food,Vivid vermilion,#E56024,229,96,36,Sad,Monsoon,173,1
7805,User7805,36.0,Male,Mobile,,Food,Sunset,#FAD6A5,250,214,165,Calm,Summer,288,0
3062,User3062,34.0,Male,Desktop,Bottom,Fashion,Forest green (traditional),#014421,1,68,33,Angry,Autumn,266,1
6449,User6449,42.0,,Desktop,Top,Fashion,Japanese indigo,#264348,38,67,72,Happy,Autumn,294,1
9647,User9647,34.0,Non-Binary,Desktop,Side,Tech,Yellow-green,#9ACD32,154,205,50,Happy,Winter,13,0
5439,User5439,38.0,,Tablet,Side,Home_Decor,Sunset,#FAD6A5,250,214,165,Sad,Monsoon,102,1
9400,User9400,,Non-Binary,Mobile,Side,Sports,Queen pink,#E8CCD7,232,204,215,Sad,Monsoon,16,1
1914,User1914,42.0,,,Bottom,Tech,Space cadet,#1D2951,29,41,81,Sad,Winter,276,1
9732,User9732,27.0,Male,Desktop,,Food,Maximum Green Yellow,#D9E650,217,230,80,Calm,Winter,75,0
5642,User5642,57.0,,Tablet,Bottom,Food,Blueberry,#4F86F7,79,134,247,Angry,Summer,139,0
9689,User9689,,Male,Desktop,Bottom,Home_Decor,Acid green,#B0BF1A,176,191,26,Happy,Monsoon,263,1
7655,User7655,39.0,,,Bottom,Tech,Light sky blue,#87CEFA,135,206,250,Neutral,Autumn,9,0
5780,User5780,,,Mobile,Bottom,Sports,China pink,#DE6FA1,222,111,161,Calm,Winter,243,1
2976,User2976,,,,,Tech,Pale taupe,#BC987E,188,152,126,Happy,Summer,298,0
6262,User6262,,,,Bottom,Tech,Vivid orange peel,#FFA000,255,160,0,Angry,Autumn,103,0
3663,User3663,,,Mobile,,Home_Decor,Donkey brown,#664C28,102,76,40,Calm,Monsoon,155,0
8103,User8103,,Non-Binary,,Top,Sports,Teal deer,#99E6B3,153,230,179,Happy,Winter,262,0
2757,User2757,35.0,Female,Mobile,Bottom,Food,Shocking pink (Crayola),#FF6FFF,255,111,255,Calm,Winter,153,0
9136,User9136,,Non-Binary,Desktop,Side,Fashion,Medium violet-red,#C71585,199,21,133,Happy,Summer,146,1
6974,User6974,53.0,,Desktop,Side,Sports,Copper red,#CB6D51,203,109,81,Happy,Summer,255,0
1486,User1486,,,Desktop,Side,Food,Pale brown,#987654,152,118,84,Angry,Monsoon,238,0
606,User606,,,,Bottom,Home_Decor,Cerise pink,#EC3B83,236,59,131,Neutral,Winter,136,1
1612,User1612,40.0,,Mobile,Side,Sports,Urobilin,#E1AD21,225,173,33,Angry,Summer,51,1
6438,User6438,53.0,Non-Binary,Tablet,,Sports,Brandeis blue,#0070FF,0,112,255,Happy,Winter,98,1
3225,User3225,23.0,,,Bottom,Food,Electric indigo,#6F00FF,111,0,255,Calm,Monsoon,253,1
9842,User9842,43.0,Non-Binary,Mobile,,Food,Mountain Meadow,#30BA8F,48,186,143,Angry,Winter,24,1
8817,User8817,,Male,Tablet,Bottom,Tech,Dark gunmetal,#1F262A,31,38,42,Neutral,Autumn,184,1
1020,User1020,,,Mobile,Side,Tech,Dark blue-gray,#666699,102,102,153,Happy,Winter,276,1
1635,User1635,54.0,Female,,Top,Sports,Pear,#D1E231,209,226,49,Angry,Spring,140,1
3776,User3776,,,,Top,Fashion,Celadon blue,#007BA7,0,123,167,Angry,Spring,241,0
5412,User5412,35.0,,Mobile,Top,Home_Decor,Redwood,#A45A52,164,90,82,Angry,Monsoon,194,1
6989,User6989,28.0,Male,Mobile,,Food,Milk,#FDFFF5,253,255,245,Angry,Monsoon,216,1
8018,User8018,,,Desktop,Side,Tech,Brown (web),#A52A2A,165,42,42,Calm,Monsoon,68,1
2529,User2529,,Female,Desktop,,Home_Decor,Lemon glacier,#FDFF00,253,255,0,Neutral,Autumn,168,1
3285,User3285,,Male,Tablet,Side,Sports,Very light malachite green,#64E986,100,233,134,Neutral,Autumn,42,0
2156,User2156,46.0,Female,Tablet,Side,Food,Taupe gray,#8B8589,139,133,137,Happy,Winter,219,1
8530,User8530,52.0,Female,Mobile,Top,Food,Carmine red,#FF0038,255,0,56,Sad,Summer,23,1
9418,User9418,20.0,Male,,Side,Tech,Fuchsia purple,#CC397B,204,57,123,Calm,Spring,258,1
8190,User8190,26.0,,Mobile,Side,Fashion,Liver (dogs),#B86D29,184,109,41,Happy,Spring,78,1
1140,User1140,28.0,Male,,Side,Food,Moonstone blue,#73A9C2,115,169,194,Happy,Spring,145,0
3149,User3149,,Male,Desktop,Top,Fashion,Rackley,#5D8AA8,93,138,168,Angry,Winter,21,0
5629,User5629,,,Tablet,,Home_Decor,Electric lime,#CCFF00,204,255,0,Sad,Winter,99,1
9748,User9748,47.0,Non-Binary,Tablet,Bottom,Food,Brown Yellow,#cc9966,204,153,102,Sad,Monsoon,238,0
4086,User4086,,Female,Desktop,Top,Food,Tropical violet,#CDA4DE,205,164,222,Calm,Summer,92,1
9400,User9400,,Non-Binary,Mobile,Side,Fashion,Paris Green,#50C878,80,200,120,Sad,Monsoon,55,1
6449,User6449,,,Desktop,Top,Tech,Granny Smith Apple,#A8E4A0,168,228,160,Happy,Winter,249,1
9699,User9699,,Female,,,Sports,Powder blue,#B0E0E6,176,224,230,Sad,Autumn,117,0
2809,User2809,,Non-Binary,Desktop,Top,Home_Decor,Interdimensional Blue,#360CCC,54,12,204,Sad,Monsoon,12,0
4089,User4089,,Non-Binary,Tablet,,Food,Debian red,#D70A53,215,10,83,Neutral,Winter,41,0
2885,User2885,,Non-Binary,Desktop,Bottom,Tech,Pastel pink,#DEA5A4,222,165,164,Happy,Winter,51,0
1190,User1190,,Non-Binary,Tablet,Bottom,Food,Light sea green,#20B2AA,32,178,170,Sad,Autumn,104,1
8068,User8068,,Female,Mobile,Side,Home_Decor,Ghost white,#F8F8FF,248,248,255,Sad,Autumn,177,0
5082,User5082,44.0,Female,Mobile,Top,Sports,Bud green,#7BB661,123,182,97,Angry,Autumn,245,1
1345,User1345,34.0,,Desktop,Top,Food,Cream,#FFFDD0,255,253,208,Sad,Summer,195,0
4938,User4938,,Male,Desktop,Side,Fashion,Brown (web),#A52A2A,165,42,42,Sad,Winter,238,1
5623,User5623,53.0,,Desktop,Side,Tech,Deep coffee,#704241,112,66,65,Neutral,Autumn,285,1
5329,User5329,54.0,Male,Tablet,Side,Sports,Light deep pink,#FF5CCD,255,92,205,Happy,Summer,239,1
9990,User9990,25.0,Male,Desktop,Side,Food,Royal blue,#4169E1,65,105,225,Calm,Spring,130,1
3746,User3746,,Male,Desktop,Top,Sports,Peach-orange,#FFCC99,255,204,153,Happy,Spring,182,1
7993,User7993,,Non-Binary,Mobile,Bottom,Fashion,Acid green,#B0BF1A,176,191,26,Angry,Spring,177,1
5955,User5955,,,Tablet,,Food,Persian red,#CC3333,204,51,51,Happy,Winter,124,1
5100,User5100,42.0,,Mobile,Side,Sports,Cordovan,#893F45,137,63,69,Sad,Summer,34,1
6129,User6129,36.0,,Tablet,Bottom,Food,French puce,#4E1609,78,22,9,Angry,Summer,52,1
4625,User4625,33.0,Non-Binary,Mobile,Top,Food,Sea blue,#006994,0,105,148,Happy,Spring,183,0
8459,User8459,38.0,Non-Binary,Tablet,Bottom,Sports,Tuscan brown,#6F4E37,111,78,55,Angry,Monsoon,98,1
3215,User3215,33.0,Male,Mobile,Side,Food,Royal azure,#0038A8,0,56,168,Calm,Spring,59,0
4151,User4151,,,Desktop,,Fashion,Alabama crimson,#AF002A,175,0,42,Happy,Winter,240,0
8176,User8176,,Male,Desktop,Top,Sports,Vivid vermilion,#E56024,229,96,36,Sad,Spring,291,0
1908,User1908,26.0,Male,Mobile,Bottom,Sports,Star command blue,#007BB8,0,123,184,Angry,Spring,78,1
2142,User2142,34.0,Non-Binary,,,Fashion,Orange (RYB),#FB9902,251,153,2,Neutral,Summer,126,1
4212,User4212,,,,,Fashion,CG Red,#E03C31,224,60,49,Angry,Spring,61,0
9137,User9137,35.0,Female,Desktop,Side,Fashion,Teal green,#00827F,0,130,127,Neutral,Autumn,277,0
8085,User8085,35.0,Non-Binary,Mobile,,Food,Electric purple,#BF00FF,191,0,255,Sad,Autumn,143,0
933,User933,41.0,Female,Tablet,,Food,Buff,#F0DC82,240,220,130,Calm,Monsoon,203,0
4779,User4779,,,Tablet,Top,Home_Decor,Azure (web color),#F0FFFF,240,255,255,Neutral,Winter,213,0
4925,User4925,47.0,,Desktop,Side,Food,Tangerine yellow,#FFCC00,255,204,0,Calm,Winter,277,0
6167,User6167,20.0,Male,Mobile,Side,Fashion,Light gray,#D3D3D3,211,211,211,Angry,Summer,142,1
3818,User3818,27.0,,Desktop,Top,Home_Decor,KU Crimson,#E8000D,232,0,13,Sad,Winter,138,0
6919,User6919,45.0,Non-Binary,Desktop,Top,Fashion,Blue Bolt,#00B9FB,0,185,251,Neutral,Monsoon,20,0
7779,User7779,36.0,,Desktop,,Tech,Cordovan,#893F45,137,63,69,Angry,Autumn,107,0
1612,User1612,40.0,,Mobile,Side,Sports,Vivid raspberry,#FF006C,255,0,108,Happy,Summer,247,1
6441,User6441,,,Desktop,Top,Tech,Sunray,#E3AB57,227,171,87,Angry,Autumn,94,1
7808,User7808,26.0,Female,Desktop,Top,Fashion,Grullo,#A99A86,169,154,134,Calm,Monsoon,8,1
550,User550,,,Desktop,Top,Food,Blue (NCS),#0087BD,0,135,189,Sad,Summer,66,0
1612,User1612,40.0,,Mobile,Side,Sports,Bulgarian rose,#480607,72,6,7,Sad,Spring,216,1
3644,User3644,,Female,Mobile,Side,Food,Pink lavender,#D8B2D1,216,178,209,Angry,Winter,252,1
7422,User7422,,Female,Desktop,Top,Food,Payne's grey,#536878,83,104,120,Happy,Monsoon,196,1
5732,User5732,,Non-Binary,,Bottom,Sports,Debian red,#D70A53,215,10,83,Calm,Summer,60,1
8222,User8222,27.0,,Tablet,Side,Sports,Orchid,#DA70D6,218,112,214,Angry,Autumn,293,1
4450,User4450,45.0,Female,Mobile,Top,Tech,Tuscany,#C09999,192,153,153,Angry,Summer,35,0
3277,User3277,,,Mobile,Side,Fashion,Raisin black,#242124,36,33,36,Sad,Spring,5,0
8174,User8174,20.0,Female,Mobile,Bottom,Food,Byzantium,#702963,112,41,99,Calm,Monsoon,202,1
1127,User1127,,,Desktop,,Fashion,Old lace,#FDF5E6,253,245,230,Happy,Summer,49,1
3345,User3345,,Male,Desktop,,Fashion,Electric crimson,#FF003F,255,0,63,Sad,Monsoon,51,1
6553,User6553,,,Desktop,Bottom,Home_Decor,Orange (RYB),#FB9902,251,153,2,Angry,Monsoon,226,1
453,User453,,Female,Tablet,Top,Tech,Thistle,#D8BFD8,216,191,216,Sad,Autumn,290,1
4345,User4345,,,Desktop,Bottom,Food,Verdigris,#43B3AE,67,179,174,Sad,Winter,85,0
6268,User6268,,,Desktop,,Sports,Electric indigo,#6F00FF,111,0,255,Neutral,Spring,284,1
329,User329,36.0,,Desktop,Top,Sports,Light salmon pink,#FF9999,255,153,153,Sad,Summer,291,0
9266,User9266,38.0,,Mobile,,Fashion,Scarlet,#FD0E35,253,14,53,Sad,Winter,288,1
6917,User6917,,Non-Binary,Mobile,Bottom,Tech,Marigold,#EAA221,234,162,33,Calm,Autumn,193,0
8561,User8561,52.0,Male,Mobile,Bottom,Tech,Frostbite,#E936A7,233,54,167,Sad,Winter,43,1
9448,User9448,,Non-Binary,Mobile,Side,Food,Rackley,#5D8AA8,93,138,168,Happy,Monsoon,87,0
7272,User7272,,,Tablet,,Food,Gamboge orange (brown),#996600,152,102,0,Angry,Monsoon,180,0
234,User234,19.0,,Tablet,Bottom,Fashion,Sandstorm,#ECD540,236,213,64,Calm,Spring,13,1
255,User255,,,Desktop,Bottom,Fashion,Midnight green (eagle green),#004953,0,73,83,Sad,Summer,282,1
2129,User2129,47.0,,Tablet,Bottom,Fashion,Aquamarine,#7FFFD4,127,255,212,Happy,Summer,262,1
7678,User7678,53.0,Female,Desktop,Top,Home_Decor,Cinnamon[citation needed],#D2691E,210,105,30,Angry,Autumn,276,0
8515,User8515,,Non-Binary,Mobile,Bottom,Tech,Japanese carmine,#9D2933,157,41,51,Calm,Spring,265,1
2173,User2173,,,,Bottom,Fashion,Fluorescent orange,#FFBF00,255,191,0,Happy,Summer,184,1
5571,User5571,,Female,Desktop,Side,Tech,Android green,#A4C639,164,198,57,Sad,Monsoon,158,0
9611,User9611,,Male,Desktop,Side,Sports,Chocolate (web),#D2691E,210,105,30,Neutral,Spring,19,1
5737,User5737,29.0,,Desktop,Top,Sports,Old burgundy,#43302E,67,48,46,Neutral,Winter,71,0
7788,User7788,63.0,Non-Binary,Mobile,Side,Tech,Dark candy apple red,#A40000,164,0,0,Calm,Spring,191,0
7471,User7471,,Female,Mobile,Bottom,Sports,Peach,#FFE5B4,255,229,180,Happy,Spring,67,1
9811,User9811,,,Mobile,Side,Sports,Raspberry glace,#915F6D,145,95,109,Angry,Summer,285,0
8115,User8115,20.0,Female,Mobile,Top,Sports,French puce,#4E1609,78,22,9,Happy,Autumn,45,1
217,User217,,,Tablet,,Food,Royal yellow,#FADA5E,250,218,94,Neutral,Autumn,32,0
234,User234,,Female,,,Food,Orange (RYB),#FB9902,251,153,2,Calm,Summer,281,1
6864,User6864,,,Desktop,Side,Tech,Liver,#674C47,103,76,71,Sad,Summer,225,0
6462,User6462,36.0,,Tablet,Side,Tech,Indigo,#4B0082,75,0,130,Happy,Summer,221,1
1214,User1214,26.0,Female,Mobile,Bottom,Home_Decor,Vanilla ice,#F38FA9,243,143,169,Neutral,Autumn,226,1
3543,User3543,55.0,,,Top,Food,Sheen Green,#8FD400,143,212,0,Angry,Summer,65,1
7214,User7214,62.0,Non-Binary,Mobile,,Tech,Amaranth deep purple,#9F2B68,159,43,104,Calm,Winter,107,0
3236,User3236,56.0,Female,Mobile,Bottom,Food,Ultramarine,#3F00FF,18,10,143,Sad,Winter,189,1
8957,User8957,,,,Top,Home_Decor,Vivid gamboge,#FF9900,255,153,0,Happy,Monsoon,151,1
1214,User1214,26.0,Female,Mobile,,Tech,Burnt sienna,#E97451,233,116,81,Angry,Winter,79,1
6576,User6576,62.0,Female,Desktop,Bottom,Tech,Glaucous,#6082B6,96,130,182,Sad,Spring,5,1
6602,User6602,,Female,Desktop,,Tech,Shadow blue,#778BA5,119,139,165,Neutral,Monsoon,166,1
9400,User9400,,,Mobile,Side,Tech,Harlequin green,#46CB18,70,203,24,Neutral,Winter,21,1
5501,User5501,28.0,Non-Binary,Mobile,Bottom,Fashion,Blue (NCS),#0087BD,0,135,189,Angry,Spring,247,1
5084,User5084,,Non-Binary,Tablet,Side,Food,Sea blue,#006994,0,105,148,Neutral,Winter,23,1
1020,User1020,,,,Side,Food,Dark blue-gray,#666699,102,102,153,Calm,Spring,63,1
9618,User9618,,Non-Binary,Desktop,,Food,Green (Crayola),#1CAC78,28,172,120,Angry,Summer,205,0
4228,User4228,,,Desktop,Side,Home_Decor,Dark liver (horses),#543D37,84,61,55,Neutral,Spring,119,1
7659,User7659,19.0,,Mobile,Top,Fashion,Caput mortuum,#592720,89,39,32,Happy,Summer,207,0
2003,User2003,,,Desktop,Bottom,Food,Lemon chiffon,#FFFACD,255,250,205,Neutral,Spring,298,0
9736,User9736,46.0,,,,Food,Star command blue,#007BB8,0,123,184,Calm,Spring,35,1
487,User487,28.0,Male,Mobile,Side,Tech,Maximum Purple,#733380,115,51,128,Sad,Winter,198,1
4429,User4429,,,,Top,Tech,Rich lavender,#A76BCF,167,107,207,Sad,Spring,110,1
998,User998,,,Tablet,Top,Tech,Sweet Brown,#A83731,168,55,49,Neutral,Winter,130,1
8226,User8226,,,Tablet,,Food,Carrot orange,#ED9121,237,145,33,Sad,Spring,107,1
9220,User9220,21.0,Female,Mobile,Side,Tech,Coral Reef,#FD7C6E,253,124,110,Neutral,Autumn,167,1
1420,User1420,62.0,Non-Binary,Desktop,,Food,Red-violet,#C71585,199,21,133,Calm,Monsoon,125,1
2485,User2485,,Non-Binary,Mobile,Bottom,Home_Decor,Portland Orange,#FF5A36,255,90,54,Sad,Winter,244,1
4841,User4841,21.0,Female,,Side,Home_Decor,Tuscan red,#7C4848,124,72,72,Happy,Winter,99,0
8316,User8316,,Male,Desktop,Bottom,Sports,Wisteria,#C9A0DC,201,160,220,Neutral,Summer,212,0
3601,User3601,,Non-Binary,Mobile,Bottom,Fashion,Bright lavender,#BF94E4,191,148,228,Sad,Autumn,153,1
9290,User9290,61.0,,Desktop,Bottom,Tech,Amaranth pink,#F19CBB,241,156,187,Calm,Summer,197,1
5258,User5258,50.0,Non-Binary,Desktop,Side,Tech,Jasmine,#F8DE7E,248,222,126,Calm,Autumn,146,0
9431,User9431,,Male,Mobile,Top,Fashion,Jet,#343434,52,52,52,Happy,Autumn,276,1
885,User885,49.0,,Tablet,Side,Fashion,Mantis,#74C365,116,195,101,Calm,Spring,205,0
7866,User7866,,,Mobile,,Sports,Light fuchsia pink,#F984EF,249,132,239,Calm,Summer,166,1
1110,User1110,43.0,,Mobile,Side,Fashion,Pale spring bud,#ECEBBD,236,235,189,Sad,Monsoon,113,0
1539,User1539,43.0,,Mobile,Bottom,Food,Raspberry rose,#B3446C,179,68,108,Neutral,Autumn,267,1
2722,User2722,39.0,,Desktop,Top,Tech,Burlywood,#DEB887,222,184,135,Angry,Autumn,214,1
5890,User5890,56.0,Female,Mobile,Bottom,Fashion,Grape,#6F2DA8,111,45,168,Calm,Winter,153,1
5062,User5062,,Male,Tablet,Bottom,Food,Neon green,#39FF14,57,255,20,Calm,Spring,260,0
6125,User6125,18.0,,,,Fashion,Stizza,#990000,153,0,0,Angry,Monsoon,203,0
2964,User2964,40.0,Non-Binary,Mobile,Side,Food,Copper penny,#AD6F69,173,111,105,Calm,Autumn,190,1
6573,User6573,55.0,Non-Binary,Desktop,Side,Home_Decor,Umber,#635147,99,81,71,Sad,Winter,169,1
2133,User2133,,,Tablet,Side,Food,Sea green,#2E8B57,46,139,87,Sad,Summer,112,0
3014,User3014,,,Mobile,Top,Sports,Mint green,#98FF98,152,255,152,Angry,Autumn,87,1
6619,User6619,36.0,,Tablet,Bottom,Food,Imperial,#602F6B,96,47,107,Calm,Winter,84,0
579,User579,,,Tablet,Side,Fashion,Platinum,#E5E4E2,229,228,226,Calm,Summer,257,0
3938,User3938,,Male,Mobile,,Home_Decor,Emerald,#50C878,80,200,120,Neutral,Spring,29,1
949,User949,,,Desktop,Top,Home_Decor,Heliotrope gray,#AA98A9,170,152,168,Calm,Summer,287,0
6145,User6145,,Female,,Side,Food,Oxford Blue,#002147,0,33,71,Sad,Autumn,55,0
9075,User9075,36.0,Female,Mobile,,Fashion,Phthalo blue,#000F89,0,15,137,Happy,Monsoon,112,1
3658,User3658,,,,Side,Home_Decor,Apricot,#FBCEB1,251,206,177,Happy,Summer,242,1
7993,User7993,,Non-Binary,Mobile,Bottom,Food,Mango Tango,#FF8243,255,130,67,Happy,Monsoon,190,1
6602,User6602,,,Desktop,Side,Food,Amaranth red,#D3212D,211,33,45,Happy,Monsoon,84,1
2760,User2760,55.0,,,Top,Food,Dark scarlet,#560319,86,3,25,Calm,Summer,100,0
4616,User4616,,Female,,Side,Home_Decor,Gunmetal,#2a3439,42,52,57,Calm,Spring,154,0
1503,User1503,19.0,Female,Tablet,Side,Tech,Electric green,#00FF00,0,255,0,Neutral,Summer,10,1
9550,User9550,58.0,,Desktop,Top,Fashion,Lincoln green,#195905,25,89,5,Calm,Winter,26,1
9227,User9227,,Non-Binary,,Side,Sports,Red (NCS),#C40233,196,2,51,Happy,Monsoon,224,1
5522,User5522,19.0,,Desktop,Bottom,Sports,Gargoyle Gas,#FFDF46,255,223,70,Angry,Autumn,16,0
7438,User7438,,Non-Binary,,Side,Fashion,Toolbox,#746CC0,116,108,192,Angry,Monsoon,287,1
5733,User5733,,,Mobile,Bottom,Tech,Spanish violet,#4C2882,76,40,130,Sad,Autumn,196,0
4957,User4957,58.0,Male,,Bottom,Fashion,Pale aqua,#BCD4E6,188,212,230,Sad,Winter,229,1
6771,User6771,,,,Side,Food,Medium turquoise,#48D1CC,72,209,204,Calm,Winter,171,1
8442,User8442,54.0,,Tablet,Bottom,Fashion,Pale spring bud,#ECEBBD,236,235,189,Angry,Winter,120,0
393,User393,,,Desktop,Bottom,Fashion,Awesome,#FF2052,255,32,82,Happy,Summer,152,1
8252,User8252,,Male,,Side,Home_Decor,Kelly green,#4CBB17,76,187,23,Happy,Monsoon,40,1
8947,User8947,22.0,Male,,,Sports,Van Dyke Brown,#664228,102,66,40,Happy,Autumn,249,1
6423,User6423,,,Tablet,Side,Sports,Tea green,#D0F0C0,208,240,192,Calm,Winter,134,0
670,User670,22.0,,Desktop,,Food,Bubbles,#E7FEFF,231,254,255,Calm,Winter,244,1
9245,User9245,,,Tablet,Top,Food,Dark pink,#E75480,231,84,128,Neutral,Autumn,109,0
3232,User3232,22.0,,Tablet,Bottom,Home_Decor,Jet,#343434,52,52,52,Happy,Monsoon,171,0
6479,User6479,,Male,Tablet,Side,Food,Dark midnight blue,#003366,0,51,102,Happy,Monsoon,46,1
8226,User8226,,Male,Tablet,Top,Tech,Malachite,#0BDA51,11,218,81,Calm,Autumn,258,1
4254,User4254,19.0,Male,Desktop,Bottom,Home_Decor,Pale cerulean,#9BC4E2,155,196,226,Calm,Spring,209,1
1099,User1099,36.0,Male,Tablet,Top,Home_Decor,Sienna,#882D17,136,45,23,Neutral,Monsoon,199,0
3641,User3641,,,Tablet,,Fashion,Rose Dust,#9E5E6F,158,94,111,Neutral,Autumn,175,1
3014,User3014,,,Mobile,Top,Fashion,French beige,#A67B5B,166,123,91,Sad,Autumn,254,1
2964,User2964,40.0,Non-Binary,Mobile,Side,Tech,Licorice,#1A1110,26,17,16,Angry,Winter,108,1
9807,User9807,35.0,Non-Binary,Tablet,Bottom,Home_Decor,Rich lavender,#A76BCF,167,107,207,Happy,Autumn,43,1
9806,User9806,58.0,Male,,Bottom,Home_Decor,Crimson,#DC143C,220,20,60,Happy,Summer,240,1
6883,User6883,32.0,Male,Desktop,Side,Fashion,Shocking pink (Crayola),#FF6FFF,255,111,255,Neutral,Winter,138,0
1470,User1470,25.0,Male,Tablet,Top,Sports,Rose ebony,#674846,103,72,70,Neutral,Winter,256,0
645,User645,,,Tablet,Side,Sports,African violet,#B284BE,178,132,190,Sad,Monsoon,174,0
4015,User4015,,Male,,Side,Fashion,Stil de grain yellow,#FADA5E,250,218,94,Angry,Spring,287,1
8208,User8208,,Female,Tablet,Top,Food,Vermilion,#E34234,227,66,52,Sad,Monsoon,211,1
5425,User5425,,,Mobile,Side,Home_Decor,Myrtle green,#317873,49,120,115,Angry,Summer,147,1
4874,User4874,,Male,Mobile,,Tech,Patriarch,#800080,128,0,128,Happy,Winter,23,0
1914,User1914,,Male,,Bottom,Sports,Rich electric blue,#0892D0,8,146,208,Sad,Winter,194,1
4950,User4950,28.0,Male,Mobile,,Food,Pear,#D1E231,209,226,49,Neutral,Autumn,68,1
24,User24,,,Tablet,Side,Home_Decor,Auburn,#A52A2A,165,42,42,Sad,Spring,234,1
7450,User7450,,,Desktop,Side,Food,Pastel brown,#836953,130,105,83,Sad,Spring,179,1
2019,User2019,42.0,,Tablet,Top,Home_Decor,Orchid pink,#F2BDCD,242,189,205,Happy,Autumn,24,0
1446,User1446,,,Desktop,Bottom,Home_Decor,Puce red,#722F37,114,47,55,Neutral,Summer,280,1
7750,User7750,46.0,,Mobile,Side,Fashion,Loeen(lopen)look/vomit+indogo+Lopen+Gabriel,#15F2FD,123,154,200,Neutral,Spring,230,1
2337,User2337,40.0,Male,Desktop,Top,Fashion,Cyan azure,#4E82B4,78,130,180,Calm,Winter,235,1
4178,User4178,41.0,Male,,Top,Tech,Deer,#BA8759,186,135,89,Calm,Summer,105,0
6487,User6487,19.0,Male,,Side,Tech,Light pastel purple,#B19CD9,177,156,217,Calm,Monsoon,231,1
3057,User3057,,Female,,Top,Food,Straw,#E4D96F,228,217,111,Happy,Monsoon,298,0
6765,User6765,46.0,Female,,,Fashion,Liseran Purple,#DE6FA1,222,111,161,Sad,Summer,42,1
5193,User5193,50.0,Female,Desktop,,Home_Decor,Boston University Red,#CC0000,204,0,0,Neutral,Winter,69,1
6906,User6906,,Non-Binary,Mobile,Top,Fashion,Pakistan green,#006600,0,102,0,Neutral,Monsoon,80,1
2555,User2555,,Non-Binary,Tablet,,Home_Decor,Silver pink,#C4AEAD,196,174,173,Sad,Winter,196,1
4773,User4773,59.0,Male,Desktop,Top,Fashion,Middle Green,#4D8C57,77,140,87,Neutral,Autumn,127,0
6438,User6438,53.0,Non-Binary,,,Home_Decor,Bondi blue,#0095B6,0,149,182,Sad,Spring,129,1
9128,User9128,,,,Top,Food,Nyanza,#E9FFDB,233,255,219,Happy,Summer,31,0
9075,User9075,36.0,Female,Mobile,,Fashion,Tea rose,#F4C2C2,244,194,194,Happy,Spring,107,1
8372,User8372,52.0,,Desktop,Top,Sports,Rosso corsa,#D40000,212,0,0,Happy,Autumn,280,0
400,User400,52.0,Non-Binary,Tablet,Side,Sports,Silver pink,#C4AEAD,196,174,173,Sad,Monsoon,64,1
8334,User8334,,Male,Desktop,Top,Home_Decor,Light moss green,#ADDFAD,173,223,173,Sad,Winter,172,0
1965,User1965,,,Tablet,,Food,Halayà úbe,#663854,102,55,84,Angry,Winter,87,0
5403,User5403,61.0,Male,Desktop,Top,Home_Decor,Old lavender,#796878,121,104,120,Neutral,Autumn,10,0
3333,User3333,30.0,Male,Tablet,Top,Food,Spring bud,#A7FC00,167,252,0,Neutral,Summer,168,1
5501,User5501,28.0,Non-Binary,Mobile,Bottom,Tech,Tangelo,#F94D00,249,77,0,Angry,Spring,206,1
9617,User9617,63.0,,Tablet,,Fashion,Italian sky blue,#B2FFFF,178,255,255,Angry,Monsoon,181,1
7792,User7792,,Male,Mobile,Bottom,Food,Granite Gray,#676767,103,103,103,Happy,Summer,160,0
3708,User3708,43.0,Male,Desktop,Top,Home_Decor,Wageningen Green,#34B233,52,178,51,Angry,Autumn,282,0
3280,User3280,29.0,,Tablet,Side,Tech,Persian red,#CC3333,204,51,51,Sad,Autumn,106,0
2529,User2529,,,Desktop,Top,Home_Decor,Zaffre,#0014A8,0,20,168,Calm,Winter,84,1
8832,User8832,49.0,,Tablet,Side,Sports,Utah Crimson,#D3003F,211,0,63,Sad,Monsoon,198,1
5945,User5945,42.0,Male,Desktop,Side,Sports,Maximum Yellow Red,#F2BA49,242,186,73,Angry,Summer,285,0
9723,User9723,,Female,Mobile,Side,Fashion,Kiwi,#8EE53F,142,229,63,Neutral,Winter,95,1
6268,User6268,,,Desktop,Top,Fashion,North Texas Green,#059033,5,144,51,Sad,Monsoon,71,1
5664,User5664,32.0,Male,Mobile,Top,Tech,Paolo Veronese green,#009B7D,0,155,125,Neutral,Spring,219,0
6268,User6268,,,Desktop,Top,Sports,Copper red,#CB6D51,203,109,81,Sad,Spring,149,1
1945,User1945,20.0,,Tablet,Side,Food,Snow,#FFFAFA,255,250,250,Neutral,Winter,44,1
8058,User8058,25.0,,Mobile,,Sports,Burgundy,#800020,128,0,32,Sad,Summer,216,0
560,User560,,,Desktop,Side,Fashion,Roast coffee,#704241,112,66,65,Neutral,Monsoon,290,0
9806,User9806,58.0,Male,Tablet,Bottom,Home_Decor,Spanish gray,#989898,152,152,152,Calm,Spring,63,1
3299,User3299,44.0,Non-Binary,Tablet,Side,Tech,Maximum Blue Purple,#ACACE6,172,172,230,Happy,Spring,32,1
2336,User2336,32.0,,Tablet,Side,Sports,Vivid gamboge,#FF9900,255,153,0,Sad,Summer,51,1
7466,User7466,47.0,,Mobile,Bottom,Food,Slimy Green,#299617,41,150,23,Calm,Winter,241,1
4587,User4587,,,Tablet,Top,Food,Shampoo,#FFCFF1,255,207,241,Happy,Autumn,121,0
1369,User1369,,,,,Food,Rose red,#C21E56,194,30,86,Sad,Monsoon,155,1
7438,User7438,53.0,Non-Binary,Mobile,Side,Tech,Blizzard Blue,#ACE5EE,172,229,238,Calm,Spring,87,1
9162,User9162,,,Mobile,Top,Food,Rajah,#FBAB60,251,171,96,Calm,Autumn,61,0
1325,User1325,,,Desktop,Side,Food,Rosewood,#65000B,101,0,11,Calm,Summer,221,1
5756,User5756,51.0,Non-Binary,Tablet,Top,Sports,French puce,#4E1609,78,22,9,Angry,Winter,224,1
373,User373,34.0,Female,Mobile,,Tech,Very pale yellow,#FFFFBF,255,255,191,Neutral,Monsoon,289,1
1148,User1148,25.0,,Mobile,Bottom,Home_Decor,Pink Flamingo,#FC74FD,252,116,253,Happy,Summer,246,1
6167,User6167,20.0,Male,Mobile,Side,Home_Decor,Cherry blossom pink,#FFB7C5,255,183,197,Neutral,Winter,103,1
5276,User5276,,,Tablet,Side,Food,Giant's Club,#B05C52,176,92,82,Neutral,Summer,246,1
5338,User5338,51.0,Male,Mobile,Top,Fashion,Flamingo pink,#FC8EAC,252,142,172,Neutral,Spring,207,1
6462,User6462,,,Tablet,Side,Tech,Deep carmine pink,#EF3038,239,48,56,Calm,Spring,41,1
9266,User9266,38.0,,Mobile,,Fashion,Interdimensional Blue,#360CCC,54,12,204,Neutral,Autumn,250,1
1540,User1540,45.0,,Tablet,Top,Tech,Winter Wizard,#A0E6FF,160,230,255,Angry,Summer,132,0
1190,User1190,,Non-Binary,,,Tech,Deep moss green,#355E3B,53,94,59,Sad,Spring,139,1
6188,User6188,20.0,,,Bottom,Sports,Amber,#FFBF00,255,191,0,Calm,Winter,68,1
7988,User7988,,,Mobile,Bottom,Food,Heat Wave,#FF7A00,255,122,0,Happy,Autumn,278,0
9789,User9789,,,Tablet,,Sports,Steel blue,#4682B4,70,130,180,Sad,Monsoon,33,1
346,User346,29.0,Male,Mobile,Top,Fashion,Old lavender,#796878,121,104,120,Sad,Summer,230,0
5756,User5756,51.0,Non-Binary,Tablet,Top,Fashion,Unmellow yellow,#FFFF66,255,255,102,Sad,Spring,64,1
6160,User6160,,,Tablet,,Home_Decor,Vivid mulberry,#B80CE3,184,12,227,Neutral,Winter,58,0
1549,User1549,56.0,,Desktop,Top,Sports,Moccasin,#FAEBD7,250,235,215,Neutral,Summer,153,1
6980,User6980,62.0,,,Bottom,Sports,Forest green (traditional),#014421,1,68,33,Calm,Winter,62,1
1077,User1077,,Non-Binary,,Top,Sports,MSU Green,#18453B,24,69,59,Neutral,Autumn,40,1
5951,User5951,41.0,Female,Tablet,Top,Home_Decor,Royal blue,#002366,0,35,102,Neutral,Spring,149,0
5193,User5193,50.0,Female,Desktop,,Sports,Hansa yellow,#E9D66B,233,214,107,Neutral,Spring,254,1
7526,User7526,,,,Side,Sports,Sage,#BCB88A,188,184,138,Calm,Autumn,84,1
8956,User8956,,Male,Tablet,Top,Sports,Ocean Blue,#4F42B5,79,66,181,Calm,Winter,19,1
1601,User1601,41.0,,Tablet,Top,Sports,Dartmouth green,#00703C,0,112,60,Angry,Summer,44,0
3906,User3906,,Non-Binary,Tablet,Bottom,Fashion,Cornsilk,#FFF8DC,255,248,220,Angry,Winter,85,1
8189,User8189,,,Tablet,Top,Food,Green (Crayola),#1CAC78,28,172,120,Angry,Summer,197,0
8190,User8190,26.0,,Mobile,Side,Fashion,Persian plum,#701C1C,112,28,28,Angry,Autumn,170,1
7973,User7973,28.0,,Mobile,Bottom,Sports,Byzantine,#BD33A4,189,51,164,Sad,Monsoon,208,1
5629,User5629,,,Tablet,Top,Tech,Pale robin egg blue,#96DED1,150,222,209,Sad,Summer,215,1
4015,User4015,44.0,Male,Tablet,Side,Tech,Maroon (HTML/CSS),#800000,128,0,0,Angry,Spring,262,1
1305,User1305,,Female,Tablet,Top,Home_Decor,Dirt,#9B7653,155,118,83,Angry,Spring,119,1
6880,User6880,,Female,Mobile,Side,Fashion,Raisin black,#242124,36,33,36,Happy,Spring,237,1
2650,User2650,53.0,,Desktop,Side,Home_Decor,Maroon (X11),#B03060,176,48,96,Sad,Winter,81,0
4236,User4236,51.0,,Desktop,Bottom,Home_Decor,Yellow-green,#9ACD32,154,205,50,Happy,Winter,100,0
9173,User9173,49.0,,Desktop,Side,Tech,Ube,#8878C3,136,120,195,Happy,Winter,102,0
2913,User2913,57.0,Non-Binary,Mobile,Side,Fashion,Selective yellow,#FFBA00,255,186,0,Neutral,Spring,60,1
6161,User6161,,Female,,Bottom,Food,Dark cerulean,#08457E,8,69,126,Calm,Summer,122,1
5766,User5766,63.0,Male,Desktop,Side,Fashion,Electric blue,#7DF9FF,125,249,255,Sad,Spring,123,1
5566,User5566,,Non-Binary,Mobile,,Home_Decor,Alien Armpit,#84DE02,132,222,2,Angry,Summer,42,1
1141,User1141,37.0,,Desktop,,Sports,Winter Sky,#FF007C,255,0,124,Angry,Winter,189,1
393,User393,,,Desktop,Bottom,Home_Decor,Green (Munsell),#00A877,0,168,119,Calm,Monsoon,246,1
1077,User1077,,Non-Binary,Desktop,,Fashion,Mindaro,#E3F988,227,249,136,Sad,Winter,55,1
3759,User3759,,,Mobile,Top,Tech,Apple green,#8DB600,141,182,0,Angry,Autumn,131,0
3854,User3854,56.0,,Tablet,Bottom,Fashion,Medium turquoise,#48D1CC,72,209,204,Angry,Summer,107,1
5425,User5425,,Non-Binary,Mobile,,Food,Pale pink,#FADADD,250,218,221,Neutral,Monsoon,233,1
7438,User7438,53.0,Non-Binary,Mobile,Side,Sports,Black Shadows,#BFAFB2,191,175,178,Happy,Winter,215,1
9231,User9231,21.0,,Desktop,Top,Sports,Mystic Maroon,#AD4379,173,67,121,Angry,Monsoon,89,1
2542,User2542,58.0,Non-Binary,Mobile,,Home_Decor,Lawn green,#7CFC00,124,252,0,Sad,Spring,278,1
3561,User3561,37.0,,Desktop,,Fashion,Red (Crayola),#EE204D,238,32,77,Calm,Summer,31,1
9855,User9855,,,Desktop,Bottom,Tech,Rubine red,#D10056,209,0,86,Neutral,Autumn,76,1
1445,User1445,44.0,Female,Mobile,Top,Food,Falu red,#801818,128,24,24,Sad,Spring,99,0
6811,User6811,24.0,Male,Mobile,Bottom,Home_Decor,Blush,#DE5D83,222,93,131,Neutral,Monsoon,80,1
7448,User7448,,Male,Tablet,Side,Fashion,Light brown,#B5651D,181,101,29,Happy,Winter,10,0
1214,User1214,26.0,Female,Mobile,,Tech,Vermilion,#E34234,227,66,52,Angry,Summer,94,1
1557,User1557,,,,Bottom,Fashion,Outer Space,#414A4C,65,74,76,Sad,Autumn,84,0
1171,User1171,,Female,Mobile,Bottom,Tech,Smoky Topaz,#933D41,147,61,65,Calm,Winter,226,1
966,User966,54.0,Male,Desktop,Bottom,Fashion,English vermillion,#CC474B,204,71,75,Happy,Autumn,87,1
4015,User4015,44.0,Male,,Side,Fashion,Medium vermilion,#D9603B,217,96,59,Happy,Summer,86,1
7652,User7652,,Male,Mobile,Bottom,Home_Decor,Ruber,#CE4676,206,70,118,Neutral,Monsoon,156,1
315,User315,,,Desktop,Side,Fashion,Misty rose,#FFE4E1,255,228,225,Happy,Autumn,49,1
4462,User4462,52.0,,Tablet,Bottom,Fashion,Magic mint,#AAF0D1,170,240,209,Sad,Summer,216,1
3164,User3164,,Female,Desktop,Bottom,Home_Decor,French violet,#8806CE,136,6,206,Neutral,Autumn,75,1
5483,User5483,52.0,,Tablet,Side,Home_Decor,Pixie Powder,#391285,57,18,133,Happy,Winter,267,0
6258,User6258,,Non-Binary,Tablet,Top,Sports,Castleton green,#00563F,0,86,63,Calm,Autumn,62,1
2722,User2722,39.0,,Desktop,Top,Sports,Middle Blue Purple,#8B72BE,139,114,190,Sad,Winter,61,1
3570,User3570,56.0,Female,Mobile,Side,Home_Decor,Star command blue,#007BB8,0,123,184,Calm,Winter,115,0
7748,User7748,57.0,Female,Desktop,Top,Food,Red-orange,#FF5349,255,83,73,Calm,Summer,146,0
5922,User5922,62.0,Female,Mobile,Side,Tech,Rose red,#C21E56,194,30,86,Neutral,Spring,60,0
3429,User3429,59.0,,Tablet,Side,Home_Decor,Blue,#0000FF,0,0,255,Angry,Autumn,16,1
6467,User6467,30.0,,Desktop,Side,Sports,Livid,#6699CC,102,153,204,Neutral,Monsoon,19,1
3990,User3990,28.0,,Tablet,Side,Fashion,Van Dyke Brown,#664228,102,66,40,Sad,Winter,12,1
7670,User7670,54.0,Female,,Top,Home_Decor,Aqua,#00FFFF,0,255,255,Sad,Spring,235,1
5993,User5993,,,Desktop,Bottom,Home_Decor,Dark blue,#00008B,0,0,139,Neutral,Winter,190,0
1368,User1368,,Female,,Top,Sports,Cherry,#DE3163,222,49,99,Angry,Spring,57,0
9842,User9842,43.0,Non-Binary,Mobile,Top,Sports,Pastel brown,#836953,130,105,83,Neutral,Spring,141,1
6602,User6602,,Female,Desktop,Side,Food,Pastel purple,#B39EB5,179,158,181,Sad,Monsoon,178,1
866,User866,,Male,Mobile,Bottom,Sports,Zinnwaldite brown,#2C1608,44,22,8,Angry,Spring,223,0
8789,User8789,44.0,Female,,,Sports,Ball blue,#21ABCD,33,171,205,Sad,Monsoon,267,1
3042,User3042,,,Mobile,Side,Sports,Lavender blue,#CCCCFF,204,204,255,Angry,Summer,259,1
1741,User1741,45.0,,Mobile,Bottom,Fashion,Medium vermilion,#D9603B,217,96,59,Angry,Winter,274,1
3523,User3523,22.0,Male,Desktop,Bottom,Home_Decor,Electric blue,#7DF9FF,125,249,255,Neutral,Monsoon,79,0
5082,User5082,,Female,Mobile,Top,Home_Decor,Maximum Green Yellow,#D9E650,217,230,80,Neutral,Winter,228,1
5055,User5055,45.0,,Desktop,Top,Sports,Salmon pink,#FF91A4,255,145,164,Neutral,Autumn,96,1
9695,User9695,26.0,Male,Desktop,Side,Food,Canary yellow,#FFEF00,255,239,0,Angry,Summer,138,0
9057,User9057,,,Desktop,Side,Sports,Egyptian blue,#1034A6,16,52,166,Angry,Autumn,167,1
2129,User2129,,,Tablet,,Food,French bistre,#856D4D,133,109,77,Sad,Autumn,202,1
3644,User3644,,Female,,Side,Home_Decor,Vivid vermilion,#E56024,229,96,36,Calm,Spring,193,1
4883,User4883,,Female,,Top,Food,Big dip o’ruby,#9C2542,156,37,66,Neutral,Spring,77,0
3236,User3236,56.0,Female,Mobile,Bottom,Food,Crimson glory,#BE0032,190,0,50,Sad,Autumn,210,1
2311,User2311,,,Desktop,Bottom,Tech,French rose,#F64A8A,246,74,138,Sad,Spring,35,1
416,User416,,,,Bottom,Food,Medium purple,#9370DB,147,112,219,Happy,Winter,123,0
9420,User9420,,Non-Binary,,Side,Food,Metallic Sunburst,#9C7C38,156,124,56,Neutral,Spring,287,1
770,User770,,,,Bottom,Fashion,Pale red-violet,#DB7093,219,112,147,Sad,Autumn,163,1
2174,User2174,36.0,Female,Desktop,Bottom,Home_Decor,Brown (web),#A52A2A,165,42,42,Happy,Spring,259,1
9400,User9400,,Non-Binary,Mobile,Side,Sports,Pearl,#EAE0C8,234,224,200,Neutral,Spring,249,1
301,User301,59.0,Male,,Side,Tech,Slimy Green,#299617,41,150,23,Angry,Monsoon,110,1
9146,User9146,58.0,,Desktop,Top,Food,Star command blue,#007BB8,0,123,184,Happy,Monsoon,202,1
5412,User5412,35.0,,Mobile,Top,Fashion,Egyptian blue,#1034A6,16,52,166,Angry,Autumn,124,1
6202,User6202,,Female,Tablet,Bottom,Fashion,Sandy taupe,#967117,150,113,23,Calm,Winter,86,1
8581,User8581,49.0,,Mobile,,Sports,Purple taupe,#50404D,80,64,77,Calm,Summer,274,0
2964,User2964,40.0,Non-Binary,Mobile,,Sports,Persian blue,#1C39BB,28,57,187,Calm,Summer,191,1
9151,User9151,22.0,Male,,Top,Home_Decor,Tulip,#FF878D,255,135,141,Calm,Autumn,280,0
4762,User4762,24.0,,Mobile,Side,Food,Topaz,#FFC87C,255,200,124,Sad,Winter,56,0
9966,User9966,,,,Top,Fashion,Jelly Bean,#DA614E,218,97,78,Calm,Winter,72,1
3430,User3430,61.0,Male,Desktop,Side,Tech,Sea green,#2E8B57,46,139,87,Sad,Winter,138,1
5487,User5487,,,,Bottom,Home_Decor,Blue-magenta violet,#553592,85,53,146,Sad,Monsoon,124,0
2691,User2691,,Non-Binary,Desktop,,Food,Seashell,#FFF5EE,255,245,238,Neutral,Autumn,61,1
8978,User8978,,,Desktop,Side,Sports,USC Cardinal,#990000,153,0,0,Sad,Summer,190,0
265,User265,30.0,,,Bottom,Food,Puce,#CC8899,204,136,153,Sad,Winter,76,0
2711,User2711,,Non-Binary,Tablet,Side,Sports,Electric crimson,#FF003F,255,0,63,Calm,Autumn,162,0
2272,User2272,,,,Bottom,Food,Vivid mulberry,#B80CE3,184,12,227,Sad,Summer,232,1
606,User606,,Non-Binary,Desktop,Bottom,Tech,Light moss green,#ADDFAD,173,223,173,Angry,Monsoon,238,1
1171,User1171,,Female,Mobile,Bottom,Home_Decor,Tenné (tawny),#CD5700,205,87,0,Calm,Spring,15,1
1805,User1805,,,Mobile,Top,Sports,Tuscany,#C09999,192,153,153,Happy,Summer,179,1
8222,User8222,27.0,,Tablet,Side,Tech,Vivid auburn,#922724,146,39,36,Calm,Summer,265,1
5498,User5498,,Female,Tablet,Side,Fashion,Melon,#FDBCB4,253,188,180,Sad,Summer,135,1
6906,User6906,,Non-Binary,Mobile,Top,Tech,Classic rose,#FBCCE7,251,204,231,Angry,Spring,6,1
9670,User9670,56.0,,Desktop,Top,Tech,Little boy blue,#6CA0DC,108,160,220,Calm,Winter,253,0
911,User911,32.0,Non-Binary,Desktop,Top,Tech,Mikado yellow,#FFC40C,255,196,12,Angry,Spring,204,1
6602,User6602,,Female,Desktop,Side,Sports,La Salle Green,#087830,8,120,48,Happy,Summer,186,1
4462,User4462,52.0,,Tablet,Bottom,Fashion,Rusty red,#DA2C43,218,44,67,Happy,Monsoon,131,1
2555,User2555,,Non-Binary,Tablet,Bottom,Home_Decor,Smoky black,#100C08,16,12,8,Neutral,Summer,201,1
5095,User5095,,Female,,,Tech,Quinacridone magenta,#8E3A59,142,58,89,Neutral,Monsoon,290,0
3330,User3330,49.0,Male,,,Sports,Gray (HTML/CSS gray),#808080,128,128,128,Calm,Autumn,48,1
9816,User9816,,Male,Desktop,,Sports,Pink lace,#FFDDF4,255,221,244,Neutral,Monsoon,14,0
9516,User9516,28.0,,Desktop,Top,Home_Decor,Winter Sky,#FF007C,255,0,124,Angry,Summer,229,1
805,User805,,,Desktop,Bottom,Food,Vivid sky blue,#00CCFF,0,204,255,Neutral,Spring,220,1
1127,User1127,,,,Side,Fashion,Ultra pink,#FF6FFF,255,111,255,Angry,Summer,215,1
6211,User6211,34.0,Female,Mobile,Top,Fashion,Ube,#8878C3,136,120,195,Neutral,Summer,290,0
2595,User2595,,Female,Desktop,Bottom,Tech,Café noir,#4B3621,75,54,33,Neutral,Autumn,221,1
9736,User9736,46.0,,Desktop,Bottom,Food,Purple pizzazz,#FE4EDA,254,78,218,Neutral,Winter,53,1
7438,User7438,53.0,Non-Binary,Mobile,Side,Fashion,Ochre,#CC7722,204,119,34,Sad,Summer,167,1
7086,User7086,30.0,Non-Binary,Mobile,,Tech,Light moss green,#ADDFAD,173,223,173,Sad,Autumn,197,1
228,User228,46.0,,,Top,Food,Venetian red,#C80815,200,8,21,Neutral,Spring,149,1
2178,User2178,,,Desktop,,Sports,Antique brass,#CD9575,205,149,117,Angry,Autumn,163,0
5921,User5921,,,Desktop,Side,Tech,Tyrian purple,#66023C,102,2,60,Calm,Autumn,184,1
4559,User4559,30.0,Female,Desktop,Bottom,Food,Deep aquamarine,#40826D,64,130,109,Happy,Monsoon,30,0
1126,User1126,31.0,,,Side,Home_Decor,Green (NCS),#009F6B,0,159,107,Sad,Winter,104,1
1741,User1741,45.0,,Mobile,Bottom,Fashion,Guppie green,#00FF7F,0,255,127,Neutral,Winter,115,1
6874,User6874,,Female,Mobile,Side,Tech,Cherry,#DE3163,222,49,99,Happy,Spring,274,0
5056,User5056,,,Tablet,Side,Sports,Telemagenta,#CF3476,207,52,118,Sad,Autumn,55,0
5005,User5005,49.0,Male,Desktop,Top,Tech,Smashed Pumpkin,#FF6D3A,255,109,58,Calm,Spring,19,1
1454,User1454,,Female,,Top,Fashion,Wine dregs,#673147,103,49,71,Angry,Spring,132,1
3543,User3543,55.0,,Tablet,,Fashion,French bistre,#856D4D,133,109,77,Neutral,Winter,144,1
7057,User7057,43.0,,Tablet,Side,Food,Pastel yellow,#FDFD96,253,253,150,Calm,Winter,246,0
2196,User2196,,,Desktop,Top,Sports,UP Maroon,#7B1113,123,17,19,Sad,Winter,50,0
5198,User5198,47.0,,Desktop,Bottom,Food,Cadmium red,#E30022,227,0,34,Neutral,Summer,238,1
6100,User6100,,,Desktop,Bottom,Sports,Blanched almond,#FFEBCD,255,235,205,Happy,Autumn,76,1
8459,User8459,38.0,Non-Binary,Tablet,Bottom,Tech,Medium jungle green,#1C352D,28,53,45,Angry,Spring,99,1
1446,User1446,,,Desktop,Bottom,Tech,Arctic lime,#D0FF14,208,255,20,Sad,Autumn,289,1
8726,User8726,,Female,Desktop,Side,Food,Tea rose,#F88379,248,131,121,Angry,Spring,136,1
7139,User7139,,,Desktop,Side,Home_Decor,Camel,#C19A6B,193,154,107,Neutral,Spring,285,0
8726,User8726,62.0,Female,Desktop,Side,Fashion,Limerick,#9DC209,157,194,9,Calm,Spring,36,1
92,User92,,,Tablet,Top,Food,Mindaro,#E3F988,227,249,136,Angry,Spring,41,0
2823,User2823,46.0,,Mobile,Top,Food,Vivid gamboge,#FF9900,255,153,0,Happy,Monsoon,130,0
6174,User6174,35.0,Male,,Side,Tech,Silver pink,#C4AEAD,196,174,173,Sad,Monsoon,142,0
9806,User9806,,Male,Tablet,Bottom,Fashion,Ginger,#B06500,176,101,0,Happy,Summer,104,1
8476,User8476,43.0,Non-Binary,,Bottom,Food,French sky blue,#77B5FE,119,181,254,Angry,Winter,246,0
9157,User9157,,,Mobile,Bottom,Tech,OU Crimson Red,#990000,153,0,0,Calm,Spring,249,1
5418,User5418,,Male,,,Tech,Persian pink,#F77FBE,247,127,190,Calm,Autumn,31,1
210,User210,28.0,Male,Tablet,Top,Food,Ruddy,#FF0028,255,0,40,Happy,Monsoon,213,0
7688,User7688,57.0,Male,,Top,Food,Duke blue,#00009C,0,0,156,Neutral,Winter,103,1
7590,User7590,,Non-Binary,,,Tech,Deep Green,#056608,5,102,8,Neutral,Summer,141,0
2804,User2804,,Female,Tablet,Bottom,Food,Carolina blue,#56A0D3,86,160,211,Calm,Winter,191,1
4890,User4890,43.0,,Tablet,,Fashion,Green-cyan,#009966,0,153,102,Happy,Spring,40,1
6202,User6202,,Female,Tablet,Bottom,Tech,Vanilla,#F3E5AB,243,229,171,Happy,Winter,122,1
7466,User7466,47.0,,Mobile,Bottom,Tech,Orioles orange,#FB4F14,251,79,20,Happy,Spring,162,1
6669,User6669,38.0,Female,,,Food,Powder blue,#B0E0E6,176,224,230,Angry,Monsoon,279,1
5890,User5890,56.0,Female,Mobile,Bottom,Food,Psychedelic purple,#DF00FF,223,0,255,Neutral,Monsoon,173,1
8400,User8400,,,Tablet,Bottom,Food,Tan,#D2B48C,210,180,140,Neutral,Spring,59,1
2032,User2032,36.0,,,Bottom,Fashion,Bright ube,#D19FE8,209,159,232,Angry,Autumn,88,1
2124,User2124,,Male,Desktop,Top,Tech,Baby blue eyes,#A1CAF1,161,202,241,Sad,Monsoon,10,1
6258,User6258,,Non-Binary,Tablet,,Home_Decor,Mango Tango,#FF8243,255,130,67,Angry,Autumn,260,1
1743,User1743,47.0,,,,Fashion,Magenta (Pantone),#D0417E,208,65,126,Happy,Spring,202,0
4015,User4015,,Male,Tablet,Side,Fashion,Camel,#C19A6B,193,154,107,Angry,Spring,156,1
6296,User6296,29.0,,Desktop,,Tech,Orange (Pantone),#FF5800,255,88,0,Happy,Monsoon,174,1
9412,User9412,,,Mobile,Bottom,Home_Decor,True Blue,#0073CF,0,115,207,Calm,Autumn,252,1
8278,User8278,,,Mobile,Top,Tech,Bistre brown,#967117,150,113,23,Happy,Spring,253,1
5629,User5629,,,Tablet,Top,Fashion,Pearl Aqua,#88D8C0,136,216,192,Neutral,Monsoon,154,1
9075,User9075,36.0,Female,Mobile,Top,Food,Vista blue,#7C9ED9,124,158,217,Angry,Spring,214,1
9422,User9422,,,,Side,Tech,Cerise pink,#EC3B83,236,59,131,Happy,Winter,232,1
8174,User8174,20.0,Female,Mobile,Bottom,Tech,Moonstone blue,#73A9C2,115,169,194,Sad,Winter,248,1
315,User315,,Non-Binary,Desktop,,Food,Vivid red-tangelo,#DF6124,223,97,36,Calm,Monsoon,145,1
9015,User9015,,Male,Mobile,Side,Home_Decor,Vivid raspberry,#FF006C,255,0,108,Sad,Spring,124,0
3898,User3898,,Female,Desktop,,Home_Decor,Auburn,#A52A2A,165,42,42,Sad,Monsoon,297,0
393,User393,,,Desktop,Bottom,Tech,Vivid vermilion,#E56024,229,96,36,Sad,Summer,184,1
4805,User4805,52.0,,,Bottom,Food,Toolbox,#746CC0,116,108,192,Calm,Monsoon,129,0
5338,User5338,51.0,Male,Mobile,Top,Tech,Yale Blue,#0F4D92,15,77,146,Calm,Monsoon,246,1
3296,User3296,42.0,,,Top,Food,Loeen(lopen)look/vomit+indogo+Lopen+Gabriel,#15F2FD,123,154,200,Calm,Winter,216,0
316,User316,42.0,Non-Binary,Desktop,,Fashion,Gargoyle Gas,#FFDF46,255,223,70,Calm,Winter,21,1
2394,User2394,,Non-Binary,Tablet,Bottom,Food,Red (Munsell),#F2003C,242,0,60,Sad,Spring,20,0
9738,User9738,30.0,,Desktop,Bottom,Tech,Safety orange,#FF7800,255,120,0,Neutral,Monsoon,261,0
1575,User1575,31.0,Non-Binary,Desktop,,Sports,Mexican pink,#E4007C,228,0,124,Neutral,Monsoon,290,0
7828,User7828,29.0,,Tablet,Bottom,Home_Decor,Neon fuchsia,#FE4164,254,65,100,Calm,Spring,284,1
3478,User3478,62.0,Non-Binary,Tablet,Top,Tech,Rebecca Purple,#663399,102,52,153,Angry,Autumn,50,0
3834,User3834,61.0,Male,Desktop,Bottom,Food,Deep peach,#FFCBA4,255,203,164,Happy,Spring,262,0
5439,User5439,38.0,,,Side,Food,Red (NCS),#C40233,196,2,51,Angry,Winter,147,1
1136,User1136,58.0,,Mobile,Side,Home_Decor,Madder Lake,#CC3336,204,51,54,Angry,Winter,289,1
1225,User1225,27.0,,Tablet,Side,Tech,Desaturated cyan,#669999,102,153,153,Angry,Monsoon,17,1
7,User7,,Female,Tablet,,Sports,Rust,#B7410E,183,65,14,Neutral,Winter,49,1
2946,User2946,37.0,,Desktop,Bottom,Fashion,Tart Orange,#FB4D46,251,77,70,Happy,Spring,51,1
1729,User1729,26.0,Female,,Top,Sports,Magic mint,#AAF0D1,170,240,209,Angry,Monsoon,20,1
1369,User1369,,,Desktop,Bottom,Fashion,Black Shadows,#BFAFB2,191,175,178,Calm,Spring,111,1
1914,User1914,42.0,Male,Tablet,Bottom,Fashion,Maximum Green,#5E8C31,94,140,49,Neutral,Spring,7,1
7993,User7993,,,,Bottom,Tech,United Nations blue,#5B92E5,91,146,229,Calm,Monsoon,108,1
8789,User8789,,Female,Desktop,Top,Fashion,Imperial purple,#66023C,102,2,60,Calm,Autumn,99,1
5324,User5324,,Non-Binary,Mobile,,Food,Mellow yellow,#F8DE7E,248,222,126,Angry,Winter,137,1
5878,User5878,,,Tablet,Bottom,Fashion,Pastel green,#77DD77,119,221,119,Calm,Summer,275,1
7438,User7438,53.0,,,Side,Fashion,Arsenic,#3B444B,59,68,75,Happy,Summer,205,1
9058,User9058,,Non-Binary,Desktop,Bottom,Home_Decor,Middle Red Purple,#210837,33,8,55,Calm,Summer,258,0
2266,User2266,38.0,Non-Binary,Mobile,Bottom,Home_Decor,Green (pigment),#00A550,0,165,80,Angry,Winter,187,0
4415,User4415,,Non-Binary,,Top,Tech,Raspberry,#E30B5D,227,11,92,Calm,Autumn,154,0
1850,User1850,38.0,,Desktop,Top,Tech,Tractor red,#FD0E35,253,14,53,Neutral,Spring,41,0
1931,User1931,,,Mobile,Bottom,Food,Very light malachite green,#64E986,100,233,134,Neutral,Monsoon,143,1
5523,User5523,,,,Top,Home_Decor,Powder blue,#B0E0E6,176,224,230,Neutral,Autumn,104,0
2733,User2733,,Non-Binary,Tablet,Bottom,Sports,Fuchsia,#FF00FF,255,0,255,Sad,Summer,240,1
5678,User5678,,,Desktop,Top,Tech,Mellow yellow,#F8DE7E,248,222,126,Neutral,Winter,88,0
5338,User5338,51.0,Male,,,Tech,Milk,#FDFFF5,253,255,245,Neutral,Winter,37,1
3955,User3955,63.0,Female,,Top,Home_Decor,Polished Pine,#5DA493,93,164,147,Sad,Monsoon,125,0
1340,User1340,40.0,,Tablet,,Home_Decor,Pineapple,#563C5C,86,60,13,Neutral,Spring,34,0
6743,User6743,,,Mobile,Side,Food,Winter Sky,#FF007C,255,0,124,Angry,Autumn,38,1
5909,User5909,45.0,,Tablet,Top,Home_Decor,Earth yellow,#E1A95F,225,169,95,Neutral,Autumn,137,1
8359,User8359,,,,Bottom,Fashion,Peach-yellow,#FADFAD,250,223,173,Neutral,Autumn,212,0
9021,User9021,50.0,,Tablet,Top,Sports,Cornell Red,#B31B1B,179,27,27,Sad,Spring,144,0
7828,User7828,29.0,,Tablet,,Fashion,Medium blue,#0000CD,0,0,205,Angry,Spring,80,1
7971,User7971,,Non-Binary,Tablet,Top,Fashion,French mauve,#D473D4,212,115,212,Calm,Spring,79,1
5329,User5329,54.0,Male,Tablet,Side,Fashion,Alabaster,#F2F0E6,242,240,230,Happy,Monsoon,62,1
2361,User2361,,,Desktop,Top,Tech,Orioles orange,#FB4F14,251,79,20,Angry,Winter,102,0
1253,User1253,36.0,,Desktop,Bottom,Fashion,Old burgundy,#43302E,67,48,46,Calm,Summer,129,1
4049,User4049,57.0,,,Top,Tech,Wheat,#F5DEB3,245,222,179,Angry,Spring,138,1
1033,User1033,,Female,Tablet,Bottom,Home_Decor,Wine,#722F37,114,47,55,Calm,Winter,230,0
6237,User6237,,Non-Binary,Mobile,Top,Sports,Patriarch,#800080,128,0,128,Calm,Spring,204,1
5085,User5085,,,Tablet,,Sports,Russet,#80461B,128,70,27,Angry,Summer,41,1
1104,User1104,47.0,,Desktop,Bottom,Fashion,Tangerine,#F28500,242,133,0,Sad,Spring,142,0
7498,User7498,,Male,Mobile,Side,Sports,Royal blue,#002366,0,35,102,Angry,Winter,212,1
7376,User7376,,Female,Mobile,Side,Tech,Desert,#C19A6B,193,154,107,Angry,Monsoon,198,1
9444,User9444,51.0,,Mobile,Side,Home_Decor,Sky magenta,#CF71AF,207,113,175,Calm,Summer,60,0
163,User163,,Male,Desktop,,Fashion,Brown Sugar,#AF6E4D,175,110,77,Happy,Winter,91,0
9967,User9967,,,Mobile,Side,Food,Chlorophyll green,#4AFF00,74,255,0,Calm,Autumn,99,1
928,User928,,Male,Desktop,,Sports,Waterspout,#A4F4F9,164,244,249,Neutral,Autumn,200,1
3109,User3109,,,Tablet,Side,Sports,Canary yellow,#FFEF00,255,239,0,Angry,Autumn,196,1
2715,User2715,,Male,Mobile,,Fashion,Pale silver,#C9C0BB,201,192,187,Angry,Monsoon,148,0
6771,User6771,,,Desktop,Side,Sports,Banana Mania,#FAE7B5,250,231,181,Sad,Spring,14,1
1178,User1178,,Male,Desktop,Bottom,Sports,Vivid cerise,#DA1D81,218,29,129,Calm,Spring,245,1
2387,User2387,,Non-Binary,Mobile,Top,Food,Outrageous Orange,#FF6E4A,255,110,74,Sad,Spring,153,1
6237,User6237,32.0,Non-Binary,Mobile,Top,Tech,Ochre,#CC7722,204,119,34,Angry,Monsoon,144,1
6315,User6315,,,,Top,Fashion,Maroon (Crayola),#C32148,195,33,72,Calm,Autumn,17,1
8415,User8415,64.0,,Desktop,,Fashion,Blue-gray,#6699CC,102,153,204,Calm,Spring,258,0
4976,User4976,,Female,Mobile,Bottom,Food,Star command blue,#007BB8,0,123,184,Neutral,Monsoon,85,1
8081,User8081,38.0,,Tablet,Bottom,Food,Guppie green,#00FF7F,0,255,127,Neutral,Monsoon,214,1
9892,User9892,,,Tablet,Side,Tech,Donkey brown,#664C28,102,76,40,Happy,Winter,224,1
412,User412,,Male,Tablet,Top,Home_Decor,Electric ultramarine,#3F00FF,63,0,255,Neutral,Spring,63,1
1634,User1634,,,Tablet,Bottom,Fashion,Orchid pink,#F2BDCD,242,189,205,Calm,Autumn,132,0
3042,User3042,,,Mobile,Side,Sports,Harlequin green,#46CB18,70,203,24,Neutral,Summer,266,1
3906,User3906,,Non-Binary,Tablet,Bottom,Tech,Ginger,#B06500,176,101,0,Happy,Monsoon,272,1
7699,User7699,45.0,Non-Binary,Tablet,Side,Fashion,Medium blue,#0000CD,0,0,205,Angry,Winter,33,0
5055,User5055,45.0,,Desktop,Top,Tech,Mulberry,#C54B8C,197,75,140,Neutral,Summer,286,1
7471,User7471,,Female,Mobile,Bottom,Home_Decor,Sandy brown,#F4A460,244,164,96,Calm,Monsoon,72,1
5881,User5881,26.0,Non-Binary,Tablet,Top,Fashion,Roast coffee,#704241,112,66,65,Angry,Winter,211,1
6251,User6251,44.0,Non-Binary,Mobile,,Sports,Magic Potion,#FF4466,255,68,102,Calm,Spring,276,1
9676,User9676,21.0,,Mobile,Top,Fashion,Medium jungle green,#1C352D,28,53,45,Angry,Winter,179,1
1679,User1679,56.0,,Mobile,Top,Tech,Bittersweet,#FE6F5E,254,111,94,Calm,Monsoon,222,0
5514,User5514,31.0,,Desktop,Side,Home_Decor,Tractor red,#FD0E35,253,14,53,Neutral,Spring,164,1
188,User188,56.0,Female,,Bottom,Tech,Spanish crimson,#E51A4C,229,26,76,Neutral,Autumn,248,1
9311,User9311,,Non-Binary,Desktop,Side,Tech,Solid pink,#893843,137,56,67,Happy,Winter,257,1
3674,User3674,,Non-Binary,Tablet,,Food,French violet,#8806CE,136,6,206,Angry,Summer,193,0
2239,User2239,25.0,Female,Tablet,Bottom,Tech,Absolute zero,#0048BA,0,72,186,Happy,Spring,265,1
3144,User3144,24.0,,,Side,Home_Decor,Awesome,#FF2052,255,32,82,Sad,Spring,134,1
7511,User7511,31.0,Female,Desktop,Side,Sports,Mango Tango,#FF8243,255,130,67,Neutral,Autumn,7,1
3014,User3014,,,Mobile,Top,Food,Medium Persian blue,#0067A5,0,103,165,Angry,Winter,47,1
8333,User8333,,Female,Mobile,,Tech,French lime,#9EFD38,158,253,56,Happy,Summer,137,0
4527,User4527,52.0,Male,Mobile,,Fashion,Peach-orange,#FFCC99,255,204,153,Happy,Autumn,182,0
4359,User4359,36.0,Non-Binary,Desktop,Side,Food,Granite Gray,#676767,103,103,103,Sad,Winter,270,0
9344,User9344,50.0,,Mobile,,Home_Decor,Ao (English),#008000,0,128,0,Happy,Summer,28,0
4945,User4945,31.0,Male,Tablet,,Fashion,Blond,#FAF0BE,250,240,190,Calm,Summer,26,1
6627,User6627,,,Desktop,Bottom,Home_Decor,Smoke,#738276,115,130,118,Neutral,Monsoon,7,1
3704,User3704,46.0,,Desktop,Top,Fashion,Burgundy,#800020,128,0,32,Happy,Summer,162,0
5531,User5531,34.0,Male,Desktop,,Sports,Coral,#FF7F50,255,127,80,Happy,Winter,8,1
1762,User1762,41.0,,Desktop,Side,Home_Decor,Magenta haze,#9F4576,159,69,118,Sad,Autumn,111,1
1945,User1945,20.0,Female,Tablet,Side,Fashion,Fluorescent orange,#FFBF00,255,191,0,Calm,Autumn,276,1
9136,User9136,,Non-Binary,,Side,Home_Decor,Bone,#E3DAC9,227,218,201,Happy,Monsoon,236,1
8252,User8252,,Male,Tablet,Side,Food,Mulberry,#C54B8C,197,75,140,Neutral,Winter,242,1
3109,User3109,,,,Side,Home_Decor,Cyan,#00FFFF,0,255,255,Neutral,Summer,76,1
7349,User7349,47.0,Female,Tablet,Side,Home_Decor,Sienna,#882D17,136,45,23,Happy,Monsoon,92,0
3118,User3118,,Male,,Top,Fashion,Cobalt Blue,#0047AB,0,71,171,Calm,Spring,20,1
9290,User9290,,,Desktop,,Home_Decor,Dutch white,#EFDFBB,239,223,187,Neutral,Winter,95,1
7828,User7828,29.0,,Tablet,Bottom,Sports,Rich brilliant lavender,#F1A7FE,241,167,254,Neutral,Monsoon,24,1
2581,User2581,,Female,,Bottom,Tech,Mode beige,#967117,150,113,23,Calm,Autumn,216,1
1734,User1734,50.0,,Mobile,Side,Food,Electric indigo,#6F00FF,111,0,255,Calm,Monsoon,88,0
1101,User1101,,,Mobile,Bottom,Fashion,Light deep pink,#FF5CCD,255,92,205,Happy,Spring,130,0
5363,User5363,,,Desktop,Top,Home_Decor,Mountain Meadow,#30BA8F,48,186,143,Angry,Winter,55,0
3352,User3352,,Female,Desktop,Side,Home_Decor,Pistachio,#93C572,147,197,114,Sad,Monsoon,22,1
4102,User4102,54.0,,,Top,Home_Decor,Violet (RYB),#8601AF,134,1,175,Angry,Summer,121,0
1126,User1126,31.0,,,Side,Food,Vivid red-tangelo,#DF6124,223,97,36,Angry,Winter,128,1
4044,User4044,41.0,,Mobile,Top,Tech,Pale silver,#C9C0BB,201,192,187,Neutral,Monsoon,32,0
5918,User5918,48.0,,Mobile,Bottom,Sports,Key Lime,#E8F48C,232,244,140,Calm,Monsoon,145,0
1079,User1079,46.0,,Desktop,Side,Sports,B'dazzled blue,#2E5894,46,88,148,Neutral,Winter,10,0
3561,User3561,37.0,,Desktop,Side,Fashion,Flax,#EEDC82,238,220,130,Sad,Autumn,161,1
9550,User9550,58.0,Non-Binary,Desktop,Top,Tech,Blue Bell,#A2A2D0,162,162,208,Happy,Summer,110,1
270,User270,40.0,Non-Binary,Desktop,Side,Tech,Moonstone blue,#73A9C2,115,169,194,Sad,Winter,123,0
9878,User9878,,Female,Desktop,Top,Food,Middle Blue Green,#8DD9CC,141,217,204,Neutral,Summer,141,0
6602,User6602,,Female,Desktop,Side,Home_Decor,Old silver,#848482,132,132,130,Neutral,Summer,33,1
9842,User9842,43.0,Non-Binary,,Top,Tech,Blue (Munsell),#0093AF,0,147,175,Neutral,Winter,170,1
277,User277,59.0,Male,Desktop,Top,Home_Decor,Old burgundy,#43302E,67,48,46,Neutral,Monsoon,69,1
5640,User5640,,Male,Mobile,Top,Food,Palm Leaf,#6F9940,130,142,132,Angry,Autumn,60,0
9090,User9090,41.0,Male,Desktop,Side,Fashion,Flax,#EEDC82,238,220,130,Happy,Summer,290,1
9146,User9146,58.0,,Desktop,Top,Fashion,French fuchsia,#FD3F92,253,63,146,Angry,Summer,100,1
9522,User9522,,,Tablet,Bottom,Home_Decor,Coquelicot,#FF3800,255,56,0,Neutral,Monsoon,219,0
3938,User3938,,Male,,Bottom,Home_Decor,Cadmium orange,#ED872D,237,135,45,Calm,Winter,235,1
6387,User6387,,,Desktop,Side,Tech,Registration black,#000000,0,0,0,Angry,Autumn,62,0
507,User507,,,,Side,Food,Royal yellow,#FADA5E,250,218,94,Neutral,Summer,188,0
7878,User7878,60.0,,Tablet,Side,Fashion,Inchworm,#B2EC5D,178,236,93,Neutral,Summer,286,1
6708,User6708,,,Desktop,Top,Tech,Mint green,#98FF98,152,255,152,Happy,Winter,275,1
3345,User3345,39.0,Male,,Side,Sports,Straw,#E4D96F,228,217,111,Sad,Monsoon,213,1
4858,User4858,26.0,,Tablet,Side,Tech,Bitter lemon,#CAE00D,202,224,13,Angry,Spring,167,0
9888,User9888,49.0,Male,Mobile,Top,Home_Decor,Bright turquoise,#08E8DE,8,232,222,Angry,Monsoon,93,1
58,User58,,Female,Mobile,Top,Sports,Ogre Odor,#FD5240,253,82,64,Angry,Summer,275,1
6683,User6683,,Female,,Side,Tech,Peru,#CD853F,205,133,63,Neutral,Summer,101,1
4361,User4361,29.0,Male,Tablet,Side,Food,Brilliant rose,#FF55A3,255,85,163,Happy,Autumn,79,1
9418,User9418,20.0,,Tablet,Side,Fashion,Carmine,#960018,150,0,24,Neutral,Monsoon,92,1
2693,User2693,64.0,Male,Desktop,Side,Sports,Neon green,#39FF14,57,255,20,Neutral,Spring,10,0
9642,User9642,,Non-Binary,Mobile,,Food,Registration black,#000000,0,0,0,Calm,Autumn,160,1
9265,User9265,,,,Side,Tech,Battleship grey,#848482,132,132,130,Happy,Spring,67,0
4021,User4021,38.0,,Mobile,Side,Home_Decor,Indian yellow,#E3A857,227,168,87,Angry,Autumn,33,1
2096,User2096,48.0,Non-Binary,Desktop,Top,Home_Decor,Azure,#007FFF,0,127,255,Sad,Monsoon,195,1
3990,User3990,28.0,,Tablet,Side,Food,Cerulean blue,#2A52BE,42,82,190,Angry,Summer,208,1
9418,User9418,20.0,Male,Tablet,Side,Home_Decor,Bright cerulean,#1DACD6,29,172,214,Neutral,Spring,282,1
4509,User4509,29.0,,Desktop,Bottom,Fashion,Arylide yellow,#E9D66B,233,214,107,Happy,Monsoon,31,1
5471,User5471,,,Desktop,Side,Food,Blue-violet,#8A2BE2,138,43,226,Happy,Spring,89,0
8326,User8326,,Female,Desktop,Bottom,Food,Misty rose,#FFE4E1,255,228,225,Happy,Monsoon,214,1
4957,User4957,58.0,Male,Desktop,Bottom,Home_Decor,Upsdell red,#AE2029,174,32,41,Calm,Autumn,142,1
4621,User4621,20.0,,Desktop,Top,Food,Pale magenta-pink,#FF99CC,255,153,204,Angry,Monsoon,282,1
8883,User8883,,Female,Mobile,Bottom,Tech,Blond,#FAF0BE,250,240,190,Calm,Autumn,176,1
7476,User7476,52.0,,Tablet,Bottom,Sports,Peru,#CD853F,205,133,63,Sad,Summer,160,0
6854,User6854,32.0,Male,Mobile,Bottom,Sports,Deep puce,#A95C68,169,92,104,Neutral,Autumn,233,1
9736,User9736,46.0,,Desktop,Bottom,Home_Decor,Peru,#CD853F,205,133,63,Calm,Winter,183,1
1549,User1549,56.0,,Desktop,Top,Fashion,Dark brown,#654321,101,67,33,Calm,Summer,251,1
5906,User5906,,Female,,,Fashion,Verdigris,#43B3AE,67,179,174,Neutral,Monsoon,166,0
5418,User5418,,Male,Mobile,Top,Home_Decor,Verdigris,#43B3AE,67,179,174,Happy,Monsoon,167,1
5942,User5942,,,,,Home_Decor,Macaroni and Cheese,#FFBD88,255,189,136,Neutral,Winter,222,1
3328,User3328,,,Desktop,Top,Food,Bleu de France,#318CE7,49,140,231,Angry,Monsoon,290,0
3352,User3352,,Female,Desktop,,Fashion,Magenta (Pantone),#D0417E,208,65,126,Neutral,Summer,80,1
9499,User9499,,Female,Mobile,Bottom,Sports,Baker-Miller pink,#FF91AF,255,145,175,Happy,Summer,208,1
9912,User9912,20.0,,Mobile,,Home_Decor,Light moss green,#ADDFAD,173,223,173,Neutral,Autumn,220,0
453,User453,,Female,Tablet,Top,Sports,Shiny Shamrock,#5FA778,95,167,120,Calm,Spring,227,1
5514,User5514,31.0,,Desktop,,Sports,Russet,#80461B,128,70,27,Sad,Monsoon,197,1
1856,User1856,,Non-Binary,Tablet,Bottom,Fashion,Lavender rose,#FBA0E3,251,160,227,Calm,Winter,297,0
2032,User2032,36.0,,Desktop,Bottom,Sports,Malachite,#0BDA51,11,218,81,Sad,Summer,196,1
7390,User7390,,Non-Binary,Desktop,,Food,Iceberg,#71A6D2,113,166,210,Neutral,Summer,273,0
5891,User5891,24.0,Non-Binary,Tablet,Top,Food,Pale cerulean,#9BC4E2,155,196,226,Angry,Summer,264,0
3763,User3763,23.0,,Desktop,Bottom,Fashion,Light taupe,#B38B6D,179,139,109,Neutral,Spring,196,0
4907,User4907,,,,Side,Food,Citron,#9FA91F,158,169,31,Happy,Spring,275,0
9220,User9220,21.0,Female,Mobile,Side,Home_Decor,Heliotrope,#DF73FF,223,115,255,Neutral,Monsoon,108,1
3060,User3060,,,Tablet,Bottom,Fashion,Deep coffee,#704241,112,66,65,Sad,Winter,208,1
4889,User4889,,,Tablet,Bottom,Sports,Shadow blue,#778BA5,119,139,165,Calm,Spring,188,1
375,User375,26.0,Non-Binary,Mobile,Top,Home_Decor,Indian yellow,#E3A857,227,168,87,Angry,Autumn,221,1
2124,User2124,,Male,Desktop,,Fashion,Solid pink,#893843,137,56,67,Neutral,Spring,95,1
8555,User8555,53.0,Female,,Top,Sports,Smokey Topaz,#832A0D,131,42,34,Neutral,Summer,202,0
9400,User9400,,Non-Binary,,Side,Sports,Ocean Green,#48BF91,72,191,145,Calm,Winter,43,1
7973,User7973,28.0,Female,Mobile,Bottom,Sports,Coquelicot,#FF3800,255,56,0,Angry,Monsoon,201,1
8226,User8226,,Male,Tablet,Top,Sports,Auburn,#A52A2A,165,42,42,Neutral,Spring,83,1
2973,User2973,27.0,,,Bottom,Sports,Tango pink,#E4717A,228,113,122,Neutral,Summer,221,1
7750,User7750,46.0,,Mobile,Side,Fashion,Charm pink,#E68FAC,230,143,172,Sad,Autumn,98,1
6657,User6657,22.0,,Desktop,Bottom,Food,Coffee,#6F4E37,111,78,55,Sad,Autumn,176,1
1171,User1171,,Female,Mobile,Bottom,Sports,Silver chalice,#ACACAC,172,172,172,Happy,Monsoon,47,1
4108,User4108,36.0,,Tablet,Top,Home_Decor,Deep jungle green,#004B49,0,75,73,Calm,Monsoon,136,1
6637,User6637,27.0,Non-Binary,Mobile,,Fashion,Blue Jeans,#5DADEC,93,173,236,Angry,Spring,81,0
1296,User1296,,,Tablet,,Tech,Pakistan green,#006600,0,102,0,Neutral,Monsoon,236,1
4021,User4021,38.0,,,,Food,Aureolin,#FDEE00,253,238,0,Neutral,Summer,43,1
1447,User1447,,Female,Tablet,Side,Home_Decor,Davy's grey,#555555,85,85,85,Happy,Summer,58,0
6167,User6167,,Male,Mobile,Side,Sports,Sangria,#92000A,146,0,10,Neutral,Summer,155,1
8226,User8226,,Male,Tablet,Top,Fashion,Old moss green,#867E36,134,126,54,Calm,Spring,192,1
7878,User7878,60.0,,Tablet,Side,Fashion,Wood brown,#C19A6B,193,154,107,Happy,Spring,190,1
9066,User9066,36.0,,,,Sports,Air superiority blue,#72A0C1,114,160,193,Calm,Monsoon,139,0
4539,User4539,54.0,,Mobile,Bottom,Home_Decor,Light French beige,#C8AD7F,200,173,127,Happy,Spring,177,1
6258,User6258,,Non-Binary,,Top,Fashion,Winter Sky,#FF007C,255,0,124,Neutral,Summer,273,1
8149,User8149,42.0,Non-Binary,Mobile,Side,Food,Medium red-violet,#BB3385,187,51,133,Happy,Winter,119,0
7685,User7685,,,Tablet,,Home_Decor,Dark magenta,#8B008B,139,0,139,Sad,Summer,225,0
3430,User3430,61.0,Male,Desktop,Side,Sports,Light salmon,#FFA07A,255,160,122,Angry,Winter,43,1
5738,User5738,54.0,,Desktop,Bottom,Home_Decor,Azureish white,#DBE9F4,219,233,244,Neutral,Monsoon,246,0
5,User5,,,Mobile,,Home_Decor,Medium taupe,#674C47,103,76,71,Angry,Autumn,225,0
7507,User7507,,,Tablet,Top,Tech,Heliotrope magenta,#AA00BB,170,0,187,Neutral,Spring,150,1
5566,User5566,,Non-Binary,Mobile,Bottom,Sports,Giant's Club,#B05C52,176,92,82,Angry,Spring,168,1
315,User315,,Non-Binary,,Side,Food,Anti-flash white,#F2F3F4,242,243,244,Sad,Summer,263,1
1369,User1369,,,Desktop,Bottom,Sports,Bisque,#FFE4C4,255,228,196,Angry,Summer,194,1
3060,User3060,,Male,Tablet,Bottom,Tech,Vivid burgundy,#9F1D35,159,29,53,Happy,Winter,268,1
3333,User3333,30.0,,Tablet,Top,Sports,Deep Space Sparkle,#4A646C,74,100,108,Angry,Spring,226,1
6654,User6654,33.0,,Desktop,Top,Sports,Maastricht Blue,#001C3D,0,28,61,Neutral,Monsoon,178,1
6785,User6785,,Non-Binary,Tablet,Side,Food,Heliotrope magenta,#AA00BB,170,0,187,Calm,Summer,96,0
1041,User1041,37.0,,Mobile,Side,Tech,Maximum Green Yellow,#D9E650,217,230,80,Angry,Spring,110,1
1483,User1483,54.0,Non-Binary,Tablet,Bottom,Sports,Peach-yellow,#FADFAD,250,223,173,Angry,Autumn,249,0
647,User647,53.0,Non-Binary,Desktop,Side,Sports,Russian violet,#32174D,50,23,77,Angry,Winter,47,0
9966,User9966,,,Mobile,Top,Fashion,Ruddy pink,#E18E96,225,142,150,Neutral,Summer,262,1
2485,User2485,57.0,,Mobile,Bottom,Sports,Pistachio,#93C572,147,197,114,Angry,Summer,90,1
4429,User4429,34.0,,Mobile,Top,Food,Midnight green (eagle green),#004953,0,73,83,Neutral,Monsoon,101,1
4938,User4938,,Male,Desktop,Side,Fashion,Deep saffron,#FF9933,255,153,51,Neutral,Summer,270,1
8208,User8208,,Female,Tablet,Top,Tech,Zomp,#39A78E,57,167,142,Calm,Spring,67,1
9617,User9617,63.0,,Tablet,Side,Home_Decor,Old silver,#848482,132,132,130,Happy,Spring,107,1
6129,User6129,36.0,,Tablet,Bottom,Food,Middle Blue Purple,#8B72BE,139,114,190,Neutral,Spring,258,1
3336,User3336,,Non-Binary,,Bottom,Tech,Saffron,#F4C430,244,196,48,Sad,Autumn,5,1
9789,User9789,,,Tablet,Side,Fashion,Vanilla ice,#F38FA9,243,143,169,Angry,Autumn,158,1
4429,User4429,34.0,,Mobile,Top,Home_Decor,Golden poppy,#FCC200,252,194,0,Sad,Summer,265,1
9888,User9888,,Male,Mobile,Top,Tech,Anti-flash white,#F2F3F4,242,243,244,Angry,Autumn,39,1
1549,User1549,,,Desktop,Top,Food,Medium jungle green,#1C352D,28,53,45,Calm,Autumn,31,1
9807,User9807,35.0,Non-Binary,Tablet,Bottom,Fashion,Sea green,#2E8B57,46,139,87,Neutral,Monsoon,228,1
2934,User2934,26.0,Non-Binary,Desktop,Top,Food,Zinnwaldite brown,#2C1608,44,22,8,Happy,Autumn,191,1
2086,User2086,51.0,,Mobile,Side,Food,Vivid tangelo,#F07427,240,116,39,Neutral,Winter,163,0
4742,User4742,31.0,Male,Desktop,,Fashion,Black bean,#3D0C02,61,12,2,Angry,Winter,73,1
1136,User1136,,,Mobile,,Sports,Bright cerulean,#1DACD6,29,172,214,Happy,Winter,169,1
8392,User8392,38.0,Male,Mobile,Side,Food,Opera mauve,#B784A7,183,132,167,Neutral,Summer,262,0
5647,User5647,46.0,Female,Tablet,Side,Fashion,Illuminating Emerald,#319177,49,145,119,Happy,Spring,106,1
1975,User1975,30.0,Female,Mobile,Top,Food,Brown-nose,#6B4423,107,68,35,Angry,Monsoon,197,1
1370,User1370,,,Desktop,Bottom,Sports,Viridian green,#009698,0,150,152,Calm,Summer,263,1
6094,User6094,,Non-Binary,,Top,Fashion,American rose,#FF033E,255,3,62,Calm,Spring,25,1
4029,User4029,21.0,Female,Desktop,Side,Tech,Barn red,#7C0A02,124,10,2,Neutral,Monsoon,49,1
403,User403,,Non-Binary,Tablet,Top,Tech,Citron,#9FA91F,158,169,31,Sad,Monsoon,280,0
2876,User2876,23.0,Non-Binary,Tablet,Top,Tech,Blue-magenta violet,#553592,85,53,146,Angry,Monsoon,175,1
6479,User6479,,Male,Tablet,Side,Home_Decor,Trolley Grey,#808080,128,128,128,Neutral,Winter,182,1
5894,User5894,57.0,Male,Desktop,Side,Food,Blue-violet,#8A2BE2,138,43,226,Neutral,Winter,227,0
9617,User9617,63.0,,Tablet,,Food,Cinereous,#98817B,152,129,123,Calm,Winter,28,1
1650,User1650,29.0,,Desktop,Bottom,Fashion,Blue-violet,#8A2BE2,138,43,226,Happy,Monsoon,88,1
2946,User2946,37.0,Female,,,Home_Decor,Ao (English),#008000,0,128,0,Angry,Monsoon,64,1
3336,User3336,,Non-Binary,,Bottom,Food,Light cyan,#E0FFFF,224,255,255,Happy,Winter,292,1
5531,User5531,34.0,Male,,,Fashion,Midnight,#702670,112,38,112,Angry,Monsoon,126,1
739,User739,,Female,Mobile,Side,Sports,Lavender (web),#E6E6FA,230,230,250,Sad,Winter,9,0
7647,User7647,,Male,Desktop,Top,Food,Fern green,#4F7942,79,121,66,Calm,Winter,158,1
2062,User2062,,,Desktop,Top,Food,Licorice,#1A1110,26,17,16,Sad,Winter,285,0
6966,User6966,39.0,Non-Binary,Tablet,Side,Sports,Mauve,#E0B0FF,224,176,255,Neutral,Spring,90,0
3183,User3183,,Non-Binary,Tablet,,Sports,Dark powder blue,#003399,0,51,153,Calm,Monsoon,79,0
2529,User2529,,Female,Desktop,,Food,Patriarch,#800080,128,0,128,Neutral,Summer,271,1
5191,User5191,,Male,,Bottom,Sports,Liver chestnut,#987456,152,116,86,Sad,Winter,195,0
5323,User5323,63.0,,Tablet,Bottom,Fashion,Daffodil,#FFFF31,255,255,49,Angry,Summer,256,0
5826,User5826,,,Desktop,,Food,Light deep pink,#FF5CCD,255,92,205,Neutral,Spring,72,0
6153,User6153,30.0,,Mobile,Side,Food,Hansa yellow,#E9D66B,233,214,107,Happy,Monsoon,150,1
9260,User9260,37.0,Female,Desktop,Top,Tech,Pale gold,#E6BE8A,230,190,138,Angry,Winter,126,0
389,User389,,Non-Binary,Tablet,Top,Food,Deep jungle green,#004B49,0,75,73,Angry,Winter,46,1
9642,User9642,,,Mobile,Bottom,Tech,Orchid pink,#F2BDCD,242,189,205,Sad,Winter,154,1
1632,User1632,,Female,Mobile,Side,Sports,Tickle Me Pink,#FC89AC,252,137,172,Sad,Summer,66,0
5531,User5531,34.0,Male,,Top,Sports,Mint green,#98FF98,152,255,152,Calm,Spring,259,1
7507,User7507,,,,Top,Fashion,Persimmon,#EC5800,236,88,0,Calm,Monsoon,135,1
3154,User3154,,Female,Mobile,Top,Tech,Cool grey,#8C92AC,140,146,172,Happy,Spring,24,0
1945,User1945,20.0,Female,Tablet,Side,Food,Independence,#4C516D,76,81,109,Angry,Winter,203,1
3675,User3675,36.0,,Tablet,,Tech,Sea Serpent,#4BC7CF,75,199,207,Happy,Spring,225,0
5198,User5198,47.0,Male,Desktop,Bottom,Sports,Cinnabar,#E34234,227,66,52,Happy,Summer,135,1
429,User429,,Female,Desktop,Bottom,Sports,Indigo dye,#091F92,9,31,146,Sad,Autumn,175,0
9660,User9660,,Male,Desktop,Top,Fashion,Pixie Powder,#391285,57,18,133,Happy,Autumn,149,1
7313,User7313,,Non-Binary,Mobile,,Sports,Vivid mulberry,#B80CE3,184,12,227,Happy,Monsoon,185,1
9845,User9845,59.0,,Mobile,Top,Tech,Air Force blue (RAF),#5D8AA8,93,138,168,Neutral,Monsoon,165,0
911,User911,32.0,Non-Binary,,Top,Food,Gainsboro,#DCDCDC,220,220,220,Calm,Spring,64,1
7013,User7013,,,Tablet,Top,Food,B'dazzled blue,#2E5894,46,88,148,Calm,Monsoon,219,0
8684,User8684,,Non-Binary,Tablet,Top,Tech,Aero blue,#C9FFE5,201,255,229,Angry,Summer,72,1
1386,User1386,,,,Top,Fashion,Light Thulian pink,#E68FAC,230,143,172,Calm,Winter,196,0
3335,User3335,24.0,Male,Mobile,Top,Food,Bone,#E3DAC9,227,218,201,Angry,Winter,229,1
9397,User9397,19.0,,Tablet,Top,Tech,Peach-orange,#FFCC99,255,204,153,Neutral,Spring,201,1
9136,User9136,,Non-Binary,Desktop,Side,Tech,Green-blue,#1164B4,17,100,180,Calm,Winter,165,1
4548,User4548,,Male,Desktop,Side,Sports,Purple Plum,#9C51B6,156,81,182,Neutral,Spring,253,1
1278,User1278,,,Tablet,,Sports,Jungle green,#29AB87,41,171,135,Calm,Monsoon,115,0
6657,User6657,22.0,,,Bottom,Fashion,Catawba,#703642,112,54,66,Calm,Monsoon,63,1
7376,User7376,,Female,Mobile,Side,Fashion,Pale magenta,#F984E5,249,132,229,Neutral,Summer,37,1
2676,User2676,,Female,Tablet,Side,Fashion,Medium lavender magenta,#DDA0DD,221,160,221,Happy,Winter,45,0
5569,User5569,,,Mobile,Bottom,Tech,Sangria,#92000A,146,0,10,Happy,Summer,165,1
1710,User1710,37.0,,Tablet,Side,Tech,Camel,#C19A6B,193,154,107,Happy,Autumn,33,1
5198,User5198,,Male,Desktop,Bottom,Sports,Dark slate gray,#2F4F4F,47,79,79,Happy,Summer,259,1
6256,User6256,,Male,Tablet,Top,Food,Tangelo,#F94D00,249,77,0,Calm,Spring,189,0
9640,User9640,,,Desktop,Side,Fashion,Pale brown,#987654,152,118,84,Sad,Spring,228,0
7321,User7321,,,Tablet,Side,Home_Decor,Medium spring bud,#C9DC87,201,220,135,Neutral,Summer,225,0
6131,User6131,43.0,Male,Tablet,Top,Fashion,Chocolate (traditional),#7B3F00,123,63,0,Sad,Monsoon,90,0
2125,User2125,,Female,Tablet,Top,Sports,Hot pink,#FF69B4,255,105,180,Sad,Autumn,70,1
5346,User5346,30.0,,Tablet,Top,Tech,Blueberry,#4F86F7,79,134,247,Angry,Summer,118,1
4707,User4707,,Non-Binary,Desktop,Top,Sports,British racing green,#004225,0,66,37,Happy,Monsoon,269,1
2142,User2142,34.0,Non-Binary,Desktop,,Sports,Islamic green,#009000,0,144,0,Calm,Summer,289,1
382,User382,18.0,,Desktop,,Sports,Absolute zero,#0048BA,0,72,186,Happy,Winter,101,0
234,User234,,,Tablet,Bottom,Home_Decor,Black Shadows,#BFAFB2,191,175,178,Happy,Spring,128,1
9397,User9397,19.0,,Tablet,Top,Home_Decor,Lincoln green,#195905,25,89,5,Sad,Winter,160,1
6452,User6452,34.0,,,,Fashion,Dark salmon,#E9967A,233,150,122,Angry,Winter,114,0
5100,User5100,42.0,,Mobile,Side,Tech,Brink pink,#FB607F,251,96,127,Happy,Autumn,57,1
1141,User1141,37.0,Male,,Bottom,Sports,Pale green,#98FB98,152,251,152,Neutral,Monsoon,178,1
5832,User5832,,Non-Binary,Desktop,Side,Food,Cosmic Cobalt,#2E2D88,46,45,136,Neutral,Spring,171,1
8241,User8241,,,Tablet,Side,Fashion,Phlox,#DF00FF,223,0,255,Happy,Winter,80,0
3164,User3164,,Female,Desktop,Bottom,Fashion,Maroon (HTML/CSS),#800000,128,0,0,Sad,Spring,218,1
7905,User7905,37.0,,Tablet,,Sports,Alabaster,#F2F0E6,242,240,230,Sad,Monsoon,186,0
6296,User6296,29.0,,Desktop,Bottom,Fashion,Coyote brown,#81613C,129,97,60,Calm,Summer,49,1
7962,User7962,58.0,,Tablet,Top,Sports,Cambridge Blue,#A3C1AD,163,193,173,Angry,Winter,155,1
8411,User8411,,Male,Tablet,Bottom,Fashion,Persian rose,#FE28A2,254,40,162,Sad,Monsoon,121,0
8253,User8253,57.0,Non-Binary,Desktop,Bottom,Tech,Alizarin crimson,#E32636,227,38,54,Calm,Spring,126,1
277,User277,,Male,Desktop,Top,Fashion,Ube,#8878C3,136,120,195,Neutral,Monsoon,174,1
9419,User9419,64.0,,Mobile,,Fashion,Dark scarlet,#560319,86,3,25,Neutral,Summer,170,1
9057,User9057,38.0,,Desktop,Side,Food,Dark tangerine,#FFA812,255,168,18,Neutral,Monsoon,153,1
8426,User8426,21.0,Male,Mobile,Side,Tech,Neon green,#39FF14,57,255,20,Happy,Spring,78,0
6438,User6438,53.0,Non-Binary,Tablet,Top,Tech,Nadeshiko pink,#F6ADC6,246,173,198,Angry,Winter,153,1
7229,User7229,43.0,Non-Binary,Mobile,Top,Tech,Pink (Pantone),#D74894,215,72,148,Calm,Winter,29,1
1377,User1377,,Male,Tablet,Bottom,Fashion,Spiro Disco Ball,#0FC0FC,15,192,252,Angry,Autumn,65,0
1041,User1041,37.0,,,Side,Home_Decor,Dark raspberry,#872657,135,38,87,Happy,Spring,58,1
9333,User9333,,Female,Tablet,Top,Fashion,Cobalt Blue,#0047AB,0,71,171,Calm,Autumn,227,0
7962,User7962,58.0,,Tablet,Top,Sports,Dark violet,#9400D3,148,0,211,Calm,Autumn,223,1
5425,User5425,,Non-Binary,Mobile,,Food,Desire,#EA3C53,234,60,83,Sad,Summer,174,1
2337,User2337,40.0,Male,Desktop,Top,Tech,Tickle Me Pink,#FC89AC,252,137,172,Angry,Spring,193,1
1446,User1446,,,Desktop,Bottom,Sports,La Salle Green,#087830,8,120,48,Angry,Winter,36,1
5860,User5860,,Female,Desktop,Bottom,Sports,Halayà úbe,#663854,102,55,84,Sad,Spring,57,1
2805,User2805,,,Tablet,Bottom,Home_Decor,Pink Sherbet,#F78FA7,247,143,167,Neutral,Summer,143,0
111,User111,31.0,,Mobile,Top,Tech,Pastel purple,#B39EB5,179,158,181,Happy,Spring,51,0
7815,User7815,,Non-Binary,Desktop,Bottom,Fashion,Vivid red-tangelo,#DF6124,223,97,36,Angry,Spring,94,0
9599,User9599,,,,Side,Tech,Cyan-blue azure,#4682BF,70,130,191,Sad,Autumn,40,0
6980,User6980,62.0,,,,Food,Old burgundy,#43302E,67,48,46,Calm,Spring,229,1
5055,User5055,45.0,Male,Desktop,Top,Tech,Medium spring green,#00FA9A,0,250,154,Sad,Autumn,46,1
7750,User7750,46.0,,Mobile,Side,Sports,Tyrian purple,#66023C,102,2,60,Neutral,Autumn,232,1
7196,User7196,20.0,Female,Tablet,Side,Sports,African violet,#B284BE,178,132,190,Happy,Monsoon,273,0
7450,User7450,,,Desktop,Side,Fashion,Pale red-violet,#DB7093,219,112,147,Neutral,Summer,190,1
7971,User7971,,Non-Binary,Tablet,,Fashion,Bisque,#FFE4C4,255,228,196,Calm,Autumn,239,1
444,User444,53.0,Non-Binary,Desktop,,Fashion,Jungle green,#29AB87,41,171,135,Calm,Spring,126,0
8345,User8345,60.0,Male,Desktop,Top,Food,Bright pink,#FF007F,255,0,127,Calm,Autumn,121,0
2431,User2431,,,Desktop,Top,Tech,Lavender mist,#E6E6FA,230,230,250,Calm,Autumn,43,1
4215,User4215,46.0,Non-Binary,Desktop,Top,Home_Decor,Seashell,#FFF5EE,255,245,238,Sad,Autumn,166,0
6462,User6462,36.0,,Tablet,Side,Tech,Black olive,#3B3C36,59,60,54,Calm,Winter,113,1
928,User928,,Male,,Side,Fashion,Electric lavender,#F4BBFF,244,187,255,Calm,Winter,18,1
3336,User3336,26.0,Non-Binary,Desktop,Bottom,Food,Dark imperial blue,#00147E,0,20,126,Sad,Winter,170,1
1171,User1171,,Female,Mobile,Bottom,Tech,Light blue,#ADD8E6,173,216,230,Calm,Winter,116,1
1216,User1216,55.0,,Mobile,,Sports,Old heliotrope,#563C5C,86,60,92,Neutral,Monsoon,238,0
966,User966,54.0,,Desktop,Bottom,Tech,Fawn,#E5AA70,229,170,112,Neutral,Autumn,206,1
5329,User5329,54.0,Male,Tablet,Side,Sports,Sandy brown,#F4A460,244,164,96,Angry,Monsoon,143,1
5574,User5574,52.0,Female,Desktop,,Tech,Kelly green,#4CBB17,76,187,23,Neutral,Spring,271,1
6075,User6075,32.0,,Desktop,Side,Tech,Brown (traditional),#964B00,150,75,0,Happy,Summer,276,1
8096,User8096,49.0,,Tablet,Side,Tech,Rich lavender,#A76BCF,167,107,207,Happy,Monsoon,170,0
5029,User5029,25.0,Female,Mobile,Top,Fashion,Lust,#E62020,230,32,32,Happy,Winter,173,0
188,User188,56.0,Female,,Bottom,Sports,Brown-nose,#6B4423,107,68,35,Sad,Winter,261,1
3291,User3291,,,Mobile,Bottom,Food,Vivid orange peel,#FFA000,255,160,0,Neutral,Spring,128,0
3042,User3042,,,Mobile,Side,Home_Decor,Rose pink,#FF66CC,255,102,204,Happy,Autumn,42,1
8459,User8459,,Non-Binary,Tablet,Bottom,Sports,Green (RYB),#66B032,102,176,50,Angry,Summer,253,1
7248,User7248,,Non-Binary,Mobile,Top,Fashion,Orange-yellow,#F8D568,248,213,104,Sad,Monsoon,241,1
670,User670,22.0,,Desktop,,Sports,Blue Bolt,#00B9FB,0,185,251,Angry,Autumn,102,1
5832,User5832,28.0,,Desktop,Side,Food,Sea green,#2E8B57,46,139,87,Neutral,Autumn,64,1
8226,User8226,,Male,Tablet,Top,Sports,Celadon blue,#007BA7,0,123,167,Calm,Monsoon,23,1
2934,User2934,26.0,Non-Binary,Desktop,Top,Fashion,Khaki (HTML/CSS) (Khaki),#C3B091,195,176,145,Angry,Monsoon,128,1
8716,User8716,,,Mobile,Bottom,Fashion,Ebony,#555D50,85,93,80,Calm,Monsoon,230,0
8459,User8459,38.0,Non-Binary,Tablet,Bottom,Home_Decor,University of California Gold,#B78727,183,135,39,Sad,Monsoon,104,1
1171,User1171,,Female,Mobile,Bottom,Food,International orange (engineering),#BA160C,186,22,12,Angry,Winter,21,1
9420,User9420,,Non-Binary,Tablet,Side,Home_Decor,Saffron,#F4C430,244,196,48,Angry,Autumn,252,1
5305,User5305,31.0,,Tablet,,Tech,Glitter,#E6E8FA,230,232,250,Sad,Autumn,84,0
3833,User3833,57.0,Male,Desktop,,Fashion,Vivid tangelo,#F07427,240,116,39,Sad,Winter,89,0
1524,User1524,,Male,Mobile,Bottom,Home_Decor,Plum (web),#DDA0DD,221,160,221,Happy,Autumn,33,1
6074,User6074,35.0,,Mobile,,Fashion,Fandango pink,#DE5285,222,82,133,Neutral,Monsoon,138,1
2174,User2174,36.0,Female,Desktop,,Fashion,Burnt orange,#CC5500,204,85,0,Angry,Summer,198,1
1635,User1635,54.0,Female,Tablet,,Tech,Infra Red,#FF496C,255,73,108,Angry,Autumn,123,1
5589,User5589,53.0,,Tablet,Side,Fashion,Spring Frost,#87FF2A,135,255,42,Sad,Summer,195,0
1539,User1539,43.0,,Mobile,Bottom,Home_Decor,Ruber,#CE4676,206,70,118,Sad,Summer,157,1
6602,User6602,,Female,Desktop,Side,Food,Roast coffee,#704241,112,66,65,Neutral,Winter,276,1
2311,User2311,,,,Bottom,Sports,Queen blue,#436B95,67,107,149,Sad,Spring,136,1
4278,User4278,,Non-Binary,Tablet,Side,Home_Decor,Dark electric blue,#536878,83,104,120,Calm,Autumn,12,0
4108,User4108,36.0,,Tablet,Top,Tech,Winter Wizard,#A0E6FF,160,230,255,Calm,Winter,138,1
9763,User9763,,Female,Desktop,Bottom,Sports,Ceil,#92A1CF,146,161,207,Calm,Winter,196,0
109,User109,35.0,,Tablet,Bottom,Fashion,Lavender gray,#C4C3D0,196,195,208,Calm,Summer,95,0
1978,User1978,,Female,Tablet,Side,Home_Decor,Harlequin,#3FFF00,63,255,0,Neutral,Autumn,253,0
5605,User5605,,,Mobile,Side,Sports,Parrot Pink,#D998A0,217,152,160,Angry,Winter,256,0
6453,User6453,,Non-Binary,Desktop,Bottom,Home_Decor,Tangelo,#F94D00,249,77,0,Calm,Monsoon,67,0
8883,User8883,,Female,Mobile,Bottom,Fashion,Old silver,#848482,132,132,130,Sad,Winter,220,1
4457,User4457,,,Desktop,Top,Home_Decor,Tuscan,#FAD6A5,250,214,165,Calm,Monsoon,138,0
6143,User6143,29.0,Non-Binary,Mobile,Bottom,Tech,Orange (Pantone),#FF5800,255,88,0,Neutral,Spring,111,1
2973,User2973,,Non-Binary,Tablet,Bottom,Sports,Cinereous,#98817B,152,129,123,Sad,Monsoon,165,1
8018,User8018,,,,Side,Sports,Chartreuse (web),#7FFF00,127,255,0,Calm,Monsoon,262,1
1296,User1296,34.0,,Tablet,Top,Sports,Purple taupe,#50404D,80,64,77,Angry,Summer,20,1
8766,User8766,,,,,Home_Decor,Almond,#EFDECD,239,222,205,Sad,Winter,63,0
7241,User7241,34.0,Female,Tablet,Side,Fashion,Turquoise Surf,#00C5CD,0,197,205,Sad,Spring,13,0
5197,User5197,,Male,Mobile,Top,Home_Decor,Yellow,#FFFF00,255,255,0,Angry,Winter,201,0
2602,User2602,,Female,,,Home_Decor,Turquoise Surf,#00C5CD,0,197,205,Sad,Monsoon,121,1
7268,User7268,,Female,Desktop,,Sports,Auburn,#A52A2A,165,42,42,Calm,Monsoon,14,1
998,User998,,,Tablet,Top,Fashion,Dark sky blue,#8CBED6,140,190,214,Sad,Winter,11,1
1910,User1910,63.0,Male,Desktop,Side,Food,Pale goldenrod,#EEE8AA,238,232,170,Calm,Spring,198,1
8018,User8018,,,Desktop,Side,Fashion,Bright maroon,#C32148,195,33,72,Angry,Spring,127,1
3070,User3070,30.0,Male,Desktop,Top,Home_Decor,Blond,#FAF0BE,250,240,190,Happy,Summer,67,0
6167,User6167,20.0,Male,Mobile,Side,Tech,Light goldenrod yellow,#FAFAD2,250,250,210,Angry,Monsoon,8,1
2928,User2928,43.0,Non-Binary,Desktop,Side,Fashion,Ming,#36747D,54,116,125,Calm,Monsoon,288,0
4270,User4270,33.0,,Tablet,,Sports,Ocean Green,#48BF91,72,191,145,Neutral,Summer,254,0
6143,User6143,29.0,Non-Binary,Mobile,Bottom,Tech,Battleship grey,#848482,132,132,130,Angry,Winter,134,1
5498,User5498,,,Tablet,Side,Food,Alice blue,#F0F8FF,240,248,255,Neutral,Monsoon,79,1
8973,User8973,26.0,Male,Tablet,Side,Food,Winter Wizard,#A0E6FF,160,230,255,Neutral,Winter,258,0
1214,User1214,26.0,Female,Mobile,Bottom,Tech,Pastel pink,#DEA5A4,222,165,164,Calm,Spring,171,1
911,User911,32.0,Non-Binary,Desktop,Top,Food,Infra Red,#FF496C,255,73,108,Calm,Autumn,205,1
9400,User9400,,,Mobile,,Tech,Terra cotta,#E2725B,226,114,91,Happy,Summer,172,1
1805,User1805,,,Mobile,Top,Home_Decor,Medium champagne,#F3E5AB,243,229,171,Sad,Monsoon,288,1
7422,User7422,,Female,Desktop,Top,Tech,Amber,#FFBF00,255,191,0,Angry,Summer,55,1
8208,User8208,,Female,Tablet,Top,Home_Decor,Orange (Pantone),#FF5800,255,88,0,Calm,Spring,60,1
9736,User9736,,,Desktop,Bottom,Sports,Deep coffee,#704241,112,66,65,Angry,Spring,77,1
9689,User9689,,Male,Desktop,,Sports,Dark liver (horses),#543D37,84,61,55,Neutral,Spring,286,1
2044,User2044,31.0,,Mobile,Top,Food,Deep saffron,#FF9933,255,153,51,Sad,Spring,92,1
9090,User9090,41.0,Male,Desktop,Side,Tech,Egyptian blue,#1034A6,16,52,166,Happy,Autumn,56,1
4169,User4169,,Male,Tablet,Bottom,Home_Decor,Cherry blossom pink,#FFB7C5,255,183,197,Angry,Winter,129,0
9266,User9266,38.0,,Mobile,Bottom,Sports,Bronze,#CD7F32,205,127,50,Sad,Winter,266,1
5289,User5289,39.0,Male,Mobile,Top,Sports,Rajah,#FBAB60,251,171,96,Happy,Autumn,272,0
5756,User5756,51.0,Non-Binary,Tablet,,Sports,Violet-red,#F75394,247,83,148,Angry,Winter,67,1
7438,User7438,,Non-Binary,Mobile,Side,Food,Resolution blue,#002387,0,35,135,Sad,Spring,40,1
2336,User2336,32.0,,Tablet,Side,Sports,Rich lavender,#A76BCF,167,107,207,Calm,Winter,13,1
4890,User4890,43.0,,,Bottom,Fashion,Oxford Blue,#002147,0,33,71,Angry,Summer,245,1
1913,User1913,53.0,Male,,Side,Food,Manatee,#979AAA,151,154,170,Sad,Winter,289,0
2581,User2581,,Female,Mobile,Bottom,Tech,Rose ebony,#674846,103,72,70,Happy,Summer,94,1
9990,User9990,25.0,Male,Desktop,Side,Fashion,Deep mauve,#D473D4,212,115,212,Sad,Monsoon,268,1
4848,User4848,,,Desktop,Bottom,Food,Rose quartz,#AA98A9,170,152,169,Calm,Summer,209,1
2326,User2326,50.0,Female,Tablet,Side,Food,Tenné (tawny),#CD5700,205,87,0,Angry,Summer,295,0
4740,User4740,47.0,,Tablet,,Home_Decor,Peridot,#E6E200,230,226,0,Angry,Spring,215,0
4957,User4957,58.0,,,Bottom,Fashion,Bright green,#66FF00,102,255,0,Angry,Spring,282,1
110,User110,22.0,,,Bottom,Fashion,Straw,#E4D96F,228,217,111,Calm,Spring,211,0
7675,User7675,63.0,,Mobile,Side,Fashion,Rose red,#C21E56,194,30,86,Happy,Summer,98,0
6248,User6248,,Female,,,Sports,Lavender rose,#FBA0E3,251,160,227,Angry,Autumn,203,1
5881,User5881,26.0,Non-Binary,Tablet,Top,Sports,Rosy brown,#BC8F8F,188,143,143,Happy,Spring,173,1
6251,User6251,44.0,Non-Binary,Mobile,Side,Tech,Awesome,#FF2052,255,32,82,Sad,Spring,231,1
5756,User5756,51.0,Non-Binary,Tablet,,Tech,Sapphire blue,#0067A5,0,103,165,Happy,Summer,8,1
3803,User3803,,Female,Mobile,Top,Tech,Naples yellow,#FADA5E,250,218,94,Happy,Monsoon,102,1
9480,User9480,,Non-Binary,Tablet,,Sports,Orange (Crayola),#FF7538,255,117,56,Angry,Monsoon,197,0
6508,User6508,47.0,,Mobile,Top,Home_Decor,Fandango pink,#DE5285,222,82,133,Neutral,Winter,270,0
3060,User3060,,Male,Tablet,Bottom,Tech,UP Maroon,#7B1113,123,17,19,Neutral,Monsoon,228,1
7438,User7438,,Non-Binary,Mobile,,Food,Regalia,#522D80,82,45,128,Calm,Spring,71,1
4836,User4836,,,Tablet,Side,Sports,Otter brown,#654321,101,67,33,Calm,Autumn,142,1
6479,User6479,,Male,,Side,Home_Decor,Ruddy,#FF0028,255,0,40,Neutral,Winter,243,1
6734,User6734,30.0,,,Side,Food,Jasper,#D73B3E,215,59,62,Sad,Autumn,8,0
581,User581,31.0,Female,Tablet,Side,Food,Denim,#1560BD,21,96,189,Angry,Autumn,106,0
5972,User5972,,,Desktop,Top,Sports,Puce red,#722F37,114,47,55,Angry,Spring,48,0
1253,User1253,36.0,Female,Desktop,Bottom,Fashion,Liver (organ),#6C2E1F,108,46,31,Sad,Summer,123,1
5193,User5193,50.0,Female,Desktop,Side,Home_Decor,Red,#FF0000,255,0,0,Sad,Summer,192,1
6288,User6288,61.0,Non-Binary,Tablet,Bottom,Sports,Tickle Me Pink,#FC89AC,252,137,172,Neutral,Summer,235,1
7266,User7266,,,Tablet,Bottom,Fashion,Cerise,#DE3163,222,49,99,Calm,Monsoon,194,1
6880,User6880,,Female,Mobile,,Sports,Dark pastel red,#C23B22,194,59,34,Sad,Summer,114,1
3658,User3658,45.0,,,Side,Sports,Bondi blue,#0095B6,0,149,182,Calm,Spring,283,1
7376,User7376,,,Mobile,Side,Food,Pullman Brown (UPS Brown),#644117,100,65,23,Happy,Monsoon,110,1
6683,User6683,,,Tablet,Side,Sports,Kelly green,#4CBB17,76,187,23,Angry,Summer,169,1
1077,User1077,,Non-Binary,,,Fashion,Copper,#B87333,184,115,51,Neutral,Autumn,130,1
8115,User8115,,Female,Mobile,Top,Food,Illuminating Emerald,#319177,49,145,119,Angry,Spring,102,1
6086,User6086,,Male,Desktop,Bottom,Fashion,B'dazzled blue,#2E5894,46,88,148,Neutral,Spring,124,1
2021,User2021,,Male,Mobile,Bottom,Fashion,Drab,#967117,150,113,23,Happy,Winter,147,1
1549,User1549,,,Desktop,,Food,Violet-red,#F75394,247,83,148,Angry,Spring,199,1
1539,User1539,43.0,,Mobile,Bottom,Fashion,Giants orange,#FE5A1D,254,90,29,Happy,Autumn,134,1
5960,User5960,,Female,Desktop,Side,Tech,Falu red,#801818,128,24,24,Neutral,Spring,108,0
8373,User8373,29.0,Male,,Side,Sports,Deep fuchsia,#C154C1,193,84,193,Sad,Winter,97,1
9723,User9723,,Female,Mobile,,Food,Light salmon pink,#FF9999,255,153,153,Angry,Spring,226,1
9855,User9855,,Male,Desktop,,Food,Pumpkin,#FF7518,255,117,24,Happy,Spring,204,1
3164,User3164,,Female,,Bottom,Tech,Rackley,#5D8AA8,93,138,168,Angry,Winter,292,1
3483,User3483,20.0,,Mobile,,Tech,Pastel yellow,#FDFD96,253,253,150,Angry,Spring,262,1
8018,User8018,,,Desktop,Side,Tech,Mode beige,#967117,150,113,23,Angry,Monsoon,14,1
8687,User8687,29.0,,Desktop,Bottom,Tech,University of California Gold,#B78727,183,135,39,Calm,Spring,175,0
4707,User4707,,Non-Binary,,,Home_Decor,UP Maroon,#7B1113,123,17,19,Happy,Summer,105,1
9181,User9181,,,Tablet,Top,Food,Lumber,#FFE4CD,255,228,205,Happy,Summer,114,0
6576,User6576,62.0,Female,Desktop,,Fashion,American rose,#FF033E,255,3,62,Angry,Monsoon,251,1
4902,User4902,51.0,,Tablet,Top,Food,Unmellow yellow,#FFFF66,255,255,102,Sad,Spring,248,0
5276,User5276,,,,Side,Food,Medium candy apple red,#E2062C,226,6,44,Angry,Autumn,27,1
2337,User2337,,,Desktop,Top,Food,Tuscan red,#7C4848,124,72,72,Calm,Spring,229,1
9855,User9855,,Male,Desktop,Bottom,Tech,Canary yellow,#FFEF00,255,239,0,Neutral,Summer,266,1
3409,User3409,62.0,Female,,Bottom,Tech,Dark cerulean,#08457E,8,69,126,Calm,Winter,273,0
472,User472,53.0,Non-Binary,Mobile,,Home_Decor,Banana Mania,#FAE7B5,250,231,181,Sad,Monsoon,25,0
2964,User2964,40.0,Non-Binary,Mobile,Side,Food,Rose Dust,#9E5E6F,158,94,111,Angry,Winter,124,1
9894,User9894,,,,Top,Sports,Liver chestnut,#987456,152,116,86,Happy,Autumn,124,1
7780,User7780,19.0,Male,Tablet,Bottom,Home_Decor,Maastricht Blue,#001C3D,0,28,61,Angry,Spring,202,0
8361,User8361,41.0,Female,Mobile,Side,Tech,Burnished Brown,#A17A74,161,122,116,Sad,Autumn,140,1
9090,User9090,41.0,Male,Desktop,Side,Food,Sheen Green,#8FD400,143,212,0,Happy,Winter,81,1
1969,User1969,46.0,Non-Binary,Mobile,Bottom,Tech,Razzmic Berry,#8D4E85,141,78,133,Calm,Spring,62,1
9617,User9617,63.0,,,Side,Fashion,Pale pink,#FADADD,250,218,221,Neutral,Autumn,90,1
7155,User7155,,,,,Tech,Spanish carmine,#D10047,209,0,71,Neutral,Summer,5,0
3076,User3076,49.0,,,,Tech,Maroon (Crayola),#C32148,195,33,72,Angry,Summer,81,0
1020,User1020,,,Mobile,Side,Home_Decor,Brunswick green,#1B4D3E,27,77,62,Calm,Monsoon,14,1
9397,User9397,19.0,,Tablet,,Fashion,Deep carrot orange,#E9692C,233,105,44,Sad,Summer,73,1
9888,User9888,49.0,Male,,Top,Sports,Ginger,#B06500,176,101,0,Neutral,Summer,152,1
2032,User2032,36.0,,Desktop,Bottom,Sports,Skobeloff,#007474,0,116,116,Calm,Winter,66,1
4235,User4235,59.0,,Tablet,Side,Sports,Ivory,#FFFFF0,255,255,240,Angry,Summer,17,0
2318,User2318,40.0,Male,,Bottom,Food,Dark spring green,#177245,23,114,69,Happy,Summer,190,0
3118,User3118,57.0,Male,Mobile,Top,Sports,Titanium yellow,#EEE600,238,230,0,Angry,Winter,169,1
3930,User3930,58.0,,Tablet,Side,Food,Rich brilliant lavender,#F1A7FE,241,167,254,Angry,Summer,14,0
3846,User3846,38.0,Non-Binary,,,Tech,Chartreuse (traditional),#DFFF00,223,255,0,Calm,Summer,263,1
5596,User5596,,,Tablet,Top,Sports,Flax,#EEDC82,238,220,130,Neutral,Monsoon,166,1
1969,User1969,46.0,Non-Binary,Mobile,Bottom,Home_Decor,Queen pink,#E8CCD7,232,204,215,Calm,Summer,294,1
2947,User2947,,,,Top,Fashion,Medium slate blue,#7B68EE,123,104,238,Happy,Summer,200,0
2131,User2131,36.0,,Mobile,Side,Fashion,Antique ruby,#841B2D,132,27,45,Calm,Monsoon,38,0
9966,User9966,,,,Top,Tech,Magenta (Crayola),#FF55A3,255,85,163,Sad,Winter,164,1
6893,User6893,21.0,,Mobile,Top,Fashion,Dark cerulean,#08457E,8,69,126,Angry,Summer,89,1
5308,User5308,,,Desktop,Side,Fashion,Firebrick,#B22222,178,34,34,Neutral,Autumn,62,1
6365,User6365,,,Tablet,Bottom,Tech,Dark chestnut,#986960,152,105,96,Happy,Winter,269,1
5766,User5766,63.0,,,Side,Tech,Topaz,#FFC87C,255,200,124,Angry,Winter,29,1
3543,User3543,55.0,,,Top,Tech,Salmon pink,#FF91A4,255,145,164,Calm,Summer,40,1
8147,User8147,32.0,Female,Desktop,Top,Home_Decor,Amaranth pink,#F19CBB,241,156,187,Sad,Monsoon,268,1
3537,User3537,58.0,Female,Tablet,Side,Tech,MSU Green,#18453B,24,69,59,Calm,Winter,118,0
7195,User7195,43.0,Male,Desktop,,Tech,Lapis lazuli,#26619C,38,97,156,Angry,Monsoon,109,0
5085,User5085,,,Tablet,Top,Tech,Ultra red,#FC6C85,252,108,133,Happy,Autumn,97,1
3236,User3236,56.0,Female,,Bottom,Sports,Rose taupe,#905D5D,144,93,93,Neutral,Monsoon,93,1
5188,User5188,23.0,,Desktop,Top,Sports,Catawba,#703642,112,54,66,Angry,Spring,167,0
5155,User5155,,,Desktop,Bottom,Home_Decor,Green (pigment),#00A550,0,165,80,Happy,Monsoon,42,0
2828,User2828,55.0,,Desktop,Bottom,Home_Decor,Rich black (FOGRA29),#010B13,1,11,19,Angry,Winter,96,0
4620,User4620,43.0,Non-Binary,Mobile,Side,Fashion,Sunset,#FAD6A5,250,214,165,Sad,Monsoon,123,1
6422,User6422,26.0,Non-Binary,,Side,Sports,Bluebonnet,#1C1CF0,28,28,240,Calm,Monsoon,215,0
9111,User9111,,Female,Mobile,Side,Home_Decor,Vivid malachite,#00CC33,0,204,51,Neutral,Spring,164,0
2691,User2691,,,Desktop,Bottom,Home_Decor,Purple Plum,#9C51B6,156,81,182,Happy,Spring,105,1
2033,User2033,,Female,Mobile,Top,Fashion,Pakistan green,#006600,0,102,0,Neutral,Summer,183,0
8957,User8957,,Female,Mobile,,Tech,Yellow (NCS),#FFD300,255,211,0,Neutral,Winter,288,1
487,User487,28.0,Male,Mobile,Side,Food,Polished Pine,#5DA493,93,164,147,Neutral,Summer,27,1
5953,User5953,27.0,Female,Desktop,Top,Fashion,Azure mist,#F0FFFF,240,255,255,Happy,Spring,283,0
7152,User7152,,,Tablet,Side,Food,Old heliotrope,#563C5C,86,60,92,Happy,Monsoon,36,1
8995,User8995,,,Desktop,Top,Fashion,Napier green,#2A8000,42,128,0,Neutral,Spring,142,0
6115,User6115,58.0,Non-Binary,Desktop,Bottom,Fashion,Cadet,#536872,83,104,114,Calm,Autumn,85,0
5520,User5520,,Non-Binary,Desktop,Bottom,Tech,Black Coral,#54626F,84,98,111,Angry,Monsoon,199,1
4976,User4976,34.0,Female,Mobile,Bottom,Home_Decor,Azure mist,#F0FFFF,240,255,255,Neutral,Summer,296,1
7750,User7750,46.0,,Mobile,Side,Sports,United Nations blue,#5B92E5,91,146,229,Sad,Monsoon,97,1
5801,User5801,59.0,Female,Tablet,,Fashion,Rust,#B7410E,183,65,14,Neutral,Autumn,50,0
9152,User9152,,,,Side,Tech,Palatinate purple,#682860,104,40,96,Happy,Spring,31,0
301,User301,,Male,Tablet,,Food,Dark pastel red,#C23B22,194,59,34,Angry,Winter,166,1
1825,User1825,,Female,Desktop,Side,Home_Decor,Mint green,#98FF98,152,255,152,Sad,Winter,105,0
3297,User3297,,,Tablet,Bottom,Fashion,Forest green (web),#228B22,34,139,34,Angry,Winter,191,1
2219,User2219,42.0,Non-Binary,,,Food,Dark tan,#918151,145,129,81,Angry,Spring,198,0
7475,User7475,53.0,Female,Tablet,,Fashion,Sienna,#882D17,136,45,23,Sad,Winter,162,1
9220,User9220,21.0,,Mobile,Side,Sports,Misty rose,#FFE4E1,255,228,225,Neutral,Autumn,13,1
9676,User9676,21.0,,,,Sports,Waterspout,#A4F4F9,164,244,249,Neutral,Spring,216,1
6669,User6669,,,,Side,Home_Decor,Vivid red-tangelo,#DF6124,223,97,36,Neutral,Winter,171,1
373,User373,34.0,Female,Mobile,Top,Food,Khaki (HTML/CSS) (Khaki),#C3B091,195,176,145,Calm,Summer,278,1
5227,User5227,24.0,,,,Sports,Shiny Shamrock,#5FA778,95,167,120,Neutral,Spring,115,1
4889,User4889,45.0,,,Bottom,Tech,Rose pink,#FF66CC,255,102,204,Sad,Spring,207,1
7376,User7376,21.0,Female,Mobile,Side,Home_Decor,Yellow (NCS),#FFD300,255,211,0,Calm,Monsoon,252,1
7973,User7973,28.0,Female,Mobile,,Fashion,Blue,#0000FF,0,0,255,Neutral,Winter,69,1
1369,User1369,,,Desktop,Bottom,Food,Spanish orange,#E86100,232,97,0,Calm,Summer,207,1
8503,User8503,,Male,Tablet,Bottom,Food,Solid pink,#893843,137,56,67,Sad,Autumn,165,0
2514,User2514,,,Desktop,Top,Tech,Tangerine yellow,#FFCC00,255,204,0,Neutral,Spring,137,0
6724,User6724,37.0,Female,Desktop,Top,Sports,Orange (Crayola),#FF7538,255,117,56,Happy,Autumn,182,1
4684,User4684,43.0,,Tablet,Top,Food,Gray,#808080,128,128,128,Sad,Autumn,197,0
3670,User3670,,Female,Desktop,Side,Tech,French plum,#811453,129,20,83,Angry,Autumn,270,0
6872,User6872,,Male,,,Tech,Cadmium green,#006B3C,0,107,60,Angry,Monsoon,64,0
7558,User7558,,,Mobile,Top,Fashion,Cardinal,#C41E3A,196,30,58,Sad,Autumn,209,1
8549,User8549,41.0,Male,Tablet,Top,Tech,Gamboge,#E49B0F,228,155,15,Angry,Winter,159,0
3561,User3561,37.0,,,Side,Home_Decor,Pink,#FFC0CB,255,192,203,Sad,Winter,76,1
4108,User4108,36.0,,Tablet,Top,Food,Metallic Sunburst,#9C7C38,156,124,56,Happy,Summer,160,1
1446,User1446,,,Desktop,Bottom,Home_Decor,Orchid pink,#F2BDCD,242,189,205,Sad,Summer,177,1
911,User911,32.0,Non-Binary,Desktop,Top,Tech,Purple mountain majesty,#9678B6,150,120,182,Neutral,Autumn,66,1
4152,User4152,33.0,Female,Tablet,Side,Tech,Air Force blue (USAF),#00308F,0,48,143,Neutral,Autumn,209,0
6438,User6438,,Non-Binary,Tablet,,Home_Decor,Dark taupe,#483C32,72,60,50,Calm,Monsoon,64,1
2691,User2691,,Non-Binary,Desktop,Bottom,Fashion,Mystic,#D65282,214,82,130,Angry,Autumn,90,1
1041,User1041,37.0,,Mobile,Side,Tech,Bud green,#7BB661,123,182,97,Angry,Autumn,147,1
4505,User4505,,Male,Tablet,Top,Home_Decor,Spanish crimson,#E51A4C,229,26,76,Sad,Autumn,11,0
712,User712,32.0,,Mobile,Side,Home_Decor,Brown Yellow,#cc9966,204,153,102,Angry,Spring,299,0
7688,User7688,57.0,Male,Mobile,,Food,Pink-orange,#FF9966,255,153,102,Neutral,Spring,183,1
4397,User4397,62.0,Female,Mobile,Top,Fashion,Maximum Purple,#733380,115,51,128,Happy,Monsoon,231,0
9227,User9227,,Non-Binary,Mobile,,Sports,Bitter lime,#BFFF00,191,255,0,Sad,Monsoon,11,1
5338,User5338,51.0,,Mobile,Top,Home_Decor,Han blue,#446CCF,68,108,207,Angry,Winter,144,1
438,User438,39.0,,Mobile,Top,Food,Orange (Pantone),#FF5800,255,88,0,Neutral,Monsoon,18,0
2946,User2946,37.0,,Desktop,Bottom,Sports,Medium blue,#0000CD,0,0,205,Calm,Winter,38,1
255,User255,31.0,,Desktop,Bottom,Food,Middle Yellow,#FFEB00,255,235,0,Angry,Autumn,244,1
9568,User9568,,Non-Binary,Mobile,Side,Food,Ruby,#E0115F,224,17,95,Happy,Monsoon,101,0
5243,User5243,47.0,,Desktop,Side,Fashion,Meat brown,#E5B73B,229,183,59,Happy,Monsoon,272,0
2548,User2548,55.0,Male,Desktop,Top,Tech,Gargoyle Gas,#FFDF46,255,223,70,Angry,Monsoon,130,0
4853,User4853,,,Tablet,Bottom,Fashion,Tangerine,#F28500,242,133,0,Angry,Winter,38,1
1121,User1121,,Non-Binary,Desktop,Top,Sports,Egyptian blue,#1034A6,16,52,166,Neutral,Winter,287,0
9218,User9218,,,Mobile,Top,Fashion,Coyote brown,#81613C,129,97,60,Angry,Summer,22,0
1148,User1148,25.0,,,,Tech,Old rose,#C08081,192,128,129,Calm,Winter,297,1
4945,User4945,,,Tablet,Top,Fashion,Psychedelic purple,#DF00FF,223,0,255,Neutral,Winter,72,1
4099,User4099,,,Tablet,Side,Fashion,Wisteria,#C9A0DC,201,160,220,Sad,Spring,241,0
3118,User3118,57.0,,Mobile,,Fashion,Picton blue,#45B1E8,69,177,232,Calm,Monsoon,84,1
4836,User4836,55.0,,Tablet,Side,Home_Decor,Vivid orchid,#CC00FF,204,0,255,Neutral,Winter,90,1
1941,User1941,,Male,Mobile,,Home_Decor,Shocking pink (Crayola),#FF6FFF,255,111,255,Neutral,Monsoon,64,0
1118,User1118,30.0,,Tablet,Side,Fashion,Purple (HTML),#800080,128,0,128,Happy,Monsoon,52,0
9422,User9422,21.0,,,,Tech,Pale spring bud,#ECEBBD,236,235,189,Neutral,Spring,183,1
8081,User8081,38.0,,,,Tech,Lava,#CF1020,207,16,32,Calm,Monsoon,88,1
8785,User8785,23.0,,Tablet,Top,Tech,Medium jungle green,#1C352D,28,53,45,Angry,Winter,99,0
6724,User6724,37.0,Female,Desktop,Top,Tech,Turtle green,#8A9A5B,138,154,91,Calm,Monsoon,256,1
8629,User8629,,Non-Binary,,Bottom,Food,Light khaki,#F0E68C,240,230,140,Sad,Summer,184,0
2668,User2668,,Male,Tablet,Side,Fashion,Baby pink,#F4C2C2,244,194,194,Neutral,Summer,88,0
1141,User1141,37.0,Male,,Bottom,Fashion,Bright lavender,#BF94E4,191,148,228,Neutral,Spring,154,1
6350,User6350,31.0,Male,Mobile,Bottom,Food,Mexican pink,#E4007C,228,0,124,Neutral,Winter,43,0
4707,User4707,21.0,,Desktop,Top,Tech,Medium sea green,#3CB371,60,179,113,Neutral,Spring,283,1
4429,User4429,,,,Top,Sports,Super pink,#CF6BA9,207,107,169,Happy,Summer,117,1
4756,User4756,,Non-Binary,Mobile,Bottom,Sports,Violet-blue,#324AB2,50,74,178,Happy,Winter,131,1
2964,User2964,40.0,,Mobile,Side,Food,Heliotrope magenta,#AA00BB,170,0,187,Angry,Monsoon,45,1
5968,User5968,,,Tablet,,Sports,Heart Gold,#808000,128,128,0,Neutral,Winter,162,1
674,User674,,,Tablet,Side,Home_Decor,International Klein Blue,#002FA7,0,47,167,Sad,Autumn,210,1
4707,User4707,21.0,Non-Binary,Desktop,Top,Fashion,Cocoa brown,#D2691E,210,105,30,Angry,Winter,51,1
9950,User9950,,Male,Desktop,Side,Sports,Very light malachite green,#64E986,100,233,134,Neutral,Monsoon,189,0
9743,User9743,,,,Side,Home_Decor,Vivid yellow,#FFE302,255,227,2,Happy,Autumn,76,0
6094,User6094,,Non-Binary,Tablet,Top,Fashion,Gray-asparagus,#465945,70,89,69,Sad,Spring,61,1
9536,User9536,,Male,Desktop,,Home_Decor,Aero blue,#C9FFE5,201,255,229,Angry,Winter,243,0
4061,User4061,44.0,Female,Tablet,Side,Fashion,Maastricht Blue,#001C3D,0,28,61,Sad,Spring,66,0
8226,User8226,,Male,Tablet,,Fashion,Forest green (traditional),#014421,1,68,33,Neutral,Winter,61,1
8643,User8643,55.0,,Mobile,Top,Sports,Antique brass,#CD9575,205,149,117,Calm,Summer,247,0
6679,User6679,26.0,Male,Tablet,Bottom,Food,Sunburnt Cyclops,#FF404C,255,64,76,Sad,Summer,128,1
8753,User8753,,,Tablet,Top,Sports,Lemon lime,#E3FF00,227,255,0,Sad,Monsoon,157,1
9377,User9377,45.0,Male,Tablet,Bottom,Tech,Old rose,#C08081,192,128,129,Happy,Summer,259,0
1297,User1297,60.0,Male,Tablet,,Home_Decor,B'dazzled blue,#2E5894,46,88,148,Neutral,Autumn,221,0
2021,User2021,41.0,Male,Mobile,Bottom,Tech,Pale cerulean,#9BC4E2,155,196,226,Sad,Autumn,236,1
2946,User2946,37.0,Female,Desktop,Bottom,Fashion,Trolley Grey,#808080,128,128,128,Neutral,Winter,21,1
4122,User4122,,Female,Mobile,,Sports,Bright lavender,#BF94E4,191,148,228,Happy,Spring,84,0
7,User7,,Female,Tablet,Bottom,Tech,Artichoke,#8F9779,143,151,121,Neutral,Autumn,180,1
315,User315,,Non-Binary,Desktop,,Tech,Arsenic,#3B444B,59,68,75,Happy,Winter,43,1
6454,User6454,45.0,,Mobile,Bottom,Tech,Psychedelic purple,#DF00FF,223,0,255,Happy,Spring,147,0
9736,User9736,46.0,,Desktop,Bottom,Fashion,Ao (English),#008000,0,128,0,Angry,Summer,21,1
7466,User7466,47.0,,Mobile,Bottom,Fashion,St. Patrick's blue,#23297A,35,41,122,Neutral,Winter,253,1
5647,User5647,,,Tablet,Side,Fashion,Turkish rose,#B57281,181,114,129,Calm,Spring,39,1
2337,User2337,,Male,Desktop,Top,Tech,Robin egg blue,#00CCCC,0,204,204,Angry,Monsoon,293,1
3697,User3697,27.0,Non-Binary,Mobile,,Home_Decor,La Salle Green,#087830,8,120,48,Happy,Monsoon,150,0
6479,User6479,,Male,Tablet,,Sports,Deep carrot orange,#E9692C,233,105,44,Calm,Autumn,219,1
1305,User1305,,Female,Tablet,Top,Sports,Android green,#A4C639,164,198,57,Sad,Spring,169,1
3601,User3601,,Non-Binary,Mobile,Bottom,Fashion,Light Thulian pink,#E68FAC,230,143,172,Sad,Monsoon,115,1
2373,User2373,31.0,,Desktop,Bottom,Tech,Mellow apricot,#F8B878,248,184,120,Angry,Autumn,139,1
6083,User6083,29.0,,Desktop,,Home_Decor,Cadmium yellow,#FFF600,255,246,0,Calm,Winter,78,0
9084,User9084,,,Desktop,Side,Food,Lemon lime,#E3FF00,227,255,0,Neutral,Winter,160,0
6268,User6268,,,Desktop,Top,Fashion,Cyan,#00FFFF,0,255,255,Calm,Spring,219,1
1141,User1141,37.0,Male,Desktop,,Food,Orange-yellow,#F8D568,248,213,104,Angry,Spring,278,1
3243,User3243,49.0,Female,Mobile,Bottom,Sports,French rose,#F64A8A,246,74,138,Neutral,Spring,283,0
3990,User3990,28.0,,,Side,Sports,Pictorial carmine,#C30B4E,195,11,78,Neutral,Spring,152,1
1148,User1148,25.0,,Mobile,Bottom,Home_Decor,Plum,#8E4585,142,69,133,Sad,Monsoon,35,1
6401,User6401,45.0,Female,Mobile,Side,Home_Decor,Red-violet,#C71585,199,21,133,Calm,Monsoon,18,1
7450,User7450,,,,Side,Food,Maximum Red Purple,#A63A79,166,58,121,Neutral,Autumn,27,1
5346,User5346,30.0,Non-Binary,Tablet,Top,Sports,Light moss green,#ADDFAD,173,223,173,Angry,Monsoon,6,1
2964,User2964,40.0,Non-Binary,Mobile,,Home_Decor,Bright maroon,#C32148,195,33,72,Sad,Winter,182,1
9827,User9827,22.0,Non-Binary,Mobile,Top,Home_Decor,Royal yellow,#FADA5E,250,218,94,Neutral,Autumn,63,0
2052,User2052,,,Tablet,Side,Sports,Orange-red,#FF4500,255,69,0,Calm,Monsoon,293,0
1047,User1047,47.0,,Mobile,Bottom,Sports,Mauve taupe,#915F6D,145,95,109,Sad,Spring,180,0
503,User503,43.0,,Desktop,Side,Tech,Ocean Green,#48BF91,72,191,145,Calm,Monsoon,176,1
2945,User2945,,Male,Tablet,Bottom,Home_Decor,Antique brass,#CD9575,205,149,117,Calm,Summer,87,0
2485,User2485,57.0,Non-Binary,Mobile,Bottom,Food,Bubble gum,#FFC1CC,255,193,204,Calm,Autumn,227,1
2387,User2387,,,,Top,Fashion,Alice blue,#F0F8FF,240,248,255,Sad,Monsoon,39,1
1041,User1041,,,Mobile,Side,Fashion,Magic mint,#AAF0D1,170,240,209,Neutral,Monsoon,114,1
1399,User1399,,Female,Mobile,Bottom,Sports,Sunset,#FAD6A5,250,214,165,Happy,Winter,239,1
9155,User9155,29.0,Male,Desktop,Top,Food,Carmine red,#FF0038,255,0,56,Neutral,Spring,43,0
2129,User2129,47.0,,Tablet,Bottom,Tech,Olive,#808000,128,128,0,Sad,Spring,223,1
400,User400,52.0,Non-Binary,Tablet,Side,Home_Decor,Middle Red,#E58E73,229,144,115,Happy,Winter,221,1
6075,User6075,32.0,,Desktop,Side,Tech,Vivid raspberry,#FF006C,255,0,108,Happy,Winter,198,1
6771,User6771,,,Desktop,Side,Food,Blue (Munsell),#0093AF,0,147,175,Happy,Summer,167,1
2173,User2173,52.0,Male,,Bottom,Tech,Azure mist,#F0FFFF,240,255,255,Angry,Autumn,120,1
7592,User7592,36.0,Male,Desktop,Bottom,Sports,Light cyan,#E0FFFF,224,255,255,Sad,Spring,165,0
5425,User5425,,Non-Binary,,Side,Fashion,Lumber,#FFE4CD,255,228,205,Angry,Winter,93,1
4706,User4706,42.0,,Desktop,Bottom,Sports,Mint cream,#F5FFFA,245,255,250,Happy,Winter,145,0
8645,User8645,,,,Side,Home_Decor,Electric violet,#8F00FF,143,0,255,Angry,Autumn,178,0
3198,User3198,35.0,,Mobile,Bottom,Sports,Battleship grey,#848482,132,132,130,Angry,Winter,205,0
9762,User9762,27.0,,Tablet,Top,Food,Mikado yellow,#FFC40C,255,196,12,Sad,Summer,117,0
8936,User8936,53.0,Male,Mobile,Top,Food,Tropical violet,#CDA4DE,205,164,222,Calm,Autumn,178,0
3858,User3858,36.0,,Mobile,Side,Home_Decor,White smoke,#F5F5F5,245,245,245,Angry,Summer,78,0
5412,User5412,35.0,,Mobile,Top,Home_Decor,Rajah,#FBAB60,251,171,96,Angry,Monsoon,291,1
1920,User1920,,Non-Binary,Desktop,Side,Fashion,Deep Space Sparkle,#4A646C,74,100,108,Happy,Spring,129,0
2510,User2510,47.0,Male,Mobile,Side,Tech,Gold (web) (Golden),#FFD700,255,215,0,Happy,Winter,28,0
1539,User1539,43.0,,Mobile,Bottom,Fashion,Celestial blue,#4997D0,73,151,208,Happy,Autumn,36,1
1524,User1524,24.0,Male,,Bottom,Sports,Burgundy,#800020,128,0,32,Neutral,Summer,258,1
4830,User4830,32.0,Female,Mobile,Bottom,Tech,Begonia,#FA6E79,250,110,121,Angry,Spring,117,0
3631,User3631,,Male,Mobile,,Home_Decor,Medium electric blue,#035096,3,80,150,Happy,Spring,199,0
2513,User2513,50.0,Male,Tablet,Top,Food,Dark imperial blue,#00147E,0,20,126,Sad,Winter,20,0
1069,User1069,,,Desktop,,Sports,St. Patrick's blue,#23297A,35,41,122,Neutral,Spring,216,0
3892,User3892,29.0,Male,Desktop,,Fashion,Vivid cerise,#DA1D81,218,29,129,Calm,Winter,112,0
9504,User9504,,Male,,Top,Home_Decor,Baker-Miller pink,#FF91AF,255,145,175,Angry,Monsoon,28,1
1921,User1921,51.0,,Tablet,,Tech,Pumpkin,#FF7518,255,117,24,Angry,Winter,294,0
2162,User2162,,,Desktop,Side,Tech,Artichoke,#8F9779,143,151,121,Sad,Summer,123,0
389,User389,31.0,Non-Binary,Tablet,Top,Food,American rose,#FF033E,255,3,62,Calm,Spring,185,1
3472,User3472,,Non-Binary,,Top,Home_Decor,Sea green,#2E8B57,46,139,87,Calm,Spring,42,0
2355,User2355,,Male,Mobile,Side,Home_Decor,Bright navy blue,#1974D2,25,116,210,Neutral,Spring,237,0
6854,User6854,32.0,Male,Mobile,Bottom,Sports,Vivid red-tangelo,#DF6124,223,97,36,Angry,Winter,73,1
3604,User3604,49.0,Male,Tablet,Bottom,Sports,Blue Lagoon,#ACE5EE,172,229,238,Happy,Autumn,86,1
6193,User6193,29.0,Female,Desktop,Bottom,Tech,Cambridge Blue,#A3C1AD,163,193,173,Sad,Winter,122,1
1136,User1136,,,Mobile,Side,Fashion,Blue (RYB),#0247FE,2,71,254,Sad,Summer,54,1
1650,User1650,29.0,,,Bottom,Tech,Pastel blue,#AEC6CF,174,198,207,Sad,Winter,161,1
9753,User9753,46.0,,Tablet,Top,Sports,Heliotrope,#DF73FF,223,115,255,Sad,Spring,78,1
7086,User7086,30.0,Non-Binary,Mobile,Top,Sports,Cyber yellow,#FFD300,255,211,0,Happy,Monsoon,187,1
2752,User2752,,,Tablet,Bottom,Sports,Sepia,#704214,112,66,20,Happy,Summer,110,0
57,User57,,Male,,Top,Tech,Orange (web),#FFA500,255,165,0,Neutral,Monsoon,193,0
9735,User9735,,Non-Binary,,Top,Home_Decor,Raisin black,#242124,36,33,36,Angry,Summer,276,0
9676,User9676,,,Mobile,Top,Fashion,St. Patrick's blue,#23297A,35,41,122,Happy,Summer,91,1
2529,User2529,,,Desktop,Top,Fashion,Dark taupe,#483C32,72,60,50,Neutral,Spring,176,1
6829,User6829,,,,Bottom,Sports,Alien Armpit,#84DE02,132,222,2,Calm,Winter,256,0
7808,User7808,,Female,Desktop,,Food,Chartreuse (web),#7FFF00,127,255,0,Angry,Spring,148,1
8041,User8041,,,Mobile,Bottom,Tech,Deep aquamarine,#40826D,64,130,109,Happy,Spring,288,1
6248,User6248,48.0,,Mobile,,Home_Decor,Liver (organ),#6C2E1F,108,46,31,Calm,Spring,189,1
6553,User6553,,,,Bottom,Sports,Space cadet,#1D2951,29,41,81,Neutral,Monsoon,158,1
1253,User1253,36.0,Female,Desktop,Bottom,Food,Desert,#C19A6B,193,154,107,Happy,Summer,122,1
6296,User6296,29.0,,Desktop,Bottom,Sports,Red-brown,#A52A2A,165,42,42,Happy,Autumn,271,1
4646,User4646,,Female,Tablet,Side,Food,Medium candy apple red,#E2062C,226,6,44,Calm,Winter,259,0
7924,User7924,,,Desktop,Bottom,Fashion,Very light blue,#6666FF,102,102,255,Happy,Spring,245,1
6662,User6662,,Male,Desktop,Top,Food,Fulvous,#E48400,228,132,0,Sad,Summer,175,0
250,User250,,Non-Binary,Mobile,Bottom,Fashion,Spanish pink,#F7BFBE,247,191,190,Happy,Winter,109,1
8271,User8271,29.0,,Desktop,Bottom,Fashion,Yellow-green,#9ACD32,154,205,50,Angry,Autumn,40,1
5531,User5531,34.0,,,Top,Tech,Granny Smith Apple,#A8E4A0,168,228,160,Calm,Autumn,70,1
9504,User9504,,Male,Tablet,,Food,Auburn,#A52A2A,165,42,42,Angry,Spring,189,1
5518,User5518,59.0,Male,,Bottom,Home_Decor,Napier green,#2A8000,42,128,0,Neutral,Autumn,194,0
3335,User3335,,,,Top,Home_Decor,Sage,#BCB88A,188,184,138,Angry,Autumn,159,1
7438,User7438,53.0,Non-Binary,,Side,Food,Medium carmine,#AF4035,175,64,53,Sad,Winter,231,1
518,User518,,Male,Tablet,Bottom,Tech,Electric indigo,#6F00FF,111,0,255,Sad,Winter,145,1
6620,User6620,52.0,Female,Tablet,Top,Home_Decor,Red-violet,#C71585,199,21,133,Angry,Spring,80,1
4361,User4361,29.0,Male,,Side,Sports,Spanish gray,#989898,152,152,152,Neutral,Summer,150,1
2973,User2973,,Non-Binary,Tablet,Bottom,Home_Decor,Coral,#FF7F50,255,127,80,Happy,Spring,42,1
8573,User8573,61.0,,Mobile,Top,Tech,Ebony,#555D50,85,93,80,Sad,Monsoon,266,0
119,User119,59.0,,Tablet,Top,Fashion,Dark yellow,#9B870C,155,135,12,Angry,Autumn,130,1
7086,User7086,30.0,Non-Binary,Mobile,Top,Fashion,Light grayish magenta,#CC99CC,204,153,204,Angry,Summer,96,1
8887,User8887,,,,Bottom,Fashion,Brilliant lavender,#F4BBFF,244,187,255,Angry,Winter,288,0
2173,User2173,52.0,Male,Mobile,Bottom,Tech,Peach-yellow,#FADFAD,250,223,173,Happy,Monsoon,265,1
5748,User5748,,Male,Desktop,Side,Fashion,Marigold,#EAA221,234,162,33,Calm,Monsoon,112,1
4742,User4742,31.0,Male,Desktop,Bottom,Fashion,Outrageous Orange,#FF6E4A,255,110,74,Neutral,Autumn,49,1
115,User115,,Male,Tablet,Side,Tech,Medium turquoise,#48D1CC,72,209,204,Calm,Winter,6,0
5890,User5890,56.0,Female,Mobile,Bottom,Sports,Lavender (floral),#B57EDC,181,126,220,Neutral,Summer,205,1
1805,User1805,,Male,Mobile,Top,Home_Decor,Vivid mulberry,#B80CE3,184,12,227,Neutral,Winter,94,1
487,User487,28.0,Male,Mobile,Side,Tech,Rich brilliant lavender,#F1A7FE,241,167,254,Angry,Autumn,219,1
8937,User8937,57.0,Male,Tablet,Side,Tech,Denim Blue,#2243B6,34,67,182,Sad,Monsoon,119,1
7796,User7796,29.0,Non-Binary,,,Food,Puce,#CC8899,204,136,153,Angry,Autumn,96,0
3236,User3236,56.0,,Mobile,Bottom,Fashion,Rich maroon,#B03060,176,48,96,Happy,Spring,190,1
5412,User5412,35.0,,Mobile,Top,Sports,Electric lavender,#F4BBFF,244,187,255,Neutral,Monsoon,264,1
3144,User3144,24.0,Male,Desktop,Side,Food,Light apricot,#FDD5B1,253,213,177,Sad,Autumn,162,1
6479,User6479,,Male,Tablet,Side,Sports,Zinnwaldite brown,#2C1608,44,22,8,Neutral,Summer,61,1
6048,User6048,,Male,Tablet,Top,Fashion,Tuscan,#FAD6A5,250,214,165,Neutral,Summer,51,0
3194,User3194,35.0,,Tablet,Side,Fashion,Tumbleweed,#DEAA88,222,170,136,Angry,Summer,226,0
119,User119,59.0,,Tablet,Top,Fashion,Rich maroon,#B03060,176,48,96,Sad,Spring,112,1
368,User368,,,Desktop,Side,Home_Decor,Light coral,#F08080,240,128,128,Sad,Winter,184,0
6237,User6237,32.0,Non-Binary,Mobile,Top,Sports,Carnation pink,#FFA6C9,255,166,201,Neutral,Summer,181,1
2818,User2818,52.0,,Tablet,Top,Sports,Spring green,#00FF7F,0,255,127,Sad,Spring,184,0
8174,User8174,20.0,,Mobile,Bottom,Food,Bright navy blue,#1974D2,25,116,210,Sad,Summer,41,1
9231,User9231,21.0,,Desktop,Top,Tech,Old rose,#C08081,192,128,129,Angry,Spring,67,1
2428,User2428,33.0,,,,Fashion,UFO Green,#3CD070,60,208,112,Calm,Summer,272,1
4945,User4945,31.0,Male,Tablet,Top,Fashion,Puce red,#722F37,114,47,55,Happy,Winter,277,1
6251,User6251,,Non-Binary,,Side,Food,Rhythm,#777696,119,118,150,Calm,Autumn,294,1
1787,User1787,,,Tablet,Bottom,Sports,Caribbean green,#00CC99,0,204,153,Sad,Summer,274,0
2550,User2550,,Non-Binary,Tablet,Side,Home_Decor,Regalia,#522D80,82,45,128,Neutral,Autumn,273,0
7670,User7670,54.0,Female,,Top,Sports,Deep sky blue,#00BFFF,0,191,255,Happy,Summer,250,1
367,User367,,Female,Desktop,,Home_Decor,Arctic lime,#D0FF14,208,255,20,Happy,Winter,182,0
9664,User9664,,,Desktop,Side,Home_Decor,Green (Crayola),#1CAC78,28,172,120,Neutral,Autumn,71,0
9992,User9992,,Male,Desktop,Side,Sports,Redwood,#A45A52,164,90,82,Happy,Spring,281,1
9146,User9146,58.0,,Desktop,Top,Fashion,Platinum,#E5E4E2,229,228,226,Neutral,Summer,212,1
7330,User7330,56.0,,,Side,Home_Decor,Medium sky blue,#80DAEB,128,218,235,Happy,Summer,42,0
6059,User6059,43.0,,Mobile,Top,Food,Tuscan red,#7C4848,124,72,72,Calm,Spring,123,0
8948,User8948,25.0,,Mobile,Bottom,Food,Amaranth,#E52B50,229,43,80,Happy,Winter,30,1
2934,User2934,26.0,Non-Binary,Desktop,Top,Home_Decor,Gray (X11 gray),#BEBEBE,190,190,190,Angry,Monsoon,10,1
5732,User5732,,Non-Binary,Tablet,,Fashion,Sugar Plum,#914E75,145,78,117,Neutral,Summer,278,1
2913,User2913,,Non-Binary,Mobile,Side,Home_Decor,Persian orange,#D99058,217,144,88,Happy,Spring,237,1
7670,User7670,54.0,Female,,Top,Food,Dark pastel green,#03C03C,3,192,60,Neutral,Monsoon,118,1
8409,User8409,,,Mobile,Top,Food,Middle Blue Purple,#8B72BE,139,114,190,Angry,Summer,138,0
8226,User8226,,Male,Tablet,Top,Sports,UCLA Gold,#FFB300,255,179,0,Happy,Autumn,182,1
234,User234,19.0,Female,Tablet,Bottom,Fashion,Indian yellow,#E3A857,227,168,87,Happy,Spring,29,1
2428,User2428,33.0,,,Side,Sports,English violet,#563C5C,86,60,92,Angry,Autumn,52,1
846,User846,,Female,,Top,Tech,Coral pink,#F88379,248,131,121,Angry,Winter,284,0
5567,User5567,,Non-Binary,Tablet,Side,Home_Decor,Mint green,#98FF98,152,255,152,Angry,Monsoon,76,0
3604,User3604,49.0,Male,,Bottom,Sports,Titanium yellow,#EEE600,238,230,0,Neutral,Spring,205,1
2032,User2032,36.0,,,Bottom,Fashion,Zomp,#39A78E,57,167,142,Angry,Summer,37,1
7582,User7582,50.0,Male,Tablet,Side,Home_Decor,Sea green,#2E8B57,46,139,87,Neutral,Summer,101,0
7828,User7828,29.0,,Tablet,Bottom,Home_Decor,Orange (Crayola),#FF7538,255,117,56,Calm,Monsoon,49,1
4391,User4391,39.0,Non-Binary,Mobile,,Home_Decor,Antique brass,#CD9575,205,149,117,Happy,Autumn,267,0
7464,User7464,52.0,Non-Binary,Tablet,Bottom,Home_Decor,Rajah,#FBAB60,251,171,96,Happy,Autumn,74,0
9577,User9577,,Male,,Bottom,Home_Decor,Glaucous,#6082B6,96,130,182,Sad,Spring,297,0
4683,User4683,50.0,Non-Binary,Desktop,,Fashion,Dark raspberry,#872657,135,38,87,Calm,Spring,222,0
9589,User9589,54.0,Non-Binary,Tablet,Bottom,Tech,Copper (Crayola),#DA8A67,218,138,103,Angry,Autumn,211,0
2602,User2602,61.0,Female,Desktop,Side,Food,Midnight,#702670,112,38,112,Angry,Spring,176,1
8459,User8459,38.0,Non-Binary,,Bottom,Tech,Maximum Blue Purple,#ACACE6,172,172,230,Calm,Autumn,250,1
8622,User8622,,Non-Binary,Mobile,Side,Food,Cyan cornflower blue,#188BC2,24,139,194,Angry,Monsoon,260,0
5110,User5110,,Female,Tablet,Top,Sports,Waterspout,#A4F4F9,164,244,249,Sad,Spring,268,1
9572,User9572,38.0,,Mobile,Bottom,Home_Decor,Diamond,#B9F2FF,185,242,255,Neutral,Autumn,268,1
5194,User5194,,Male,Mobile,Top,Sports,Crimson red,#990000,153,0,0,Happy,Spring,9,1
7512,User7512,,,Mobile,Side,Sports,Pomp and Power,#86608E,134,96,142,Calm,Summer,14,0
284,User284,,,Tablet,Side,Food,Platinum,#E5E4E2,229,228,226,Happy,Summer,275,1
5818,User5818,,,Tablet,Top,Fashion,Deep carmine,#A9203E,169,32,62,Neutral,Winter,234,1
7471,User7471,,Female,Mobile,Bottom,Home_Decor,Dutch white,#EFDFBB,239,223,187,Calm,Autumn,59,1
7808,User7808,26.0,Female,Desktop,,Sports,Keppel,#3AB09E,58,176,158,Neutral,Winter,45,1
7541,User7541,47.0,,Mobile,Top,Tech,Aero,#7CB9E8,124,185,232,Angry,Autumn,142,0
4976,User4976,,Female,Mobile,Bottom,Home_Decor,Tomato,#FF6347,255,99,71,Angry,Spring,119,1
1820,User1820,,Non-Binary,Tablet,,Fashion,Desire,#EA3C53,234,60,83,Angry,Autumn,67,0
6075,User6075,32.0,Non-Binary,Desktop,Side,Home_Decor,Dark sky blue,#8CBED6,140,190,214,Neutral,Summer,38,1
9090,User9090,41.0,Male,Desktop,Side,Sports,Brown Sugar,#AF6E4D,175,110,77,Neutral,Spring,256,1
4756,User4756,59.0,Non-Binary,Mobile,Bottom,Tech,Dark green (X11),#006400,0,100,0,Neutral,Summer,201,1
4944,User4944,,Female,Tablet,Side,Sports,Flamingo pink,#FC8EAC,252,142,172,Happy,Spring,256,0
9642,User9642,,,,Bottom,Fashion,May green,#4C9141,76,145,65,Neutral,Autumn,66,1
6708,User6708,,,Desktop,,Food,Purpureus,#9A4EAE,154,78,174,Angry,Autumn,229,1
9868,User9868,45.0,,,Top,Tech,Kombu green,#354230,53,66,48,Sad,Summer,58,0
8530,User8530,52.0,Female,Mobile,Top,Fashion,Electric cyan,#00FFFF,0,255,255,Neutral,Monsoon,163,1
1546,User1546,,,Tablet,Side,Fashion,Orange (web),#FFA500,255,165,0,Sad,Autumn,298,0
4361,User4361,29.0,Male,,Side,Sports,Raw umber,#826644,130,102,68,Angry,Monsoon,29,1
5942,User5942,,Non-Binary,Tablet,Bottom,Sports,Timberwolf,#DBD7D2,219,215,210,Neutral,Spring,241,1
3020,User3020,,,,,Sports,Carmine red,#FF0038,255,0,56,Happy,Monsoon,104,0
5501,User5501,28.0,Non-Binary,Mobile,Bottom,Food,Baker-Miller pink,#FF91AF,255,145,175,Happy,Summer,232,1
8948,User8948,,,,Bottom,Home_Decor,Pumpkin,#FF7518,255,117,24,Sad,Winter,182,1
7750,User7750,46.0,,Mobile,Side,Home_Decor,Medium candy apple red,#E2062C,226,6,44,Happy,Winter,159,1
1077,User1077,,Non-Binary,Desktop,Top,Sports,Olive,#808000,128,128,0,Happy,Summer,243,1
6991,User6991,36.0,,Desktop,Side,Sports,Alice blue,#F0F8FF,240,248,255,Happy,Winter,147,0
9781,User9781,44.0,,,Side,Food,Sizzling Sunrise,#FFDB00,255,219,0,Angry,Summer,21,0
6296,User6296,29.0,,Desktop,Bottom,Home_Decor,Chocolate (web),#D2691E,210,105,30,Happy,Autumn,289,1
3915,User3915,,Female,Desktop,Side,Food,Turkish rose,#B57281,181,114,129,Calm,Monsoon,9,1
7099,User7099,22.0,Female,,Top,Fashion,Japanese indigo,#264348,38,67,72,Neutral,Winter,15,1
5329,User5329,54.0,Male,Tablet,,Home_Decor,Mummy's Tomb,#828E84,130,142,132,Happy,Autumn,212,1
4836,User4836,55.0,,,Side,Sports,Pearl,#EAE0C8,234,224,200,Happy,Winter,85,1
3330,User3330,49.0,Male,Desktop,Top,Tech,White,#FFFFFF,255,255,255,Happy,Spring,37,1
6653,User6653,57.0,,,Top,Fashion,Strawberry,#FC5A8D,252,90,141,Calm,Summer,163,0
4707,User4707,21.0,Non-Binary,Desktop,Top,Tech,Chocolate (web),#D2691E,210,105,30,Happy,Summer,278,1
2903,User2903,47.0,,Desktop,Side,Food,Otter brown,#654321,101,67,33,Happy,Autumn,119,0
4945,User4945,31.0,Male,,,Food,Cherry blossom pink,#FFB7C5,255,183,197,Neutral,Spring,221,1
6193,User6193,,Female,Desktop,Bottom,Food,Pullman Brown (UPS Brown),#644117,100,65,23,Calm,Monsoon,265,1
6066,User6066,,,Desktop,Side,Sports,Mimi Pink,#FFDAE9,255,218,233,Calm,Spring,162,1
5566,User5566,,Non-Binary,,,Food,Green Lizard,#A7F432,167,244,50,Happy,Spring,49,1
4871,User4871,58.0,Female,Desktop,Side,Tech,Cosmic Cobalt,#2E2D88,46,45,136,Calm,Monsoon,124,1
1143,User1143,,Female,Mobile,Top,Fashion,Azure (web color),#F0FFFF,240,255,255,Sad,Monsoon,219,0
2057,User2057,33.0,Non-Binary,Mobile,Bottom,Sports,Shampoo,#FFCFF1,255,207,241,Calm,Spring,132,0
9572,User9572,38.0,,Mobile,,Fashion,Medium turquoise,#48D1CC,72,209,204,Calm,Winter,258,1
3333,User3333,,Male,,Top,Food,Maroon (Crayola),#C32148,195,33,72,Calm,Winter,42,1
9418,User9418,,Male,Tablet,Side,Home_Decor,Star command blue,#007BB8,0,123,184,Angry,Spring,214,1
2973,User2973,27.0,Non-Binary,Tablet,Bottom,Sports,Sand,#C2B280,194,178,128,Angry,Winter,98,1
4313,User4313,,Female,Mobile,Side,Food,Fandango,#B53389,181,51,137,Angry,Monsoon,33,0
2174,User2174,36.0,,Desktop,Bottom,Sports,Maroon (HTML/CSS),#800000,128,0,0,Calm,Monsoon,168,1
2173,User2173,52.0,Male,Mobile,Bottom,Home_Decor,Pale plum,#DDA0DD,221,160,221,Sad,Winter,141,1
7808,User7808,26.0,Female,Desktop,Top,Tech,Ball blue,#21ABCD,33,171,205,Calm,Monsoon,27,1
5118,User5118,63.0,,Tablet,Top,Tech,Tractor red,#FD0E35,253,14,53,Happy,Summer,135,0
5914,User5914,,,Tablet,Bottom,Tech,Chartreuse (web),#7FFF00,127,255,0,Sad,Monsoon,90,0
5793,User5793,,Female,Mobile,Top,Home_Decor,Aero,#7CB9E8,124,185,232,Angry,Spring,188,0
6669,User6669,38.0,,Mobile,,Fashion,Byzantine,#BD33A4,189,51,164,Neutral,Autumn,241,1
3979,User3979,63.0,Non-Binary,,Side,Home_Decor,Navy,#000080,0,0,128,Sad,Winter,188,0
5288,User5288,43.0,Female,Mobile,Top,Home_Decor,Tangerine yellow,#FFCC00,255,204,0,Angry,Winter,163,0
5272,User5272,,,Tablet,Side,Food,Persian indigo,#32127A,50,18,122,Sad,Monsoon,15,0
4049,User4049,57.0,,Desktop,Top,Tech,Spanish pink,#F7BFBE,247,191,190,Sad,Monsoon,46,1
4836,User4836,55.0,,Tablet,Side,Sports,Dark tangerine,#FFA812,255,168,18,Calm,Autumn,239,1
9431,User9431,,Male,Mobile,,Fashion,Khaki (X11) (Light khaki),#F0E68C,240,230,140,Happy,Autumn,135,1
1908,User1908,26.0,,Mobile,Bottom,Sports,Yellow (RYB),#FEFE33,254,254,51,Neutral,Spring,189,1
1446,User1446,,,Desktop,Bottom,Food,Queen pink,#E8CCD7,232,204,215,Angry,Summer,18,1
2581,User2581,,Female,Mobile,Bottom,Food,Light orchid,#E6A8D7,230,168,215,Sad,Spring,258,1
412,User412,,Male,Tablet,Top,Fashion,Rich black (FOGRA29),#010B13,1,11,19,Neutral,Winter,151,1
3236,User3236,56.0,Female,Mobile,Bottom,Sports,Verdigris,#43B3AE,67,179,174,Sad,Monsoon,64,1
9992,User9992,,Male,Desktop,Side,Fashion,Platinum,#E5E4E2,229,228,226,Happy,Spring,296,1
6854,User6854,32.0,Male,Mobile,,Fashion,Middle Blue Green,#8DD9CC,141,217,204,Neutral,Monsoon,164,1
1650,User1650,29.0,,Desktop,Bottom,Tech,Café noir,#4B3621,75,54,33,Angry,Monsoon,30,1
2337,User2337,40.0,Male,Desktop,Top,Sports,Heart Gold,#808000,128,128,0,Sad,Spring,69,1
760,User760,,Non-Binary,Tablet,Bottom,Tech,Army green,#4B5320,75,83,32,Happy,Spring,74,0
878,User878,,,Tablet,Bottom,Tech,Yellow,#FFFF00,255,255,0,Neutral,Autumn,177,0
9677,User9677,39.0,Non-Binary,Mobile,,Tech,Rackley,#5D8AA8,93,138,168,Sad,Summer,229,0
2485,User2485,57.0,Non-Binary,Mobile,Bottom,Home_Decor,Vivid orchid,#CC00FF,204,0,255,Sad,Autumn,157,1
9617,User9617,63.0,,,,Food,Registration black,#000000,0,0,0,Angry,Summer,44,1
805,User805,,,,,Food,Taupe gray,#8B8589,139,133,137,Happy,Spring,150,1
1762,User1762,41.0,Male,Desktop,Side,Home_Decor,Red (RYB),#FE2712,254,39,18,Calm,Summer,102,1
9541,User9541,,Non-Binary,Mobile,Bottom,Fashion,Aquamarine,#7FFFD4,127,255,212,Sad,Winter,252,0
6268,User6268,,,Desktop,Top,Sports,Dark tan,#918151,145,129,81,Neutral,Autumn,16,1
2428,User2428,33.0,,Tablet,Side,Sports,Wine,#722F37,114,47,55,Angry,Autumn,28,1
9989,User9989,30.0,,Tablet,Side,Sports,Umber,#635147,99,81,71,Angry,Autumn,229,0
6654,User6654,33.0,,Desktop,Top,Tech,Pink lavender,#D8B2D1,216,178,209,Sad,Monsoon,249,1
6439,User6439,,Male,Mobile,Bottom,Sports,French raspberry,#C72C48,199,44,72,Sad,Monsoon,175,0
9516,User9516,,,Desktop,,Sports,Aqua,#00FFFF,0,255,255,Sad,Spring,36,1
6140,User6140,31.0,,Mobile,Top,Sports,Red (Pantone),#ED2939,237,41,57,Calm,Spring,118,0
6365,User6365,,,,Bottom,Food,Office green,#008000,0,128,0,Sad,Monsoon,213,1
3225,User3225,23.0,,,,Home_Decor,Red (Pantone),#ED2939,237,41,57,Happy,Autumn,39,1
7580,User7580,57.0,,Desktop,,Fashion,Lava,#CF1020,207,16,32,Neutral,Monsoon,209,0
4756,User4756,59.0,Non-Binary,Mobile,Bottom,Home_Decor,Sunset orange,#FD5E53,253,94,83,Sad,Summer,270,1
1525,User1525,46.0,Male,Tablet,Top,Sports,Sea Serpent,#4BC7CF,75,199,207,Calm,Autumn,69,0
5100,User5100,42.0,,Mobile,Side,Fashion,Chlorophyll green,#4AFF00,74,255,0,Neutral,Monsoon,102,1
3439,User3439,32.0,,Mobile,Bottom,Fashion,Dark raspberry,#872657,135,38,87,Angry,Spring,189,0
2544,User2544,56.0,Non-Binary,,Side,Home_Decor,Deep green-cyan turquoise,#0E7C61,14,124,97,Sad,Monsoon,242,0
3561,User3561,37.0,,Desktop,,Home_Decor,Blush,#DE5D83,222,93,131,Neutral,Winter,270,1
3430,User3430,61.0,Male,Desktop,,Home_Decor,Maximum Green,#5E8C31,94,140,49,Angry,Monsoon,236,1
6765,User6765,,Female,Tablet,Side,Home_Decor,Sea Serpent,#4BC7CF,75,199,207,Calm,Autumn,113,1
2691,User2691,,Non-Binary,Desktop,,Tech,Army green,#4B5320,75,83,32,Happy,Monsoon,182,1
1658,User1658,27.0,Female,Mobile,Side,Food,Yellow (Crayola),#FCE883,252,232,131,Sad,Spring,253,0
2595,User2595,,Female,Desktop,,Food,Chartreuse (web),#7FFF00,127,255,0,Happy,Summer,9,1
6202,User6202,,Female,Tablet,Bottom,Sports,Tropical rain forest,#00755E,0,117,94,Calm,Winter,161,1
2934,User2934,,Non-Binary,Desktop,Top,Tech,Dartmouth green,#00703C,0,112,60,Neutral,Autumn,234,1
4001,User4001,,Non-Binary,Desktop,Side,Fashion,Ube,#8878C3,136,120,195,Neutral,Spring,120,0
8174,User8174,20.0,,Mobile,Bottom,Home_Decor,Blast-off bronze,#A57164,165,113,100,Calm,Winter,265,1
5878,User5878,,,,Bottom,Sports,Deep lilac,#9955BB,153,85,187,Calm,Monsoon,131,1
1969,User1969,46.0,Non-Binary,Mobile,Bottom,Fashion,Jonquil,#F4CA16,244,202,22,Sad,Winter,32,1
6765,User6765,46.0,Female,Tablet,Side,Food,Orange (RYB),#FB9902,251,153,2,Angry,Summer,232,1
1914,User1914,42.0,,Tablet,Bottom,Fashion,Navy,#000080,0,0,128,Happy,Winter,133,1
2125,User2125,,,Tablet,,Home_Decor,Deep saffron,#FF9933,255,153,51,Happy,Winter,33,1
9888,User9888,49.0,,Mobile,Top,Home_Decor,Irresistible,#B3446C,179,68,108,Neutral,Monsoon,183,1
1507,User1507,,,Desktop,Bottom,Food,UCLA Gold,#FFB300,255,179,0,Neutral,Monsoon,168,0
1020,User1020,,,Mobile,Side,Home_Decor,Deep mauve,#D473D4,212,115,212,Sad,Autumn,164,1
5412,User5412,35.0,,Mobile,Top,Tech,Carrot orange,#ED9121,237,145,33,Calm,Monsoon,292,1
2733,User2733,,Non-Binary,Tablet,Bottom,Sports,Fawn,#E5AA70,229,170,112,Happy,Winter,269,1
6258,User6258,,,Tablet,,Food,Maximum Purple,#733380,115,51,128,Sad,Summer,29,1
2114,User2114,20.0,Male,Tablet,Bottom,Food,Air Force blue (USAF),#00308F,0,48,143,Neutral,Monsoon,149,0
2431,User2431,,,Desktop,Top,Fashion,Bright turquoise,#08E8DE,8,232,222,Neutral,Autumn,179,1
7266,User7266,,,Tablet,Bottom,Food,Irresistible,#B3446C,179,68,108,Happy,Autumn,12,1
8832,User8832,,,Tablet,,Sports,Outer Space,#414A4C,65,74,76,Neutral,Winter,113,1
8561,User8561,,Male,Mobile,Bottom,Tech,Misty rose,#FFE4E1,255,228,225,Neutral,Monsoon,133,1
4848,User4848,,Female,Desktop,Bottom,Fashion,Satin sheen gold,#CBA135,203,161,53,Angry,Monsoon,6,1
6906,User6906,,Non-Binary,Mobile,,Sports,Icterine,#FCF75E,252,247,94,Calm,Autumn,14,1
3906,User3906,,Non-Binary,Tablet,,Food,Ferrari Red,#FF2800,255,40,0,Neutral,Monsoon,121,1
7422,User7422,20.0,,Desktop,Top,Home_Decor,Magenta (Pantone),#D0417E,208,65,126,Angry,Winter,15,1
4844,User4844,55.0,,Desktop,,Home_Decor,Deep saffron,#FF9933,255,153,51,Sad,Summer,100,0
8044,User8044,34.0,Male,Tablet,Bottom,Sports,Bitter lime,#BFFF00,191,255,0,Neutral,Winter,97,0
9266,User9266,38.0,,Mobile,,Tech,Deep mauve,#D473D4,212,115,212,Sad,Monsoon,106,1
468,User468,33.0,,Desktop,,Home_Decor,Xanadu,#738678,115,134,120,Neutral,Winter,102,0
7470,User7470,,,,Side,Sports,Languid lavender,#D6CADD,214,202,221,Happy,Spring,286,0
9644,User9644,27.0,,Desktop,Bottom,Fashion,Dark imperial blue,#00416A,0,65,106,Angry,Spring,299,0
775,User775,,Female,,Top,Food,Vivid orange,#FF5F00,255,95,0,Angry,Monsoon,160,1
5100,User5100,42.0,,Mobile,Side,Tech,Shadow blue,#778BA5,119,139,165,Happy,Monsoon,149,1
9791,User9791,61.0,,Desktop,,Tech,Sunset,#FAD6A5,250,214,165,Calm,Summer,215,0
3934,User3934,,Non-Binary,,Side,Fashion,Vivid vermilion,#E56024,229,96,36,Angry,Winter,159,0
6576,User6576,62.0,Female,,Bottom,Tech,Amaranth deep purple,#9F2B68,159,43,104,Sad,Summer,246,1
5699,User5699,19.0,,Tablet,,Sports,Deep puce,#A95C68,169,92,104,Angry,Monsoon,80,1
6100,User6100,,,Desktop,Bottom,Tech,Vivid mulberry,#B80CE3,184,12,227,Calm,Monsoon,179,1
3042,User3042,,,Mobile,Side,Tech,Pastel blue,#AEC6CF,174,198,207,Sad,Autumn,115,1
7993,User7993,,Non-Binary,Mobile,Bottom,Tech,Maximum Purple,#733380,115,51,128,Sad,Summer,22,1
6449,User6449,,,Desktop,Top,Sports,French lilac,#86608E,134,96,142,Happy,Monsoon,295,1
4610,User4610,,,,,Food,Pale turquoise,#AFEEEE,175,238,238,Neutral,Spring,278,0
7376,User7376,21.0,Female,,Side,Home_Decor,Deep Space Sparkle,#4A646C,74,100,108,Happy,Autumn,242,1
9077,User9077,56.0,,Mobile,Bottom,Tech,Magenta-pink,#CC338B,204,51,139,Neutral,Winter,202,0
4894,User4894,,,Desktop,Side,Fashion,Rose quartz,#AA98A9,170,152,169,Happy,Autumn,166,0
2529,User2529,,Female,Desktop,Top,Fashion,Fuzzy Wuzzy,#CC6666,204,102,102,Neutral,Winter,204,1
2488,User2488,25.0,,Mobile,Side,Sports,English violet,#563C5C,86,60,92,Angry,Spring,238,0
4493,User4493,,Male,Tablet,Side,Food,KSU Purple,#512888,79,38,131,Sad,Winter,47,0
9990,User9990,25.0,,Desktop,,Tech,Vivid vermilion,#E56024,229,96,36,Neutral,Summer,86,1
250,User250,,Non-Binary,,Bottom,Sports,Vivid orange,#FF5F00,255,95,0,Angry,Winter,31,1
2384,User2384,37.0,Non-Binary,Desktop,Side,Home_Decor,Rich lilac,#B666D2,182,102,210,Calm,Winter,73,0
301,User301,59.0,Male,Tablet,Side,Food,Jordy blue,#8AB9F1,138,185,241,Happy,Autumn,203,1
9530,User9530,45.0,Non-Binary,,,Food,Dark yellow,#9B870C,155,135,12,Calm,Spring,220,0
3730,User3730,,,,,Sports,Vivid malachite,#00CC33,0,204,51,Angry,Winter,128,0
9755,User9755,,Female,Desktop,,Fashion,Aqua,#00FFFF,0,255,255,Calm,Summer,20,0
6086,User6086,24.0,Male,Desktop,Bottom,Food,Rich black (FOGRA39),#010203,1,2,3,Calm,Autumn,130,1
1283,User1283,57.0,Male,Mobile,Top,Fashion,Dandelion,#F0E130,240,225,48,Angry,Spring,18,0
2581,User2581,,,Mobile,Bottom,Food,Vermilion,#E34234,227,66,52,Sad,Spring,43,1
3908,User3908,,,Desktop,Bottom,Food,Pink pearl,#E7ACCF,231,172,207,Neutral,Monsoon,203,1
412,User412,,Male,Tablet,,Food,Golden brown,#996515,153,101,21,Happy,Summer,112,1
7313,User7313,,Non-Binary,Mobile,Side,Home_Decor,Wheat,#F5DEB3,245,222,179,Neutral,Autumn,272,1
3324,User3324,22.0,,Tablet,Top,Fashion,Mellow apricot,#F8B878,248,184,120,Happy,Autumn,44,0
5942,User5942,,Non-Binary,,Bottom,Home_Decor,Castleton green,#00563F,0,86,63,Neutral,Summer,273,1
1148,User1148,25.0,,Mobile,Bottom,Fashion,St. Patrick's blue,#23297A,35,41,122,Calm,Spring,73,1
504,User504,,Male,Desktop,Bottom,Home_Decor,Heliotrope,#DF73FF,223,115,255,Sad,Winter,156,0
9723,User9723,,Female,Mobile,Side,Home_Decor,Pink Sherbet,#F78FA7,247,143,167,Calm,Summer,191,1
2032,User2032,36.0,,Desktop,Bottom,Home_Decor,Electric indigo,#6F00FF,111,0,255,Sad,Autumn,245,1
6167,User6167,,Male,,Side,Sports,Pearl Aqua,#88D8C0,136,216,192,Angry,Summer,231,1
4945,User4945,31.0,Male,Tablet,Top,Home_Decor,May green,#4C9141,76,145,65,Happy,Spring,208,1
4098,User4098,,Female,Desktop,,Food,Amazonite,#00C4B0,0,196,176,Happy,Monsoon,271,0
6337,User6337,,,,Top,Tech,Giant's Club,#B05C52,176,92,82,Angry,Monsoon,122,1
3574,User3574,,Female,Tablet,Top,Home_Decor,Tangerine yellow,#FFCC00,255,204,0,Neutral,Winter,296,1
3333,User3333,,Male,Tablet,Top,Tech,Champagne,#F7E7CE,247,231,206,Angry,Winter,226,1
923,User923,35.0,,Desktop,Bottom,Tech,Dark moss green,#4A5D23,74,93,35,Angry,Spring,67,0
6932,User6932,,Male,Mobile,,Food,Yellow rose,#FFF000,255,240,0,Sad,Winter,9,0
4076,User4076,,,Desktop,,Tech,Maximum Yellow Red,#F2BA49,242,186,73,Angry,Monsoon,296,0
1304,User1304,22.0,Male,Desktop,Bottom,Tech,Mardi Gras,#880085,136,0,133,Happy,Spring,149,0
6495,User6495,,,Tablet,Bottom,Tech,Dark cerulean,#08457E,8,69,126,Calm,Spring,154,1
3037,User3037,36.0,Male,Mobile,,Fashion,Medium orchid,#BA55D3,186,85,211,Sad,Spring,163,1
1141,User1141,,Male,,Bottom,Home_Decor,Mode beige,#967117,150,113,23,Sad,Summer,273,1
936,User936,,,Desktop,Bottom,Home_Decor,Vivid raspberry,#FF006C,255,0,108,Neutral,Winter,15,0
9157,User9157,,,,Bottom,Tech,Purple taupe,#50404D,80,64,77,Calm,Autumn,73,1
3158,User3158,47.0,,Tablet,Bottom,Food,Dodger blue,#1E90FF,30,144,255,Sad,Monsoon,196,0
718,User718,19.0,,Desktop,Bottom,Fashion,Frostbite,#E936A7,233,54,167,Angry,Winter,106,0
7248,User7248,,Non-Binary,Mobile,Top,Food,Russian violet,#32174D,50,23,77,Sad,Monsoon,36,1
2804,User2804,,Female,Tablet,Bottom,Food,Antique brass,#CD9575,205,149,117,Sad,Winter,206,1
4536,User4536,,,Desktop,Side,Tech,Piggy pink,#FDDDE6,253,221,230,Sad,Autumn,270,0
9905,User9905,,Non-Binary,Tablet,,Sports,Scarlet,#FD0E35,253,14,53,Neutral,Monsoon,112,1
6743,User6743,,,Mobile,Side,Tech,Peach,#FFE5B4,255,229,180,Sad,Autumn,58,1
9231,User9231,,,Desktop,Top,Sports,Bistre,#3D2B1F,61,43,31,Sad,Monsoon,194,1
1454,User1454,,Female,Tablet,Top,Fashion,Purple Plum,#9C51B6,156,81,182,Neutral,Summer,243,1
9888,User9888,49.0,Male,Mobile,Top,Sports,Fresh Air,#A6E7FF,166,231,255,Calm,Summer,295,1
2358,User2358,28.0,,,Side,Tech,Jet,#343434,52,52,52,Happy,Monsoon,277,0
1755,User1755,,Non-Binary,Tablet,Bottom,Tech,Middle Blue Green,#8DD9CC,141,217,204,Neutral,Monsoon,46,1
4348,User4348,62.0,Female,,Top,Food,Hansa yellow,#E9D66B,233,214,107,Neutral,Autumn,202,1
1878,User1878,,Male,Tablet,,Tech,Star command blue,#007BB8,0,123,184,Sad,Spring,125,0
1908,User1908,26.0,Male,Mobile,Bottom,Tech,Electric blue,#7DF9FF,125,249,255,Sad,Monsoon,288,1
3126,User3126,18.0,Female,Mobile,Bottom,Home_Decor,Arctic lime,#D0FF14,208,255,20,Happy,Winter,299,0
5412,User5412,35.0,,Mobile,Top,Home_Decor,Yellow Sunshine,#FFF700,255,247,0,Sad,Winter,186,1
6980,User6980,62.0,,Desktop,Bottom,Food,Pearly purple,#B768A2,183,104,162,Angry,Winter,104,1
5209,User5209,63.0,,Mobile,Side,Sports,Ogre Odor,#FD5240,253,82,64,Sad,Summer,15,0
1372,User1372,51.0,Non-Binary,Tablet,Top,Sports,Burnt orange,#CC5500,204,85,0,Sad,Autumn,237,0
5579,User5579,,Non-Binary,,Side,Home_Decor,Smoky Topaz,#933D41,147,61,65,Angry,Summer,121,1
1122,User1122,49.0,Non-Binary,Tablet,Top,Fashion,Pear,#D1E231,209,226,49,Happy,Winter,68,1
2142,User2142,34.0,Non-Binary,,Top,Home_Decor,Teal deer,#99E6B3,153,230,179,Angry,Monsoon,180,1
1369,User1369,,,Desktop,Bottom,Fashion,Red (pigment),#ED1C24,237,28,36,Neutral,Winter,87,1
7995,User7995,38.0,,Tablet,,Sports,Spanish carmine,#D10047,209,0,71,Angry,Monsoon,6,0
2530,User2530,37.0,,,Top,Home_Decor,Sandstorm,#ECD540,236,213,64,Calm,Autumn,221,0
6849,User6849,39.0,,Mobile,Top,Tech,Pale pink,#FADADD,250,218,221,Neutral,Spring,246,1
2032,User2032,,,Desktop,,Fashion,Midnight,#702670,112,38,112,Sad,Monsoon,64,1
284,User284,,Non-Binary,,Side,Fashion,Rich black (FOGRA39),#010203,1,2,3,Neutral,Summer,207,1
2387,User2387,,Non-Binary,Mobile,Top,Fashion,Amazon,#3B7A57,59,122,87,Happy,Winter,44,1
1420,User1420,62.0,Non-Binary,Desktop,Bottom,Sports,Dark magenta,#8B008B,139,0,139,Happy,Winter,49,1
9018,User9018,,Non-Binary,Tablet,Bottom,Food,Pastel green,#77DD77,119,221,119,Angry,Winter,123,0
6462,User6462,36.0,,,Side,Tech,Bittersweet shimmer,#BF4F51,191,79,81,Neutral,Monsoon,135,1
4254,User4254,19.0,,Desktop,,Home_Decor,Wood brown,#C19A6B,193,154,107,Sad,Autumn,284,1
7491,User7491,28.0,Female,Mobile,Bottom,Fashion,Jet,#343434,52,52,52,Happy,Monsoon,54,0
5194,User5194,53.0,,Mobile,Top,Sports,Psychedelic purple,#DF00FF,223,0,255,Sad,Summer,92,1
7785,User7785,,Male,Desktop,,Fashion,Tuscan tan,#A67B5B,166,123,91,Calm,Winter,25,0
1420,User1420,62.0,Non-Binary,Desktop,Bottom,Home_Decor,Tuscany,#C09999,192,153,153,Happy,Monsoon,236,1
9311,User9311,,Non-Binary,Desktop,,Tech,Rose red,#C21E56,194,30,86,Angry,Winter,47,1
5629,User5629,,,,Top,Fashion,Ocean Boat Blue,#0077BE,0,119,190,Calm,Summer,27,1
4750,User4750,,Male,,Bottom,Sports,Ocean Blue,#4F42B5,79,66,181,Neutral,Spring,220,0
6161,User6161,61.0,Female,Tablet,,Sports,Yellow Sunshine,#FFF700,255,247,0,Sad,Spring,281,1
7,User7,,Female,Tablet,,Food,Gray (HTML/CSS gray),#808080,128,128,128,Happy,Spring,198,1
1503,User1503,19.0,,Tablet,Side,Sports,CG Red,#E03C31,224,60,49,Calm,Winter,219,1
1623,User1623,50.0,,Mobile,,Food,Sinopia,#CB410B,203,65,11,Calm,Monsoon,183,0
412,User412,,Male,Tablet,Top,Tech,Fire engine red,#CE2029,206,32,41,Happy,Winter,147,1
1503,User1503,,Female,Tablet,,Home_Decor,Resolution blue,#002387,0,35,135,Neutral,Autumn,30,1
9990,User9990,25.0,Male,Desktop,Side,Food,Harvest gold,#DA9100,218,145,0,Neutral,Monsoon,222,1
6409,User6409,52.0,,Desktop,Top,Fashion,Laser Lemon,#FFFF66,255,255,102,Angry,Summer,63,1
1369,User1369,,,Desktop,,Fashion,Sap green,#507D2A,80,125,42,Neutral,Spring,49,1
7674,User7674,43.0,Female,Tablet,Bottom,Home_Decor,Celadon green,#2F847C,47,132,124,Angry,Monsoon,228,1
3044,User3044,34.0,Male,Desktop,Top,Sports,Duke blue,#00009C,0,0,156,Calm,Monsoon,260,1
2604,User2604,,Female,Desktop,Top,Fashion,Deep green-cyan turquoise,#0E7C61,14,124,97,Happy,Spring,114,0
5942,User5942,,,Tablet,Bottom,Food,Raspberry glace,#915F6D,145,95,109,Neutral,Summer,254,1
3483,User3483,20.0,,Mobile,Side,Home_Decor,Mauve taupe,#915F6D,145,95,109,Angry,Winter,81,1
6590,User6590,,,Desktop,Bottom,Fashion,Dim gray,#696969,105,105,105,Calm,Winter,287,0
4694,User4694,29.0,Female,Mobile,Top,Sports,Persimmon,#EC5800,236,88,0,Neutral,Monsoon,91,0
7151,User7151,,Non-Binary,Tablet,,Sports,Pink pearl,#E7ACCF,231,172,207,Sad,Spring,254,1
5285,User5285,62.0,Female,Mobile,Top,Fashion,Hollywood cerise,#F400A1,244,0,161,Calm,Autumn,212,0
8127,User8127,,,Tablet,Bottom,Home_Decor,Turkish rose,#B57281,181,114,129,Neutral,Summer,163,1
1454,User1454,,Female,Tablet,Top,Tech,Metallic Seaweed,#0A7E8C,10,126,140,Calm,Winter,16,1
6854,User6854,,Male,Mobile,Bottom,Fashion,Cerulean frost,#6D9BC3,109,155,195,Happy,Summer,229,1
9090,User9090,,Male,Desktop,,Sports,French rose,#F64A8A,246,74,138,Happy,Summer,36,1
2129,User2129,47.0,,Tablet,Bottom,Tech,Zinnwaldite brown,#2C1608,44,22,8,Happy,Summer,58,1
9130,User9130,,,,,Home_Decor,Volt,#CEFF00,205,255,0,Sad,Spring,246,0
2332,User2332,,Non-Binary,Mobile,Top,Sports,Heart Gold,#808000,128,128,0,Happy,Spring,119,0
6409,User6409,52.0,Male,Desktop,Top,Home_Decor,Royal blue,#4169E1,65,105,225,Sad,Spring,292,1
1586,User1586,38.0,Non-Binary,Desktop,Top,Fashion,Radical Red,#FF355E,255,53,94,Happy,Monsoon,108,1
8198,User8198,,Non-Binary,Mobile,Side,Home_Decor,Medium taupe,#674C47,103,76,71,Calm,Spring,131,0
3729,User3729,31.0,,,Top,Sports,Rosy brown,#BC8F8F,188,143,143,Neutral,Monsoon,44,0
9473,User9473,38.0,,Mobile,Bottom,Fashion,Green (Pantone),#00AD43,0,173,67,Neutral,Winter,76,0
1972,User1972,33.0,Non-Binary,Desktop,,Sports,Bondi blue,#0095B6,0,149,182,Happy,Winter,239,0
9990,User9990,25.0,Male,Desktop,Side,Sports,Drab,#967117,150,113,23,Neutral,Winter,251,1
1250,User1250,33.0,,,Top,Tech,Kobicha,#6B4423,107,68,35,Happy,Winter,298,0
1091,User1091,,Female,,,Food,Eggshell,#F0EAD6,240,234,214,Happy,Winter,251,0
7570,User7570,,Female,,Bottom,Home_Decor,Sky blue,#87CEEB,135,206,235,Angry,Spring,38,0
6094,User6094,,Non-Binary,Tablet,Top,Home_Decor,Medium sea green,#3CB371,60,179,113,Angry,Autumn,133,1
7908,User7908,34.0,Male,Mobile,Side,Tech,Beaver,#9F8170,159,129,112,Angry,Spring,14,0
277,User277,,Male,Desktop,Top,Home_Decor,Cyber grape,#58427C,88,66,124,Sad,Autumn,172,1
8886,User8886,28.0,,Tablet,Side,Tech,Debian red,#D70A53,215,10,83,Angry,Spring,276,0
3393,User3393,,,,Top,Home_Decor,Lemon chiffon,#FFFACD,255,250,205,Happy,Winter,220,1
3768,User3768,41.0,,,Bottom,Home_Decor,Cadmium orange,#ED872D,237,135,45,Calm,Summer,244,0
5501,User5501,,Non-Binary,Mobile,,Sports,Alice blue,#F0F8FF,240,248,255,Angry,Autumn,18,1
6471,User6471,36.0,Female,Desktop,Top,Tech,Medium vermilion,#D9603B,217,96,59,Angry,Summer,94,0
4742,User4742,,Male,Desktop,Bottom,Home_Decor,Old lace,#FDF5E6,253,245,230,Calm,Winter,22,1
9057,User9057,38.0,,Desktop,Side,Food,Blue (RYB),#0247FE,2,71,254,Happy,Autumn,173,1
5520,User5520,,,Desktop,Bottom,Tech,Naples yellow,#FADA5E,250,218,94,Sad,Summer,60,1
5100,User5100,42.0,,Mobile,Side,Tech,Charm pink,#E68FAC,230,143,172,Angry,Spring,168,1
2017,User2017,,Male,Tablet,Bottom,Tech,Spanish orange,#E86100,232,97,0,Calm,Winter,156,1
9966,User9966,,,Mobile,Top,Sports,Electric indigo,#6F00FF,111,0,255,Happy,Spring,94,1
7322,User7322,,,,Bottom,Tech,La Salle Green,#087830,8,120,48,Neutral,Spring,289,1
319,User319,,,Desktop,Bottom,Sports,Periwinkle,#CCCCFF,204,204,255,Sad,Winter,26,0
6556,User6556,,Female,Tablet,Bottom,Food,Shadow blue,#778BA5,119,139,165,Calm,Autumn,271,0
9555,User9555,,Female,Tablet,Side,Fashion,Laurel green,#A9BA9D,169,186,157,Calm,Monsoon,250,0
9220,User9220,21.0,Female,Mobile,Side,Sports,Spanish gray,#989898,152,152,152,Calm,Monsoon,143,1
3323,User3323,48.0,Female,,Side,Home_Decor,Blast-off bronze,#A57164,165,113,100,Angry,Winter,56,1
8883,User8883,,Female,Mobile,Bottom,Tech,Magenta (process),#FF0090,255,0,144,Neutral,Monsoon,71,1
7381,User7381,,Non-Binary,Tablet,Side,Fashion,Medium jungle green,#1C352D,28,53,45,Sad,Summer,89,0
6248,User6248,48.0,Female,Mobile,Top,Sports,Puce red,#722F37,114,47,55,Happy,Autumn,254,1
6300,User6300,,Female,Tablet,Side,Home_Decor,Cool Black,#002E63,0,46,99,Happy,Spring,127,0
4836,User4836,,,Tablet,Side,Fashion,Acid green,#B0BF1A,176,191,26,Neutral,Spring,206,1
6194,User6194,,,,Top,Food,Chocolate (traditional),#7B3F00,123,63,0,Calm,Winter,10,0
6296,User6296,29.0,,Desktop,Bottom,Sports,Old lace,#FDF5E6,253,245,230,Calm,Spring,203,1
6560,User6560,,,,,Sports,Languid lavender,#D6CADD,214,202,221,Calm,Summer,228,0
1706,User1706,,,,Bottom,Food,Bole,#79443B,121,68,59,Calm,Summer,17,1
9418,User9418,20.0,Male,,,Sports,Pink Sherbet,#F78FA7,247,143,167,Calm,Winter,10,1
8459,User8459,38.0,,,Bottom,Tech,Stil de grain yellow,#FADA5E,250,218,94,Neutral,Spring,125,1
4747,User4747,57.0,,Mobile,Bottom,Sports,Catawba,#703642,112,54,66,Angry,Monsoon,49,0
147,User147,42.0,,Desktop,Top,Tech,UA blue,#0033AA,0,51,170,Sad,Monsoon,30,0
5520,User5520,,Non-Binary,Desktop,Bottom,Sports,Pastel orange,#FFB347,255,179,71,Calm,Autumn,8,1
2017,User2017,,Male,,Bottom,Home_Decor,Black Shadows,#BFAFB2,191,175,178,Angry,Winter,297,1
7003,User7003,35.0,Female,,Top,Home_Decor,Boysenberry,#873260,135,50,96,Happy,Autumn,281,0
6861,User6861,,Non-Binary,,,Fashion,Brown (traditional),#964B00,150,75,0,Neutral,Monsoon,288,1
7766,User7766,,,Mobile,Top,Home_Decor,Rich lilac,#B666D2,182,102,210,Angry,Monsoon,214,1
2597,User2597,,Female,Mobile,Top,Food,Blue-green,#0D98BA,13,152,186,Calm,Monsoon,292,0
7993,User7993,,Non-Binary,Mobile,Bottom,Fashion,Pearly purple,#B768A2,183,104,162,Calm,Autumn,185,1
1056,User1056,,Male,,Top,Home_Decor,Fiery Rose,#FF5470,255,84,112,Calm,Winter,257,0
5055,User5055,45.0,Male,Desktop,Top,Tech,Dark purple,#301934,48,25,52,Angry,Summer,286,1
2535,User2535,61.0,Male,Mobile,Bottom,Sports,Light orchid,#E6A8D7,230,168,215,Calm,Summer,149,0
6075,User6075,32.0,Non-Binary,Desktop,,Home_Decor,Alabama crimson,#AF002A,175,0,42,Angry,Monsoon,120,1
4836,User4836,,,Tablet,Side,Tech,Myrtle green,#317873,49,120,115,Calm,Winter,34,1
1126,User1126,,,Tablet,Side,Fashion,Smokey Topaz,#832A0D,131,42,34,Happy,Winter,246,1
1446,User1446,,,Desktop,Bottom,Sports,Chinese violet,#856088,133,96,136,Happy,Spring,9,1
1992,User1992,,,Tablet,,Home_Decor,International orange (aerospace),#FF4F00,255,79,0,Sad,Spring,266,0
2142,User2142,34.0,,Desktop,Top,Fashion,Medium orchid,#BA55D3,186,85,211,Calm,Autumn,110,1
3803,User3803,,Female,,Top,Home_Decor,Yellow (NCS),#FFD300,255,211,0,Calm,Spring,128,1
445,User445,,Female,Tablet,Bottom,Fashion,Spanish carmine,#D10047,209,0,71,Angry,Autumn,142,0
896,User896,55.0,Non-Binary,,Bottom,Home_Decor,Blue-violet,#8A2BE2,138,43,226,Angry,Summer,110,0
7962,User7962,58.0,,Tablet,Top,Tech,Coral pink,#F88379,248,131,121,Calm,Monsoon,217,1
8326,User8326,23.0,Female,Desktop,Bottom,Food,Dollar bill,#85BB65,133,187,101,Sad,Winter,60,1
250,User250,,Non-Binary,,Bottom,Tech,Air Force blue (USAF),#00308F,0,48,143,Calm,Summer,136,1
2542,User2542,,,,,Sports,Fresh Air,#A6E7FF,166,231,255,Angry,Summer,273,1
6576,User6576,62.0,Female,Desktop,Bottom,Home_Decor,Spanish carmine,#D10047,209,0,71,Calm,Autumn,126,1
1497,User1497,26.0,Female,,Top,Food,CG Red,#E03C31,224,60,49,Angry,Monsoon,206,0
1635,User1635,54.0,Female,Tablet,,Food,Peru,#CD853F,205,133,63,Calm,Autumn,212,1
1136,User1136,58.0,,,Side,Sports,Amazonite,#00C4B0,0,196,176,Neutral,Summer,279,1
640,User640,,,Desktop,,Sports,English green,#1B4D3E,27,77,62,Angry,Winter,94,0
5813,User5813,,Female,Tablet,,Food,Persian pink,#F77FBE,247,127,190,Sad,Spring,194,0
234,User234,19.0,,Tablet,Bottom,Sports,Han purple,#5218FA,82,24,250,Neutral,Autumn,269,1
7973,User7973,28.0,Female,Mobile,Bottom,Sports,Tea rose,#F4C2C2,244,194,194,Calm,Summer,50,1
4266,User4266,28.0,,Desktop,Side,Home_Decor,Olive Drab #7,#3C341F,60,52,31,Angry,Spring,44,1
234,User234,19.0,,Tablet,Bottom,Tech,Pastel red,#FF6961,255,105,97,Neutral,Spring,71,1
3225,User3225,23.0,,Tablet,Bottom,Fashion,Alloy orange,#C46210,196,98,16,Sad,Summer,117,1
1539,User1539,43.0,,Mobile,Bottom,Food,Red (Munsell),#F2003C,242,0,60,Angry,Monsoon,66,1
287,User287,,Male,Desktop,Top,Fashion,Red-orange,#FF5349,255,83,73,Neutral,Summer,231,0
9412,User9412,34.0,,,,Food,Rosy brown,#BC8F8F,188,143,143,Neutral,Winter,178,1
3022,User3022,37.0,Non-Binary,Desktop,,Food,Safety orange,#FF7800,255,120,0,Neutral,Spring,138,0
7266,User7266,,,Tablet,Bottom,Tech,Black Coral,#54626F,84,98,111,Happy,Winter,289,1
5968,User5968,,,Tablet,Side,Food,Pineapple,#563C5C,86,60,13,Calm,Autumn,279,1
5458,User5458,41.0,Non-Binary,Desktop,Bottom,Food,White,#FFFFFF,255,255,255,Angry,Spring,118,0
4518,User4518,,Female,,Bottom,Tech,Boysenberry,#873260,135,50,96,Angry,Monsoon,112,0
5796,User5796,46.0,Non-Binary,Mobile,Bottom,Sports,Tropical rain forest,#00755E,0,117,94,Angry,Summer,147,1
9990,User9990,25.0,Male,,Side,Fashion,Midnight green (eagle green),#004953,0,73,83,Neutral,Autumn,61,1
1171,User1171,,Female,Mobile,Bottom,Food,Mango Tango,#FF8243,255,130,67,Calm,Winter,298,1
9311,User9311,,Non-Binary,,Side,Tech,Dark orchid,#9932CC,153,50,204,Sad,Autumn,281,1
1918,User1918,,,,Side,Food,Maximum Blue,#47ABCC,71,171,204,Angry,Monsoon,55,0
6572,User6572,,Non-Binary,,Side,Tech,Dark cyan,#008B8B,0,139,139,Calm,Summer,280,0
8255,User8255,22.0,Female,Mobile,Side,Fashion,Dark olive green,#556B2F,85,107,47,Calm,Autumn,238,0
1279,User1279,,,,Side,Home_Decor,Pink lavender,#D8B2D1,216,178,209,Happy,Winter,246,0
2174,User2174,36.0,Female,Desktop,Bottom,Sports,Liver chestnut,#987456,152,116,86,Angry,Autumn,262,1
8252,User8252,,Male,Tablet,Side,Home_Decor,Indigo (web),#4B0082,75,0,130,Neutral,Summer,241,1
6862,User6862,,Male,Tablet,,Tech,Dark pastel purple,#966FD6,150,111,214,Calm,Autumn,36,1
6654,User6654,33.0,,Desktop,Top,Food,Pastel purple,#B39EB5,179,158,181,Calm,Winter,252,1
1589,User1589,60.0,Female,Mobile,Side,Sports,Silver sand,#BFC1C2,191,193,194,Sad,Summer,136,0
4912,User4912,,,,Top,Fashion,Plump Purple,#5946B2,89,70,178,Happy,Monsoon,267,0
255,User255,31.0,,Desktop,Bottom,Sports,Ming,#36747D,54,116,125,Calm,Monsoon,263,1
4021,User4021,38.0,,,Side,Food,Apple green,#8DB600,141,182,0,Calm,Spring,285,1
9676,User9676,21.0,,Mobile,Top,Home_Decor,French bistre,#856D4D,133,109,77,Neutral,Autumn,254,1
226,User226,,,Desktop,Top,Tech,Bleu de France,#318CE7,49,140,231,Neutral,Winter,269,1
2137,User2137,,Male,,Side,Home_Decor,Violet (RYB),#8601AF,134,1,175,Sad,Autumn,219,1
9875,User9875,58.0,Male,Tablet,,Sports,Deep lilac,#9955BB,153,85,187,Sad,Summer,219,0
2087,User2087,,,Mobile,Bottom,Food,Phthalo blue,#000F89,0,15,137,Sad,Spring,286,0
5912,User5912,41.0,Non-Binary,Mobile,,Tech,Papaya whip,#FFEFD5,255,239,213,Neutral,Winter,22,1
7558,User7558,,,Mobile,,Food,Burnt umber,#8A3324,138,51,36,Neutral,Autumn,6,1
8530,User8530,52.0,Female,Mobile,Top,Food,Raisin black,#242124,36,33,36,Happy,Winter,5,1
2993,User2993,,,Mobile,,Sports,Amber (SAE/ECE),#FF7E00,255,126,0,Angry,Summer,220,0
1178,User1178,,,Desktop,Bottom,Home_Decor,Electric purple,#BF00FF,191,0,255,Angry,Spring,168,1
5214,User5214,25.0,,Tablet,,Food,Old rose,#C08081,192,128,129,Happy,Winter,195,0
3601,User3601,,Non-Binary,Mobile,Bottom,Food,Hansa yellow,#E9D66B,233,214,107,Angry,Summer,79,1
1529,User1529,20.0,Female,Mobile,Top,Food,Mellow yellow,#F8DE7E,248,222,126,Neutral,Monsoon,30,1
3604,User3604,,Male,Tablet,Bottom,Tech,Hot pink,#FF69B4,255,105,180,Angry,Winter,266,1
4137,User4137,,,Mobile,Top,Food,Radical Red,#FF355E,255,53,94,Neutral,Spring,286,0
2942,User2942,,Non-Binary,Mobile,,Food,Buff,#F0DC82,240,220,130,Happy,Winter,225,0
2096,User2096,48.0,Non-Binary,Desktop,,Sports,Purple Plum,#9C51B6,156,81,182,Sad,Winter,47,1
4889,User4889,45.0,,Tablet,Bottom,Food,Lemon curry,#CCA01D,204,160,29,Happy,Summer,126,1
4284,User4284,40.0,Non-Binary,Tablet,Side,Food,Fandango pink,#DE5285,222,82,133,Angry,Autumn,133,0
1136,User1136,58.0,,Mobile,Side,Sports,Windsor tan,#A75502,167,85,2,Neutral,Autumn,269,1
3906,User3906,,Non-Binary,Tablet,Bottom,Tech,Tan,#D2B48C,210,180,140,Angry,Winter,287,1
8326,User8326,23.0,Female,Desktop,Bottom,Home_Decor,Pastel blue,#AEC6CF,174,198,207,Angry,Spring,75,1
8747,User8747,30.0,,Desktop,Bottom,Sports,Key Lime,#E8F48C,232,244,140,Sad,Spring,263,0
9136,User9136,,Non-Binary,,Side,Tech,Dark yellow,#9B870C,155,135,12,Angry,Summer,205,1
3001,User3001,23.0,,Desktop,Top,Home_Decor,Prune,#701C1C,112,28,28,Sad,Winter,134,0
6651,User6651,57.0,,,,Food,Dark imperial blue,#00416A,0,65,106,Neutral,Winter,85,0
1613,User1613,60.0,,Mobile,Side,Sports,Ming,#36747D,54,116,125,Neutral,Autumn,258,0
5577,User5577,43.0,Non-Binary,,Side,Food,Carmine pink,#EB4C42,235,76,66,Sad,Summer,69,0
143,User143,,,Mobile,Top,Sports,Wild orchid,#D470A2,212,112,162,Happy,Monsoon,150,0
4108,User4108,36.0,,Tablet,,Home_Decor,Light pink,#FFB6C1,255,182,193,Neutral,Spring,138,1
6129,User6129,36.0,Male,Tablet,Bottom,Tech,Yellow-green,#9ACD32,154,205,50,Happy,Spring,106,1
5081,User5081,48.0,,,Top,Sports,Wageningen Green,#34B233,52,178,51,Neutral,Winter,46,0
2602,User2602,61.0,Female,Desktop,,Tech,Hooker's green,#49796B,73,121,107,Neutral,Summer,200,1
3546,User3546,,Non-Binary,Mobile,Side,Food,Amazon,#3B7A57,59,122,87,Calm,Monsoon,264,0
7759,User7759,45.0,Non-Binary,Mobile,Bottom,Food,Pink (Pantone),#D74894,215,72,148,Angry,Spring,103,0
8949,User8949,26.0,,Mobile,Side,Home_Decor,Pastel brown,#836953,130,105,83,Angry,Summer,69,1
1837,User1837,23.0,,Desktop,Top,Home_Decor,Ocean Green,#48BF91,72,191,145,Happy,Monsoon,227,0
7941,User7941,,Female,Desktop,Bottom,Fashion,Blue (Pantone),#0018A8,0,24,168,Angry,Winter,249,1
3938,User3938,,Male,Mobile,Bottom,Fashion,Milk,#FDFFF5,253,255,245,Happy,Autumn,187,1
9423,User9423,,Male,Desktop,Side,Home_Decor,Glitter,#E6E8FA,230,232,250,Neutral,Spring,153,0
1730,User1730,42.0,Female,Tablet,Side,Food,Purple (HTML),#800080,128,0,128,Calm,Spring,120,0
2431,User2431,54.0,Male,Desktop,Top,Tech,Heliotrope magenta,#AA00BB,170,0,187,Calm,Monsoon,262,1
6544,User6544,,,,Bottom,Home_Decor,Dark violet,#9400D3,148,0,211,Neutral,Autumn,83,0
3915,User3915,,,,Side,Tech,Acid green,#B0BF1A,176,191,26,Sad,Summer,235,1
3658,User3658,45.0,,Desktop,Side,Fashion,Desert sand,#EDC9AF,237,201,175,Sad,Winter,123,1
4698,User4698,40.0,Female,,Side,Tech,Dark green (X11),#006400,0,100,0,Angry,Summer,78,0
412,User412,,Male,Tablet,,Home_Decor,Pale carmine,#AF4035,175,64,53,Happy,Monsoon,13,1
8252,User8252,,Male,Tablet,,Food,Rose gold,#B76E79,183,110,121,Calm,Spring,283,1
7670,User7670,54.0,,Tablet,Top,Home_Decor,International orange (aerospace),#FF4F00,255,79,0,Angry,Spring,274,1
8475,User8475,,Non-Binary,,,Sports,Dark raspberry,#872657,135,38,87,Neutral,Summer,58,0
6811,User6811,24.0,Male,,,Sports,Dodger blue,#1E90FF,30,144,255,Calm,Winter,49,1
7065,User7065,57.0,,,Side,Sports,Alloy orange,#C46210,196,98,16,Happy,Monsoon,229,1
3540,User3540,,Female,Mobile,Side,Food,Green-blue,#1164B4,17,100,180,Happy,Winter,20,0
36,User36,,Female,Desktop,,Home_Decor,Cinnamon Satin,#CD607E,205,96,126,Sad,Monsoon,216,0
5623,User5623,53.0,,Desktop,Side,Sports,Spanish carmine,#D10047,209,0,71,Angry,Winter,204,1
8190,User8190,,,Mobile,Side,Home_Decor,Bright maroon,#C32148,195,33,72,Neutral,Summer,245,1
8797,User8797,26.0,,Desktop,Top,Fashion,Pale cerulean,#9BC4E2,155,196,226,Calm,Autumn,106,0
4901,User4901,38.0,,Mobile,Top,Sports,Tractor red,#FD0E35,253,14,53,Happy,Monsoon,99,0
2096,User2096,,Non-Binary,Desktop,,Sports,Persian blue,#1C39BB,28,57,187,Calm,Summer,189,1
3483,User3483,20.0,,,,Food,Anti-flash white,#F2F3F4,242,243,244,Neutral,Spring,140,1
6202,User6202,,Female,,Bottom,Home_Decor,Barbie pink,#E0218A,224,33,138,Calm,Spring,29,1
973,User973,37.0,,,Bottom,Food,Tuscany,#C09999,192,153,153,Angry,Winter,54,1
4166,User4166,33.0,Male,Tablet,Top,Food,Vivid red-tangelo,#DF6124,223,97,36,Sad,Spring,173,0
4681,User4681,41.0,,,,Home_Decor,Coyote brown,#81613C,129,97,60,Calm,Autumn,294,0
4957,User4957,58.0,Male,Desktop,Bottom,Fashion,Frostbite,#E936A7,233,54,167,Sad,Monsoon,104,1
8127,User8127,,Male,,Bottom,Home_Decor,Dark liver,#534B4F,83,75,79,Neutral,Winter,85,1
207,User207,,Non-Binary,,Top,Fashion,Pistachio,#93C572,147,197,114,Sad,Monsoon,16,0
993,User993,21.0,Male,,Top,Food,Dark coral,#CD5B45,205,91,69,Calm,Monsoon,212,0
7893,User7893,,Non-Binary,Tablet,Side,Fashion,Sacramento State green,#00563F,0,86,63,Calm,Summer,81,0
24,User24,,,Tablet,Side,Fashion,Light green,#90EE90,144,238,144,Happy,Spring,79,1
3044,User3044,34.0,Male,Desktop,Top,Fashion,Cyan-blue azure,#4682BF,70,130,191,Calm,Monsoon,174,1
8459,User8459,38.0,,Tablet,Bottom,Sports,Laurel green,#A9BA9D,169,186,157,Sad,Autumn,183,1
2727,User2727,34.0,,,Bottom,Sports,Pale goldenrod,#EEE8AA,238,232,170,Happy,Autumn,92,1
9736,User9736,46.0,,Desktop,Bottom,Food,Papaya whip,#FFEFD5,255,239,213,Calm,Spring,269,1
4086,User4086,,Female,,Top,Home_Decor,Wood brown,#C19A6B,193,154,107,Calm,Spring,226,1
1305,User1305,,,Tablet,Top,Fashion,Bright turquoise,#08E8DE,8,232,222,Neutral,Winter,7,1
4548,User4548,,Male,Desktop,Side,Sports,Red (NCS),#C40233,196,2,51,Happy,Winter,122,1
9409,User9409,,,Mobile,Top,Home_Decor,Halayà úbe,#663854,102,55,84,Neutral,Winter,140,0
5018,User5018,,,,,Fashion,Dark pastel red,#C23B22,194,59,34,Neutral,Spring,191,0
2555,User2555,,,Tablet,Bottom,Home_Decor,Kenyan copper,#7C1C05,124,28,5,Neutral,Monsoon,34,1
6094,User6094,,Non-Binary,Tablet,Top,Tech,Pearl Aqua,#88D8C0,136,216,192,Angry,Summer,71,1
8281,User8281,53.0,,Mobile,Side,Fashion,Tango pink,#E4717A,228,113,122,Neutral,Winter,221,0
3375,User3375,52.0,,Mobile,Bottom,Home_Decor,Strawberry,#FC5A8D,252,90,141,Sad,Summer,162,1
518,User518,29.0,Male,Tablet,Bottom,Fashion,Mardi Gras,#880085,136,0,133,Calm,Autumn,75,1
7065,User7065,57.0,,Desktop,Side,Fashion,Very pale yellow,#FFFFBF,255,255,191,Angry,Spring,114,1
5531,User5531,34.0,Male,Desktop,,Tech,Cadmium green,#006B3C,0,107,60,Neutral,Autumn,289,1
5569,User5569,,,Mobile,Bottom,Home_Decor,Dark midnight blue,#003366,0,51,102,Calm,Winter,262,1
4889,User4889,45.0,,Tablet,Bottom,Food,Burnished Brown,#A17A74,161,122,116,Happy,Monsoon,94,1
8789,User8789,44.0,Female,Desktop,Top,Sports,Light coral,#F08080,240,128,128,Happy,Winter,61,1
1681,User1681,,,Tablet,Side,Fashion,Wine,#722F37,114,47,55,Calm,Summer,53,0
9888,User9888,,,Mobile,Top,Fashion,Raisin black,#242124,36,33,36,Sad,Winter,189,1
4620,User4620,43.0,Non-Binary,Mobile,Side,Fashion,Dark violet,#9400D3,148,0,211,Calm,Monsoon,203,1
1705,User1705,,,,Bottom,Fashion,Red,#FF0000,255,0,0,Calm,Monsoon,22,0
5629,User5629,,,Tablet,Top,Sports,Guppie green,#00FF7F,0,255,127,Angry,Spring,202,1
9611,User9611,,Male,,Side,Food,Sand,#C2B280,194,178,128,Happy,Spring,236,1
1141,User1141,37.0,Male,Desktop,Bottom,Tech,Dark brown-tangelo,#88654E,136,101,78,Happy,Monsoon,31,1
6409,User6409,52.0,Male,Desktop,Top,Food,Ogre Odor,#FD5240,253,82,64,Neutral,Monsoon,122,1
98,User98,58.0,Female,Mobile,,Sports,Ruddy,#FF0028,255,0,40,Calm,Summer,58,0
9330,User9330,,Female,Mobile,Bottom,Home_Decor,Booger Buster,#DDE26A,221,226,106,Calm,Winter,156,0
3109,User3109,,,Tablet,Side,Tech,School bus yellow,#FFD800,255,216,0,Sad,Spring,229,1
940,User940,,,,Side,Tech,Celadon blue,#007BA7,0,123,167,Happy,Summer,166,0
1910,User1910,63.0,Male,Desktop,Side,Home_Decor,Golden poppy,#FCC200,252,194,0,Sad,Winter,154,1
1197,User1197,,Male,,Top,Fashion,Silver sand,#BFC1C2,191,193,194,Angry,Spring,220,1
8081,User8081,38.0,,,Bottom,Sports,Pale carmine,#AF4035,175,64,53,Neutral,Summer,46,1
9183,User9183,45.0,,Mobile,,Home_Decor,Tuscan red,#7C4848,124,72,72,Sad,Autumn,165,0
8690,User8690,63.0,,Mobile,Top,Food,Rose red,#C21E56,194,30,86,Happy,Autumn,78,0
9550,User9550,,Non-Binary,,Top,Food,Maroon (X11),#B03060,176,48,96,Angry,Spring,29,1
7449,User7449,19.0,,Tablet,Side,Home_Decor,Violet (color wheel),#7F00FF,127,0,255,Calm,Summer,246,0
703,User703,,,Mobile,Side,Sports,Safety orange,#FF7800,255,120,0,Angry,Winter,177,0
6074,User6074,35.0,Male,Mobile,Bottom,Tech,Grape,#6F2DA8,111,45,168,Sad,Winter,291,1
9928,User9928,50.0,,Mobile,Top,Tech,Cyclamen,#F56FA1,245,111,161,Happy,Summer,163,0
8115,User8115,20.0,Female,,Top,Fashion,Mauve taupe,#915F6D,145,95,109,Sad,Autumn,222,1
6258,User6258,,,Tablet,Top,Sports,Cool Black,#002E63,0,46,99,Calm,Summer,119,1
5921,User5921,,,Desktop,Side,Food,Vivid burgundy,#9F1D35,159,29,53,Calm,Autumn,245,1
7962,User7962,58.0,,Tablet,Top,Food,Wine,#722F37,114,47,55,Happy,Autumn,216,1
7223,User7223,25.0,,Tablet,Side,Fashion,Bright cerulean,#1DACD6,29,172,214,Neutral,Winter,90,0
7558,User7558,,,,Top,Food,Cherry,#DE3163,222,49,99,Angry,Spring,137,1
1721,User1721,34.0,Non-Binary,Mobile,Bottom,Fashion,USAFA blue,#004F98,0,79,152,Angry,Monsoon,272,1
5090,User5090,,Non-Binary,Tablet,Top,Fashion,Sea green,#2E8B57,46,139,87,Calm,Summer,281,0
2973,User2973,27.0,Non-Binary,Tablet,Bottom,Home_Decor,Vivid mulberry,#B80CE3,184,12,227,Sad,Autumn,269,1
1126,User1126,31.0,,Tablet,Side,Tech,Urobilin,#E1AD21,225,173,33,Sad,Summer,97,1
1126,User1126,31.0,,Tablet,,Sports,Gray-blue,#8C92AC,140,146,172,Neutral,Spring,95,1
1077,User1077,,Non-Binary,Desktop,Top,Sports,Field drab,#6C541E,108,84,30,Sad,Spring,149,1
1967,User1967,,Female,,Bottom,Tech,United Nations blue,#5B92E5,91,146,229,Angry,Monsoon,156,0
8418,User8418,40.0,,,Top,Sports,Pistachio,#93C572,147,197,114,Sad,Monsoon,159,0
23,User23,30.0,Male,Mobile,Side,Food,Bud green,#7BB661,123,182,97,Neutral,Autumn,140,0
6435,User6435,,Male,,Top,Food,Dolphin Gray,#828E84,130,142,132,Angry,Monsoon,257,0
1162,User1162,,Female,Tablet,,Sports,Dark orange,#FF8C00,255,140,0,Sad,Autumn,33,0
2044,User2044,31.0,,Mobile,Top,Home_Decor,Middle Yellow,#FFEB00,255,235,0,Angry,Winter,87,1
3938,User3938,,Male,Mobile,Bottom,Sports,Persian green,#00A693,0,166,147,Calm,Autumn,38,1
1975,User1975,30.0,Female,Mobile,,Fashion,Desert sand,#EDC9AF,237,201,175,Calm,Monsoon,108,1
5912,User5912,41.0,Non-Binary,Mobile,Side,Fashion,Rust,#B7410E,183,65,14,Calm,Summer,237,1
316,User316,,,Desktop,,Tech,Bright lilac,#D891EF,216,145,239,Sad,Monsoon,241,1
2311,User2311,,,,Bottom,Food,Royal azure,#0038A8,0,56,168,Neutral,Spring,227,1
7229,User7229,43.0,Non-Binary,Mobile,Top,Home_Decor,Magenta,#FF00FF,255,0,255,Angry,Monsoon,94,1
4363,User4363,18.0,Female,Mobile,Bottom,Sports,Harlequin,#3FFF00,63,255,0,Happy,Winter,244,0
2093,User2093,,Male,Mobile,Side,Fashion,Black bean,#3D0C02,61,12,2,Calm,Autumn,222,0
5368,User5368,,,Tablet,Bottom,Food,Ultra red,#FC6C85,252,108,133,Calm,Spring,186,0
9022,User9022,,Male,Tablet,,Food,Vegas gold,#C5B358,197,179,88,Happy,Autumn,261,0
2124,User2124,,Male,,Top,Home_Decor,Dark pastel green,#03C03C,3,192,60,Happy,Autumn,236,1
6511,User6511,,Female,Mobile,Top,Home_Decor,Tangerine,#F28500,242,133,0,Sad,Monsoon,193,0
4890,User4890,,Male,,Bottom,Home_Decor,Vivid cerulean,#00AAEE,0,170,238,Angry,Summer,259,1
412,User412,,Male,Tablet,Top,Home_Decor,Field drab,#6C541E,108,84,30,Calm,Spring,49,1
8190,User8190,,,Mobile,,Fashion,Bluebonnet,#1C1CF0,28,28,240,Neutral,Winter,90,1
5110,User5110,44.0,,Tablet,,Home_Decor,Tractor red,#FD0E35,253,14,53,Sad,Winter,205,1
5909,User5909,45.0,,Tablet,Top,Food,Dark magenta,#8B008B,139,0,139,Sad,Summer,216,1
3960,User3960,49.0,Female,,,Food,Middle Red,#E58E73,229,144,115,Neutral,Summer,123,0
1169,User1169,,Non-Binary,,Side,Sports,La Salle Green,#087830,8,120,48,Neutral,Monsoon,159,0
7924,User7924,,,Desktop,Bottom,Food,Rich black,#004040,0,64,64,Neutral,Winter,190,1
4539,User4539,54.0,Male,Mobile,,Food,Deep chestnut,#B94E48,185,78,72,Happy,Spring,201,1
5966,User5966,,Non-Binary,Desktop,,Fashion,Orange (Crayola),#FF7538,255,117,56,Calm,Summer,205,0
2127,User2127,,Non-Binary,Tablet,Side,Food,Old lace,#FDF5E6,253,245,230,Happy,Summer,270,0
6487,User6487,19.0,,Tablet,Side,Tech,Ruddy,#FF0028,255,0,40,Calm,Summer,240,1
4059,User4059,27.0,Non-Binary,Desktop,Bottom,Food,Tropical rain forest,#00755E,0,117,94,Happy,Spring,198,0
2845,User2845,64.0,,Desktop,,Sports,Shocking pink (Crayola),#FF6FFF,255,111,255,Angry,Winter,29,0
7647,User7647,,,Desktop,Top,Sports,Slimy Green,#299617,41,150,23,Calm,Spring,263,1
9306,User9306,,Female,Tablet,Side,Home_Decor,Deep Red,#850101,133,1,1,Sad,Spring,75,0
4539,User4539,54.0,,Mobile,Bottom,Fashion,Vivid gamboge,#FF9900,255,153,0,Calm,Monsoon,32,1
4404,User4404,21.0,Female,Desktop,,Sports,Rose taupe,#905D5D,144,93,93,Calm,Summer,15,0
8081,User8081,38.0,,,Bottom,Tech,Maximum Yellow Red,#F2BA49,242,186,73,Calm,Winter,122,1
5569,User5569,,,Mobile,Bottom,Tech,Kelly green,#4CBB17,76,187,23,Angry,Monsoon,212,1
9129,User9129,,Female,,Top,Home_Decor,Tuscan red,#7C4848,124,72,72,Happy,Monsoon,97,0
5100,User5100,42.0,,Mobile,Side,Fashion,Spanish pink,#F7BFBE,247,191,190,Sad,Autumn,145,1
5980,User5980,40.0,,Desktop,Side,Fashion,Marigold,#EAA221,234,162,33,Happy,Summer,15,1
2595,User2595,,Female,Desktop,Bottom,Food,Navy,#000080,0,0,128,Happy,Winter,295,1
8041,User8041,,,Mobile,Bottom,Tech,Kombu green,#354230,53,66,48,Neutral,Winter,243,1
7971,User7971,,Non-Binary,Tablet,Top,Tech,Languid lavender,#D6CADD,214,202,221,Angry,Winter,268,1
5041,User5041,59.0,Male,Desktop,Side,Tech,Tuscan,#FAD6A5,250,214,165,Neutral,Summer,267,0
1905,User1905,62.0,,Mobile,Bottom,Tech,Granny Smith Apple,#A8E4A0,168,228,160,Angry,Winter,73,1
8199,User8199,,Female,Tablet,Side,Sports,Red (Munsell),#F2003C,242,0,60,Happy,Spring,74,0
6861,User6861,,Non-Binary,Tablet,Side,Fashion,Steel Teal,#5F8A8B,95,138,139,Happy,Spring,189,1
2125,User2125,,Female,Tablet,Top,Food,Gray-asparagus,#465945,70,89,69,Angry,Summer,128,1
9807,User9807,35.0,,Tablet,Bottom,Sports,Amaranth purple,#AB274F,171,39,79,Happy,Winter,226,1
8353,User8353,,,Desktop,Bottom,Fashion,Electric blue,#7DF9FF,125,249,255,Happy,Autumn,15,1
8937,User8937,57.0,Male,Tablet,,Home_Decor,Rose,#FF007F,255,0,127,Sad,Autumn,170,1
2744,User2744,43.0,Male,,Side,Tech,Pale red-violet,#DB7093,219,112,147,Neutral,Autumn,95,0
4889,User4889,45.0,,Tablet,,Food,Orchid,#DA70D6,218,112,214,Neutral,Spring,252,1
1446,User1446,,,Desktop,Bottom,Fashion,French rose,#F64A8A,246,74,138,Neutral,Autumn,295,1
1503,User1503,,Female,,Side,Home_Decor,Medium spring green,#00FA9A,0,250,154,Calm,Winter,161,1
8097,User8097,30.0,Non-Binary,Tablet,Side,Tech,Sky magenta,#CF71AF,207,113,175,Sad,Winter,92,1
6989,User6989,28.0,Male,Mobile,,Home_Decor,Snow,#FFFAFA,255,250,250,Neutral,Autumn,232,1
4756,User4756,59.0,Non-Binary,Mobile,Bottom,Home_Decor,Medium carmine,#AF4035,175,64,53,Neutral,Monsoon,138,1
1425,User1425,26.0,Non-Binary,,Bottom,Sports,Brown (traditional),#964B00,150,75,0,Sad,Autumn,270,0
1641,User1641,,,Desktop,,Home_Decor,Pink raspberry,#980036,152,0,54,Happy,Monsoon,88,0
3450,User3450,,Non-Binary,Tablet,Side,Sports,Oxford Blue,#002147,0,33,71,Neutral,Summer,216,0
2337,User2337,40.0,,Desktop,Top,Sports,Lawn green,#7CFC00,124,252,0,Happy,Summer,222,1
8226,User8226,,,Tablet,Top,Home_Decor,Dark midnight blue,#003366,0,51,102,Neutral,Winter,241,1
9707,User9707,23.0,,Desktop,Top,Fashion,Mexican pink,#E4007C,228,0,124,Angry,Spring,155,0
1253,User1253,36.0,Female,Desktop,Bottom,Home_Decor,Dark gray (X11),#A9A9A9,169,169,169,Calm,Winter,178,1
8660,User8660,21.0,Non-Binary,,Top,Home_Decor,Blue (RYB),#0247FE,2,71,254,Neutral,Winter,144,0
3876,User3876,33.0,Female,,,Fashion,Yellow (RYB),#FEFE33,254,254,51,Angry,Spring,59,0
138,User138,21.0,,Desktop,Side,Tech,Pastel brown,#836953,130,105,83,Sad,Winter,145,0
3647,User3647,23.0,Male,Desktop,,Food,Rebecca Purple,#663399,102,52,153,Angry,Spring,78,0
2023,User2023,19.0,Non-Binary,Desktop,Top,Tech,Red (pigment),#ED1C24,237,28,36,Sad,Winter,139,1
8061,User8061,,Female,Tablet,Side,Home_Decor,Pale cyan,#87D3F8,135,211,248,Neutral,Summer,134,0
674,User674,,,,Side,Tech,Raspberry rose,#B3446C,179,68,108,Sad,Monsoon,236,1
7661,User7661,48.0,,Mobile,Side,Food,Purple (X11),#A020F0,160,32,240,Angry,Winter,30,1
4890,User4890,43.0,Male,Tablet,Bottom,Tech,Ruddy pink,#E18E96,225,142,150,Calm,Monsoon,73,1
2125,User2125,,Female,Tablet,Top,Food,Black,#000000,0,0,0,Happy,Autumn,66,1
9431,User9431,,Male,,Top,Tech,Dark tan,#918151,145,129,81,Happy,Winter,204,1
9266,User9266,38.0,,Mobile,Bottom,Sports,Orange (RYB),#FB9902,251,153,2,Calm,Summer,171,1
2428,User2428,,,Tablet,,Home_Decor,French raspberry,#C72C48,199,44,72,Happy,Spring,120,1
3742,User3742,,,,Bottom,Food,Light grayish magenta,#CC99CC,204,153,204,Neutral,Summer,143,0
2239,User2239,25.0,Female,Tablet,Bottom,Home_Decor,Vivid lime green,#A6D608,166,214,8,Neutral,Monsoon,236,1
2876,User2876,23.0,,Tablet,,Sports,Turquoise,#40E0D0,64,224,208,Angry,Spring,218,1
5596,User5596,43.0,,Tablet,Top,Tech,Lust,#E62020,230,32,32,Angry,Summer,212,1
4087,User4087,,Non-Binary,Desktop,Top,Home_Decor,Alien Armpit,#84DE02,132,222,2,Sad,Summer,106,0
3601,User3601,,,Mobile,Bottom,Tech,Tenné (tawny),#CD5700,205,87,0,Angry,Summer,14,1
1296,User1296,34.0,,,,Tech,Dark medium gray,#A9A9A9,169,169,169,Neutral,Spring,127,1
4481,User4481,,Non-Binary,Tablet,Side,Home_Decor,Red (RYB),#FE2712,254,39,18,Angry,Summer,279,0
1141,User1141,37.0,Male,,Bottom,Food,Neon Carrot,#FFA343,255,163,67,Happy,Summer,8,1
5707,User5707,34.0,Non-Binary,Mobile,Side,Food,Arylide yellow,#E9D66B,233,214,107,Sad,Monsoon,263,0
3440,User3440,,,,,Home_Decor,Purple mountain majesty,#9678B6,150,120,182,Sad,Summer,213,0
9660,User9660,,,Desktop,Top,Food,Deep cerise,#DA3287,218,50,135,Neutral,Summer,270,1
8947,User8947,22.0,,Desktop,Bottom,Fashion,Green (HTML/CSS color),#008000,0,128,0,Angry,Autumn,266,1
9172,User9172,60.0,Female,Mobile,Bottom,Tech,Deep sky blue,#00BFFF,0,191,255,Happy,Spring,291,0
4732,User4732,37.0,,Tablet,,Home_Decor,Persian blue,#1C39BB,28,57,187,Angry,Autumn,35,0
7322,User7322,,Female,Desktop,,Sports,Field drab,#6C541E,108,84,30,Calm,Monsoon,180,1
474,User474,57.0,Female,,Bottom,Home_Decor,Rose gold,#B76E79,183,110,121,Angry,Autumn,13,0
5100,User5100,42.0,,Mobile,Side,Home_Decor,Amazon,#3B7A57,59,122,87,Neutral,Winter,208,1
9676,User9676,21.0,,Mobile,Top,Tech,Electric yellow,#FFFF33,255,255,51,Angry,Spring,112,1
7968,User7968,,,Mobile,Top,Sports,Light cobalt blue,#88ACE0,136,172,224,Sad,Summer,128,0
4650,User4650,,Female,,Top,Tech,Royal azure,#0038A8,0,56,168,Happy,Autumn,242,0
3644,User3644,,Female,,Side,Food,Dartmouth green,#00703C,0,112,60,Neutral,Autumn,134,1
6886,User6886,43.0,Male,Mobile,Bottom,Home_Decor,Tan,#D2B48C,210,180,140,Calm,Summer,238,1
4890,User4890,43.0,,Tablet,Bottom,Tech,Taupe gray,#8B8589,139,133,137,Happy,Summer,8,1
255,User255,31.0,,Desktop,Bottom,Fashion,Electric cyan,#00FFFF,0,255,255,Happy,Monsoon,224,1
5000,User5000,57.0,,Tablet,Top,Home_Decor,Ocean Boat Blue,#0077BE,0,119,190,Sad,Autumn,266,0
6075,User6075,,Non-Binary,Desktop,,Food,Medium lavender magenta,#DDA0DD,221,160,221,Sad,Autumn,34,1
3908,User3908,50.0,Female,Desktop,Bottom,Tech,Awesome,#FF2052,255,32,82,Sad,Winter,81,1
9092,User9092,,Female,Mobile,,Tech,Dark sky blue,#8CBED6,140,190,214,Neutral,Winter,187,0
2337,User2337,40.0,Male,,Top,Fashion,Non-photo blue,#A4DDED,164,221,237,Angry,Autumn,296,1
6467,User6467,30.0,,Desktop,Side,Food,Bronze,#CD7F32,205,127,50,Happy,Winter,206,1
9894,User9894,,,,Top,Fashion,Gamboge orange (brown),#996600,152,102,0,Angry,Autumn,161,1
8789,User8789,44.0,Female,Desktop,Top,Home_Decor,New York pink,#D7837F,215,131,127,Angry,Spring,104,1
5301,User5301,,,Tablet,,Sports,Raw umber,#826644,130,102,68,Sad,Monsoon,126,1
6724,User6724,37.0,Female,Desktop,Top,Tech,Rose quartz,#AA98A9,170,152,169,Angry,Winter,114,1
8119,User8119,,Non-Binary,Mobile,,Fashion,Desaturated cyan,#669999,102,153,153,Happy,Autumn,171,0
5414,User5414,,Female,,Bottom,Tech,Gray-asparagus,#465945,70,89,69,Happy,Winter,134,1
9793,User9793,43.0,,Tablet,Top,Tech,Mikado yellow,#FFC40C,255,196,12,Calm,Monsoon,274,0
8115,User8115,20.0,Female,Mobile,Top,Fashion,Turquoise green,#A0D6B4,160,214,180,Neutral,Spring,142,1
8373,User8373,29.0,Male,Desktop,Side,Tech,Dark gray (X11),#A9A9A9,169,169,169,Angry,Summer,180,1
5308,User5308,,,Desktop,Side,Food,Topaz,#FFC87C,255,200,124,Neutral,Summer,68,1
6449,User6449,,,Desktop,Top,Food,Blue-green,#0D98BA,13,152,186,Neutral,Winter,135,1
6287,User6287,40.0,Female,,,Sports,Magenta (Crayola),#FF55A3,255,85,163,Neutral,Autumn,192,1
9906,User9906,,Male,,Side,Food,Acid green,#B0BF1A,176,191,26,Neutral,Monsoon,281,0
1729,User1729,26.0,Female,Mobile,Top,Fashion,Languid lavender,#D6CADD,214,202,221,Happy,Spring,151,1
5439,User5439,,,,Side,Food,Light steel blue,#B0C4DE,176,196,222,Angry,Spring,24,1
1253,User1253,,,Desktop,Bottom,Sports,Black Shadows,#BFAFB2,191,175,178,Calm,Spring,46,1
4114,User4114,38.0,Non-Binary,Desktop,Top,Home_Decor,Deep jungle green,#004B49,0,75,73,Neutral,Summer,144,0
4057,User4057,,,Desktop,Side,Home_Decor,Yellow (Munsell),#EFCC00,239,204,0,Calm,Monsoon,13,1
5346,User5346,30.0,Non-Binary,Tablet,Top,Fashion,Sugar Plum,#914E75,145,78,117,Happy,Summer,83,1
9786,User9786,24.0,Non-Binary,,Top,Sports,Sea green,#2E8B57,46,139,87,Happy,Winter,152,0
6239,User6239,,Non-Binary,Tablet,Bottom,Food,Pineapple,#563C5C,86,60,13,Sad,Spring,197,0
9550,User9550,,Non-Binary,Desktop,Top,Sports,Burnt umber,#8A3324,138,51,36,Neutral,Monsoon,263,1
3561,User3561,37.0,,Desktop,Side,Tech,Raspberry,#E30B5D,227,11,92,Sad,Spring,140,1
1391,User1391,23.0,Female,,,Sports,Dark pastel purple,#966FD6,150,111,214,Calm,Summer,43,0
7152,User7152,32.0,,Tablet,Side,Food,Wenge,#645452,100,84,82,Angry,Summer,291,1
7990,User7990,,,Desktop,Side,Fashion,French bistre,#856D4D,133,109,77,Sad,Summer,154,0
669,User669,,Female,Desktop,Bottom,Tech,Dark khaki,#BDB76B,189,183,107,Happy,Spring,9,0
412,User412,,,Tablet,Top,Sports,Queen pink,#E8CCD7,232,204,215,Neutral,Monsoon,240,1
3846,User3846,38.0,Non-Binary,Tablet,Bottom,Home_Decor,Apricot,#FBCEB1,251,206,177,Calm,Monsoon,240,1
1127,User1127,,,Desktop,Side,Food,Spanish carmine,#D10047,209,0,71,Happy,Winter,109,1
8190,User8190,26.0,,Mobile,Side,Fashion,Ultramarine,#3F00FF,18,10,143,Angry,Spring,211,1
3014,User3014,,,Mobile,Top,Food,Islamic green,#009000,0,144,0,Neutral,Winter,243,1
2211,User2211,46.0,,Mobile,Bottom,Sports,Persian blue,#1C39BB,28,57,187,Angry,Winter,56,0
2173,User2173,52.0,Male,Mobile,Bottom,Fashion,Bronze,#CD7F32,205,127,50,Angry,Winter,112,1
9425,User9425,56.0,Female,Tablet,,Home_Decor,Pearly purple,#B768A2,183,104,162,Neutral,Winter,37,0
2282,User2282,50.0,Female,Tablet,Top,Tech,Tangelo,#F94D00,249,77,0,Neutral,Summer,26,0
784,User784,56.0,Non-Binary,,Top,Sports,Medium taupe,#674C47,103,76,71,Angry,Winter,15,0
9367,User9367,21.0,Male,Mobile,,Fashion,Vivid gamboge,#FF9900,255,153,0,Calm,Monsoon,131,0
969,User969,,Male,,,Tech,Sangria,#92000A,146,0,10,Neutral,Winter,54,0
7720,User7720,46.0,Female,Tablet,Top,Fashion,Heart Gold,#808000,128,128,0,Happy,Summer,202,0
1171,User1171,,Female,Mobile,Bottom,Sports,Alabaster,#F2F0E6,242,240,230,Sad,Autumn,21,1
2249,User2249,,,Tablet,Bottom,Fashion,Registration black,#000000,0,0,0,Calm,Autumn,48,0
4836,User4836,55.0,,Tablet,Side,Home_Decor,Dim gray,#696969,105,105,105,Neutral,Autumn,189,1
3644,User3644,,Female,,Side,Fashion,Malachite,#0BDA51,11,218,81,Neutral,Spring,43,1
3940,User3940,21.0,Female,,,Sports,Kobicha,#6B4423,107,68,35,Calm,Monsoon,141,0
5574,User5574,52.0,Female,Desktop,Bottom,Fashion,Buff,#F0DC82,240,220,130,Sad,Summer,283,1
2405,User2405,,,Desktop,Bottom,Tech,Medium ruby,#AA4069,170,64,105,Angry,Autumn,168,0
3558,User3558,38.0,,,,Tech,Sheen Green,#8FD400,143,212,0,Happy,Summer,35,0
1466,User1466,21.0,,,Side,Food,Turquoise,#40E0D0,64,224,208,Neutral,Summer,27,0
6248,User6248,,Female,Mobile,Top,Food,Palm Leaf,#6F9940,130,142,132,Sad,Spring,203,1
8115,User8115,,Female,Mobile,Top,Home_Decor,Avocado,#568203,86,130,3,Happy,Autumn,178,1
2431,User2431,,Male,Desktop,Top,Tech,Lumber,#FFE4CD,255,228,205,Calm,Winter,62,1
4144,User4144,,Male,Tablet,Bottom,Food,Hot magenta,#FF1DCE,255,29,206,Neutral,Summer,200,0
1762,User1762,41.0,Male,Desktop,Side,Fashion,Sinopia,#CB410B,203,65,11,Angry,Autumn,92,1
453,User453,,Female,,Top,Home_Decor,UA red,#D9004C,217,0,76,Calm,Summer,146,1
1706,User1706,,,Tablet,Bottom,Sports,Very light tangelo,#FFB077,255,176,119,Neutral,Spring,285,1
9070,User9070,,Non-Binary,Tablet,,Food,Pale violet,#CC99FF,204,153,255,Sad,Spring,211,1
7322,User7322,,,Desktop,Bottom,Food,Brown Sugar,#AF6E4D,175,110,77,Happy,Winter,176,1
3751,User3751,,Non-Binary,Mobile,Side,Tech,Pink-orange,#FF9966,255,153,102,Happy,Spring,279,0
7647,User7647,,Male,Desktop,,Home_Decor,Rich lavender,#A76BCF,167,107,207,Neutral,Autumn,52,1
7151,User7151,,Non-Binary,Tablet,Side,Tech,Cool Black,#002E63,0,46,99,Calm,Spring,165,1
6867,User6867,54.0,,Mobile,,Tech,Kiwi,#8EE53F,142,229,63,Angry,Winter,169,0
9419,User9419,64.0,,Mobile,Side,Home_Decor,Mardi Gras,#880085,136,0,133,Sad,Monsoon,221,1
6129,User6129,36.0,Male,Tablet,,Fashion,Gold Fusion,#85754E,133,117,78,Neutral,Summer,121,1
3430,User3430,61.0,Male,Desktop,Side,Food,Sugar Plum,#914E75,145,78,117,Sad,Summer,255,1
6768,User6768,53.0,Male,Mobile,Side,Tech,Vivid orchid,#CC00FF,204,0,255,Happy,Autumn,248,0
5227,User5227,24.0,,Mobile,Top,Food,Magenta (process),#FF0090,255,0,144,Angry,Winter,251,1
8530,User8530,52.0,Female,Mobile,Top,Home_Decor,Light hot pink,#FFB3DE,255,179,222,Sad,Winter,77,1
9554,User9554,,Male,Tablet,Side,Fashion,Liver (organ),#6C2E1F,108,46,31,Neutral,Winter,288,0
5531,User5531,34.0,Male,,Top,Sports,Liver chestnut,#987456,152,116,86,Angry,Summer,199,1
9558,User9558,,Male,Tablet,Side,Fashion,Old rose,#C08081,192,128,129,Calm,Spring,271,0
2542,User2542,58.0,Non-Binary,Mobile,Side,Home_Decor,Fandango,#B53389,181,51,137,Neutral,Summer,91,1
9766,User9766,31.0,,Desktop,Bottom,Fashion,Rich black (FOGRA29),#010B13,1,11,19,Sad,Summer,250,1
9949,User9949,39.0,,Desktop,Bottom,Sports,Tuscan brown,#6F4E37,111,78,55,Angry,Summer,162,0
9953,User9953,,,Mobile,,Tech,Lime (color wheel),#BFFF00,191,255,0,Neutral,Spring,40,0
6409,User6409,52.0,Male,,Top,Fashion,Red,#FF0000,255,0,0,Angry,Monsoon,240,1
9050,User9050,,Female,Desktop,Bottom,Home_Decor,Lapis lazuli,#26619C,38,97,156,Angry,Autumn,252,0
9174,User9174,49.0,,,,Fashion,Soap,#CEC8EF,206,200,239,Angry,Monsoon,104,0
1776,User1776,39.0,,Mobile,,Sports,Grizzly,#885818,136,88,24,Sad,Monsoon,231,0
4228,User4228,,,Desktop,Side,Home_Decor,Folly,#FF004F,255,0,79,Neutral,Summer,123,1
1612,User1612,40.0,,Mobile,Side,Fashion,Winter Wizard,#A0E6FF,160,230,255,Happy,Monsoon,200,1
453,User453,,Female,Tablet,Top,Home_Decor,Platinum,#E5E4E2,229,228,226,Happy,Summer,92,1
7376,User7376,21.0,Female,Mobile,Side,Sports,Mughal green,#306030,48,96,48,Sad,Summer,40,1
6854,User6854,32.0,Male,Mobile,Bottom,Tech,Cream,#FFFDD0,255,253,208,Sad,Autumn,32,1
6462,User6462,,,Tablet,Side,Sports,Light pink,#FFB6C1,255,182,193,Angry,Winter,43,1
3266,User3266,,Male,Tablet,Top,Tech,UA red,#D9004C,217,0,76,Neutral,Summer,9,1
6627,User6627,,Non-Binary,,Bottom,Food,Fresh Air,#A6E7FF,166,231,255,Neutral,Monsoon,145,1
6980,User6980,,,Desktop,Bottom,Sports,Rocket metallic,#8A7F80,138,127,128,Calm,Autumn,232,1
7266,User7266,,,Tablet,Bottom,Tech,Maximum Purple,#733380,115,51,128,Calm,Monsoon,13,1
6438,User6438,,Non-Binary,Tablet,Top,Food,Dark liver (horses),#543D37,84,61,55,Happy,Winter,61,1
6527,User6527,,,Desktop,Side,Food,Vivid cerulean,#00AAEE,0,170,238,Calm,Spring,287,0
3943,User3943,45.0,,,Side,Food,Steel Teal,#5F8A8B,95,138,139,Calm,Winter,182,0
8196,User8196,,,Desktop,Bottom,Home_Decor,International orange (engineering),#BA160C,186,22,12,Happy,Autumn,86,0
7420,User7420,44.0,Male,Mobile,Top,Sports,Dark cyan,#008B8B,0,139,139,Happy,Winter,89,0
2946,User2946,37.0,Female,,Bottom,Sports,UA red,#D9004C,217,0,76,Calm,Winter,69,1
5066,User5066,,,Mobile,Side,Sports,Light cornflower blue,#93CCEA,147,204,234,Neutral,Autumn,294,1
2428,User2428,33.0,,Tablet,Side,Sports,Rose madder,#E32636,227,38,54,Calm,Autumn,140,1
9967,User9967,,,Mobile,,Home_Decor,Apricot,#FBCEB1,251,206,177,Angry,Monsoon,254,1
8049,User8049,,Male,Desktop,Top,Sports,Middle Red,#E58E73,229,144,115,Angry,Summer,98,0
9617,User9617,63.0,,Tablet,Side,Tech,Deep lilac,#9955BB,153,85,187,Angry,Spring,52,1
6669,User6669,38.0,Female,Mobile,Side,Food,Begonia,#FA6E79,250,110,121,Sad,Spring,104,1
7138,User7138,26.0,Male,Tablet,Top,Home_Decor,Lilac,#C8A2C8,200,162,200,Angry,Spring,198,1
1975,User1975,,Female,Mobile,Top,Home_Decor,Smashed Pumpkin,#FF6D3A,255,109,58,Neutral,Winter,121,1
9572,User9572,38.0,,Mobile,Bottom,Sports,Fern green,#4F7942,79,121,66,Sad,Autumn,271,1
9805,User9805,47.0,,,Bottom,Food,Rocket metallic,#8A7F80,138,127,128,Sad,Autumn,168,0
8018,User8018,,,Desktop,,Tech,Medium aquamarine,#66DDAA,102,221,170,Angry,Autumn,291,1
4976,User4976,34.0,Female,,Bottom,Food,Ivory,#FFFFF0,255,255,240,Calm,Summer,28,1
5329,User5329,54.0,Male,Tablet,,Fashion,Oxford Blue,#002147,0,33,71,Happy,Autumn,100,1
8147,User8147,32.0,Female,Desktop,,Food,Radical Red,#FF355E,255,53,94,Calm,Autumn,258,1
4707,User4707,21.0,Non-Binary,Desktop,Top,Tech,Harlequin,#3FFF00,63,255,0,Calm,Winter,125,1
7507,User7507,,,,Top,Tech,Fiery Rose,#FF5470,255,84,112,Sad,Monsoon,76,1
7154,User7154,44.0,,Desktop,,Tech,Byzantine,#BD33A4,189,51,164,Sad,Spring,68,0
620,User620,,Non-Binary,Mobile,Bottom,Home_Decor,Bubble gum,#FFC1CC,255,193,204,Sad,Winter,247,0
3371,User3371,25.0,Male,,,Home_Decor,Mystic Maroon,#AD4379,173,67,121,Neutral,Winter,131,0
6086,User6086,24.0,Male,Desktop,Bottom,Fashion,Vivid sky blue,#00CCFF,0,204,255,Neutral,Winter,43,1
2096,User2096,48.0,Non-Binary,Desktop,,Food,Barn red,#7C0A02,124,10,2,Happy,Spring,81,1
9753,User9753,46.0,Male,Tablet,Top,Sports,Rosy brown,#BC8F8F,188,143,143,Sad,Winter,9,1
1858,User1858,39.0,Non-Binary,Desktop,,Fashion,Dodger blue,#1E90FF,30,144,255,Angry,Monsoon,144,0
3042,User3042,,,Mobile,Side,Sports,Baby blue eyes,#A1CAF1,161,202,241,Sad,Autumn,256,1
6378,User6378,51.0,,Desktop,Bottom,Sports,Yale Blue,#0F4D92,15,77,146,Neutral,Monsoon,161,0
8114,User8114,,,Tablet,,Fashion,Deep carrot orange,#E9692C,233,105,44,Sad,Autumn,263,0
3875,User3875,,Non-Binary,Mobile,Bottom,Food,Teal deer,#99E6B3,153,230,179,Neutral,Autumn,241,0
7007,User7007,,Non-Binary,Tablet,,Sports,Medium turquoise,#48D1CC,72,209,204,Sad,Winter,79,0
6724,User6724,37.0,Female,Desktop,Top,Home_Decor,Ultramarine,#3F00FF,18,10,143,Angry,Winter,33,1
190,User190,,,Mobile,Top,Home_Decor,Mughal green,#306030,48,96,48,Happy,Spring,45,0
8018,User8018,,,Desktop,Side,Fashion,Liberty,#545AA7,84,90,167,Angry,Summer,33,1
1650,User1650,29.0,,Desktop,Bottom,Sports,Violet-blue,#324AB2,50,74,178,Neutral,Monsoon,104,1
4963,User4963,,,Desktop,Top,Fashion,Deep magenta,#CC00CC,204,0,204,Calm,Spring,62,0
9227,User9227,,Non-Binary,Mobile,Side,Home_Decor,Bole,#79443B,121,68,59,Angry,Spring,215,1
7268,User7268,28.0,Female,Desktop,Bottom,Fashion,Yellow (NCS),#FFD300,255,211,0,Sad,Monsoon,142,1
7266,User7266,,,Tablet,,Sports,Liver chestnut,#987456,152,116,86,Happy,Monsoon,15,1
6553,User6553,,,Desktop,Bottom,Sports,French puce,#4E1609,78,22,9,Sad,Autumn,193,1
998,User998,,,,Top,Home_Decor,Dark coral,#CD5B45,205,91,69,Sad,Summer,98,1
1969,User1969,46.0,Non-Binary,Mobile,Bottom,Tech,Royal blue,#4169E1,65,105,225,Angry,Winter,185,1
3042,User3042,,,,Side,Tech,Dark pastel green,#03C03C,3,192,60,Happy,Summer,287,1
1420,User1420,62.0,Non-Binary,Desktop,,Food,CG Red,#E03C31,224,60,49,Calm,Summer,62,1
7971,User7971,,Non-Binary,,Top,Home_Decor,Light carmine pink,#E66771,230,103,113,Sad,Winter,29,1
9418,User9418,20.0,Male,Tablet,Side,Food,French blue,#0072BB,0,114,187,Happy,Summer,264,1
8729,User8729,,Non-Binary,Desktop,Side,Home_Decor,Magenta (Crayola),#FF55A3,255,85,163,Calm,Spring,217,0
680,User680,,Male,Mobile,Bottom,Sports,Light medium orchid,#D39BCB,211,155,203,Sad,Spring,119,0
985,User985,46.0,Male,Desktop,Top,Home_Decor,Azure mist,#F0FFFF,240,255,255,Happy,Winter,192,0
82,User82,,,Mobile,Side,Fashion,Pink Flamingo,#FC74FD,252,116,253,Angry,Winter,264,0
2137,User2137,,Male,Tablet,Side,Food,Safety orange,#FF7800,255,120,0,Sad,Monsoon,140,1
1126,User1126,31.0,,Tablet,Side,Home_Decor,Liseran Purple,#DE6FA1,222,111,161,Sad,Monsoon,94,1
8144,User8144,64.0,,Tablet,Bottom,Food,Red Salsa,#FD3A4A,253,58,74,Happy,Summer,225,0
2150,User2150,39.0,,Mobile,Top,Home_Decor,Han purple,#5218FA,82,24,250,Sad,Summer,20,0
5082,User5082,44.0,,Mobile,,Tech,Cocoa brown,#D2691E,210,105,30,Calm,Winter,151,1
9419,User9419,,,Mobile,Side,Food,Deep Green,#056608,5,102,8,Sad,Summer,105,1
4675,User4675,,Female,Tablet,Top,Sports,Light goldenrod yellow,#FAFAD2,250,250,210,Neutral,Autumn,223,0
5860,User5860,,,,Bottom,Sports,Stizza,#990000,153,0,0,Calm,Spring,49,1
1653,User1653,37.0,Non-Binary,Mobile,Top,Home_Decor,Light green,#90EE90,144,238,144,Happy,Summer,67,0
764,User764,,Male,Mobile,,Sports,Wild watermelon,#FC6C85,252,108,133,Calm,Summer,296,0
6576,User6576,62.0,Female,Desktop,Bottom,Sports,Deep sky blue,#00BFFF,0,191,255,Neutral,Monsoon,70,1
6906,User6906,,Non-Binary,,,Food,Dark scarlet,#560319,86,3,25,Neutral,Autumn,123,1
6457,User6457,51.0,Male,Desktop,Side,Home_Decor,Dark chestnut,#986960,152,105,96,Sad,Summer,238,0
1935,User1935,30.0,Female,Desktop,Bottom,Food,Bubble gum,#FFC1CC,255,193,204,Sad,Spring,12,1
3908,User3908,50.0,Female,Desktop,Bottom,Home_Decor,Spanish carmine,#D10047,209,0,71,Angry,Summer,199,1
8753,User8753,,Non-Binary,Tablet,Top,Sports,Electric violet,#8F00FF,143,0,255,Calm,Winter,231,1
1148,User1148,25.0,,Mobile,Bottom,Home_Decor,Red-orange,#FF5349,255,83,73,Angry,Autumn,31,1
7516,User7516,,,Desktop,Side,Home_Decor,French sky blue,#77B5FE,119,181,254,Neutral,Summer,294,0
3117,User3117,21.0,,Tablet,Bottom,Fashion,Old heliotrope,#563C5C,86,60,92,Sad,Autumn,32,1
8373,User8373,29.0,Male,,Side,Home_Decor,Tuscan red,#7C4848,124,72,72,Sad,Summer,163,1
2021,User2021,41.0,Male,Mobile,,Fashion,Rosso corsa,#D40000,212,0,0,Sad,Spring,149,1
3071,User3071,39.0,,Desktop,Top,Food,Neon fuchsia,#FE4164,254,65,100,Happy,Spring,238,0
5543,User5543,,Non-Binary,,Bottom,Fashion,Frostbite,#E936A7,233,54,167,Neutral,Autumn,112,0
6573,User6573,55.0,,Desktop,Side,Food,Middle Blue Green,#8DD9CC,141,217,204,Sad,Monsoon,207,1
6494,User6494,,Non-Binary,,Top,Home_Decor,Grizzly,#885818,136,88,24,Neutral,Monsoon,269,0
2289,User2289,,Female,Desktop,Bottom,Food,Gold (metallic),#D4AF37,212,175,55,Sad,Winter,15,1
9511,User9511,37.0,Female,Desktop,Side,Sports,Bluebonnet,#1C1CF0,28,28,240,Calm,Monsoon,99,0
2425,User2425,42.0,Male,Tablet,Top,Home_Decor,Midnight blue,#191970,25,25,112,Neutral,Autumn,134,0
250,User250,,,Mobile,Bottom,Fashion,Deep Red,#850101,133,1,1,Angry,Monsoon,107,1
911,User911,32.0,Non-Binary,Desktop,Top,Tech,Deep carmine pink,#EF3038,239,48,56,Happy,Winter,277,1
112,User112,,,Tablet,Top,Home_Decor,Mughal green,#306030,48,96,48,Angry,Summer,114,0
6287,User6287,40.0,,Tablet,Bottom,Sports,Misty rose,#FFE4E1,255,228,225,Neutral,Monsoon,296,1
5732,User5732,,Non-Binary,Tablet,Bottom,Food,Red,#FF0000,255,0,0,Sad,Autumn,135,1
4034,User4034,43.0,,Desktop,Top,Fashion,French lime,#9EFD38,158,253,56,Neutral,Autumn,195,1
3375,User3375,52.0,,,Bottom,Fashion,Pale blue,#AFEEEE,175,238,238,Happy,Winter,97,1
6248,User6248,,Female,Mobile,,Sports,Unmellow yellow,#FFFF66,255,255,102,Neutral,Winter,293,1
6132,User6132,,Non-Binary,Mobile,Bottom,Sports,Vermilion,#E34234,227,66,52,Sad,Spring,210,0
7619,User7619,62.0,Male,,Side,Home_Decor,Dark pastel green,#03C03C,3,192,60,Angry,Spring,33,0
8373,User8373,,Male,,,Tech,Cotton candy,#FFBCD9,255,188,217,Calm,Spring,191,1
5498,User5498,,Female,Tablet,Side,Tech,Electric violet,#8F00FF,143,0,255,Angry,Summer,181,1
6683,User6683,,Female,Tablet,Side,Food,Brown (traditional),#964B00,150,75,0,Sad,Autumn,160,1
9617,User9617,63.0,,Tablet,Side,Fashion,Deep carrot orange,#E9692C,233,105,44,Sad,Spring,250,1
342,User342,28.0,,Mobile,Side,Home_Decor,Steel pink,#CC33CC,204,51,204,Happy,Autumn,203,0
2309,User2309,,,Tablet,,Fashion,Copper,#B87333,184,115,51,Neutral,Winter,113,1
4634,User4634,,Non-Binary,Desktop,Side,Home_Decor,Grape,#6F2DA8,111,45,168,Neutral,Summer,76,0
992,User992,,,Desktop,Bottom,Sports,Alien Armpit,#84DE02,132,222,2,Angry,Winter,225,0
3180,User3180,,,Desktop,,Food,Waterspout,#A4F4F9,164,244,249,Calm,Autumn,285,0
2044,User2044,31.0,,Mobile,Top,Sports,Ivory,#FFFFF0,255,255,240,Calm,Spring,218,1
8115,User8115,20.0,Female,,Top,Fashion,Artichoke,#8F9779,143,151,121,Happy,Winter,79,1
8631,User8631,,Female,Desktop,Top,Food,Magnolia,#F8F4FF,248,244,255,Sad,Monsoon,246,1
6467,User6467,,Non-Binary,Desktop,Side,Home_Decor,Lavender (floral),#B57EDC,181,126,220,Happy,Summer,154,1
3854,User3854,,,Tablet,Bottom,Home_Decor,Turtle green,#8A9A5B,138,154,91,Neutral,Autumn,182,1
9504,User9504,,Male,,Top,Food,Vivid burgundy,#9F1D35,159,29,53,Sad,Spring,180,1
9855,User9855,,Male,Desktop,,Sports,Bright ube,#D19FE8,209,159,232,Happy,Winter,108,1
228,User228,46.0,,Mobile,Top,Food,Slate gray,#708090,112,128,144,Angry,Summer,123,1
5579,User5579,,Non-Binary,,Side,Sports,Russian violet,#32174D,50,23,77,Neutral,Spring,204,1
4325,User4325,,Male,Tablet,Side,Food,Purple taupe,#50404D,80,64,77,Calm,Winter,74,0
4140,User4140,,,Mobile,Top,Sports,Begonia,#FA6E79,250,110,121,Happy,Autumn,61,0
4848,User4848,,Female,Desktop,,Tech,Electric cyan,#00FFFF,0,255,255,Neutral,Monsoon,70,1
3641,User3641,33.0,Female,,,Food,Key Lime,#E8F48C,232,244,140,Neutral,Monsoon,62,1
5756,User5756,51.0,,Tablet,Top,Sports,Palm Leaf,#6F9940,130,142,132,Calm,Autumn,121,1
3343,User3343,39.0,Non-Binary,Tablet,Top,Fashion,Bright maroon,#C32148,195,33,72,Calm,Summer,25,0
8493,User8493,,,Mobile,Side,Fashion,Princeton orange,#F58025,245,128,37,Calm,Autumn,83,0
9689,User9689,,,Desktop,Bottom,Food,Violet (color wheel),#7F00FF,127,0,255,Happy,Winter,51,1
1253,User1253,36.0,,Desktop,Bottom,Food,Crimson red,#990000,153,0,0,Calm,Summer,175,1
5198,User5198,47.0,Male,Desktop,Bottom,Home_Decor,Ocean Boat Blue,#0077BE,0,119,190,Angry,Monsoon,88,1
5119,User5119,,,Desktop,Bottom,Sports,Coral Reef,#FD7C6E,253,124,110,Neutral,Winter,112,0
4742,User4742,31.0,Male,Desktop,Bottom,Food,Orchid,#DA70D6,218,112,214,Calm,Spring,291,1
4836,User4836,55.0,,Tablet,Side,Fashion,Cadet grey,#91A3B0,145,163,176,Neutral,Spring,275,1
9149,User9149,24.0,,Mobile,Side,Fashion,Blond,#FAF0BE,250,240,190,Sad,Spring,180,1
1926,User1926,50.0,Female,Mobile,Bottom,Fashion,Palatinate purple,#682860,104,40,96,Sad,Monsoon,74,0
5818,User5818,,,Tablet,Top,Sports,Sunglow,#FFCC33,255,204,51,Calm,Autumn,170,1
1914,User1914,42.0,Male,Tablet,Bottom,Tech,Dartmouth green,#00703C,0,112,60,Neutral,Summer,62,1
1635,User1635,54.0,Female,Tablet,Top,Food,Orchid,#DA70D6,218,112,214,Sad,Monsoon,249,1
7745,User7745,,Female,,Top,Tech,Coconut,#965A3E,150,90,62,Calm,Winter,49,0
3908,User3908,50.0,Female,Desktop,Bottom,Sports,Dodger blue,#1E90FF,30,144,255,Neutral,Winter,176,1
3801,User3801,26.0,Non-Binary,Desktop,Side,Food,Persimmon,#EC5800,236,88,0,Calm,Spring,268,1
1935,User1935,30.0,Female,Desktop,Bottom,Home_Decor,Gold Fusion,#85754E,133,117,78,Neutral,Summer,70,1
7941,User7941,41.0,,Desktop,Bottom,Food,Phlox,#DF00FF,223,0,255,Sad,Spring,193,1
1606,User1606,,Male,Mobile,,Food,Sandy taupe,#967117,150,113,23,Calm,Winter,277,0
5425,User5425,,,Mobile,Side,Food,Tan,#D2B48C,210,180,140,Sad,Winter,75,1
9090,User9090,41.0,Male,Desktop,Side,Food,Gold (web) (Golden),#FFD700,255,215,0,Calm,Autumn,40,1
5301,User5301,,Male,Tablet,Side,Food,Pink raspberry,#980036,152,0,54,Happy,Autumn,243,1
3062,User3062,34.0,Male,Desktop,,Sports,Rich lilac,#B666D2,182,102,210,Sad,Autumn,72,1
1651,User1651,35.0,Non-Binary,Mobile,Side,Food,Raw umber,#826644,130,102,68,Sad,Spring,112,0
5912,User5912,41.0,Non-Binary,,Side,Sports,Illuminating Emerald,#319177,49,145,119,Angry,Summer,212,1
2346,User2346,,Non-Binary,Mobile,Bottom,Food,Sonic silver,#757575,117,117,117,Sad,Autumn,281,0
6581,User6581,33.0,,Mobile,,Food,Ultramarine blue,#4166F5,65,102,245,Neutral,Monsoon,214,1
4697,User4697,,,Mobile,Side,Sports,Safety orange,#FF7800,255,120,0,Calm,Autumn,111,1
8701,User8701,,Female,,Top,Food,Bright lavender,#BF94E4,191,148,228,Happy,Spring,20,0
7661,User7661,48.0,,Mobile,Side,Fashion,Blast-off bronze,#A57164,165,113,100,Neutral,Summer,243,1
1253,User1253,36.0,Female,Desktop,Bottom,Food,Independence,#4C516D,76,81,109,Neutral,Autumn,226,1
5324,User5324,,,Mobile,Top,Home_Decor,Pale lavender,#DCD0FF,220,208,255,Neutral,Summer,260,1
3330,User3330,49.0,Male,Desktop,Top,Sports,Rich black (FOGRA39),#010203,1,2,3,Neutral,Monsoon,149,1
9420,User9420,,Non-Binary,Tablet,Side,Food,French fuchsia,#FD3F92,253,63,146,Happy,Winter,168,1
8937,User8937,57.0,Male,Tablet,Side,Food,Earth yellow,#E1A95F,225,169,95,Angry,Summer,16,1
2913,User2913,57.0,,Mobile,Side,Sports,Magenta (Pantone),#D0417E,208,65,126,Sad,Autumn,54,1
5105,User5105,64.0,Male,Tablet,Top,Tech,Arylide yellow,#E9D66B,233,214,107,Neutral,Spring,16,0
3641,User3641,33.0,Female,Tablet,Top,Fashion,Cordovan,#893F45,137,63,69,Sad,Spring,194,1
5501,User5501,,Non-Binary,Mobile,Bottom,Fashion,Teal deer,#99E6B3,153,230,179,Sad,Spring,97,1
4459,User4459,,Non-Binary,Desktop,Top,Food,Sinopia,#CB410B,203,65,11,Neutral,Spring,134,0
1704,User1704,61.0,Female,Tablet,Bottom,Sports,Livid,#6699CC,102,153,204,Angry,Summer,218,1
5623,User5623,53.0,,Desktop,Side,Home_Decor,Fuzzy Wuzzy,#CC6666,204,102,102,Sad,Spring,291,1
9690,User9690,,,Tablet,Side,Food,Dark coral,#CD5B45,205,91,69,Calm,Winter,179,0
9550,User9550,58.0,Non-Binary,,Top,Fashion,Rose vale,#AB4E52,171,78,82,Sad,Monsoon,205,1
8916,User8916,,Male,Tablet,Bottom,Food,Napier green,#2A8000,42,128,0,Neutral,Summer,109,0
6869,User6869,,,Desktop,Bottom,Sports,Deep chestnut,#B94E48,185,78,72,Happy,Summer,235,0
9180,User9180,52.0,,Desktop,Bottom,Home_Decor,Light sky blue,#87CEFA,135,206,250,Sad,Spring,102,0
8809,User8809,42.0,,,Side,Tech,Dogwood rose,#D71868,215,24,104,Angry,Spring,107,0
8726,User8726,62.0,,Desktop,Side,Home_Decor,Maroon (HTML/CSS),#800000,128,0,0,Calm,Summer,45,1
9472,User9472,25.0,Male,Mobile,,Food,Winter Sky,#FF007C,255,0,124,Calm,Spring,155,0
8972,User8972,,,Tablet,,Fashion,Silver chalice,#ACACAC,172,172,172,Happy,Spring,272,0
7505,User7505,,,,Top,Sports,French violet,#8806CE,136,6,206,Happy,Spring,282,0
6401,User6401,45.0,Female,Mobile,Side,Food,Regalia,#522D80,82,45,128,Sad,Spring,60,1
9290,User9290,61.0,,Desktop,Bottom,Tech,Bittersweet,#FE6F5E,254,111,94,Neutral,Spring,20,1
3333,User3333,30.0,Male,Tablet,,Sports,Star command blue,#007BB8,0,123,184,Angry,Autumn,226,1
1127,User1127,,,Desktop,Side,Sports,Bubble gum,#FFC1CC,255,193,204,Calm,Autumn,183,1
7248,User7248,,Non-Binary,,Top,Sports,Turquoise green,#A0D6B4,160,214,180,Happy,Autumn,138,1
6842,User6842,37.0,Female,Desktop,Side,Food,Carolina blue,#56A0D3,86,160,211,Angry,Summer,262,0
3915,User3915,,Female,Desktop,Side,Tech,Peach-yellow,#FADFAD,250,223,173,Neutral,Monsoon,66,1
5414,User5414,,Female,Desktop,Bottom,Food,Cream,#FFFDD0,255,253,208,Calm,Summer,127,1
2174,User2174,36.0,Female,Desktop,Bottom,Sports,Spartan Crimson,#9E1316,158,19,22,Calm,Autumn,46,1
4254,User4254,19.0,Male,Desktop,Bottom,Sports,Electric green,#00FF00,0,255,0,Neutral,Summer,56,1
7670,User7670,,Female,Tablet,Top,Fashion,Moonstone blue,#73A9C2,115,169,194,Calm,Monsoon,71,1
4661,User4661,,Non-Binary,Mobile,Bottom,Home_Decor,Lemon glacier,#FDFF00,253,255,0,Neutral,Spring,63,0
412,User412,,Male,Tablet,Top,Food,Yankees blue,#1C2841,28,40,65,Calm,Winter,39,1
5574,User5574,52.0,,,Bottom,Tech,Neon green,#39FF14,57,255,20,Sad,Autumn,140,1
1905,User1905,62.0,,Mobile,Bottom,Sports,Blue (pigment),#333399,51,51,153,Neutral,Autumn,80,1
8071,User8071,,,,,Food,Orange Soda,#FA5B3D,250,91,61,Angry,Monsoon,246,0
9842,User9842,43.0,Non-Binary,Mobile,Top,Home_Decor,Vivid lime green,#A6D608,166,214,8,Sad,Spring,292,1
3037,User3037,36.0,Male,,,Food,Orange Soda,#FA5B3D,250,91,61,Angry,Spring,225,1
8906,User8906,,Male,Desktop,Top,Home_Decor,Fandango pink,#DE5285,222,82,133,Calm,Winter,89,1
8965,User8965,25.0,Female,Mobile,Bottom,Food,Brass,#B5A642,181,166,66,Angry,Spring,127,1
4539,User4539,54.0,,Mobile,Bottom,Fashion,Fawn,#E5AA70,229,170,112,Sad,Monsoon,199,1
6155,User6155,57.0,Female,Tablet,Top,Food,Vivid tangelo,#F07427,240,116,39,Neutral,Spring,106,0
235,User235,55.0,,Mobile,Side,Fashion,Skobeloff,#007474,0,116,116,Happy,Monsoon,287,0
5980,User5980,40.0,Female,Desktop,Side,Home_Decor,Mountbatten pink,#997A8D,153,122,141,Angry,Autumn,7,1
674,User674,,,Tablet,Side,Sports,Gold Fusion,#85754E,133,117,78,Happy,Autumn,251,1
8515,User8515,,Non-Binary,Mobile,Bottom,Sports,Harvard crimson,#C90016,201,0,22,Angry,Autumn,152,1
9766,User9766,,Male,,Bottom,Food,Burlywood,#DEB887,222,184,135,Angry,Summer,203,1
9148,User9148,19.0,,Mobile,Bottom,Tech,Blast-off bronze,#A57164,165,113,100,Neutral,Autumn,125,0
9807,User9807,35.0,Non-Binary,Tablet,,Food,Redwood,#A45A52,164,90,82,Calm,Monsoon,173,1
1805,User1805,,Male,Mobile,,Fashion,French rose,#F64A8A,246,74,138,Sad,Winter,5,1
1524,User1524,24.0,Male,Mobile,Bottom,Fashion,Lavender gray,#C4C3D0,196,195,208,Sad,Spring,113,1
7064,User7064,61.0,Male,Tablet,Side,Home_Decor,Grullo,#A99A86,169,154,134,Sad,Autumn,14,0
1524,User1524,,Male,,Bottom,Food,Upsdell red,#AE2029,174,32,41,Calm,Summer,131,1
6193,User6193,,Female,Desktop,,Home_Decor,Drab,#967117,150,113,23,Happy,Summer,161,1
6100,User6100,,,Desktop,,Tech,Electric ultramarine,#3F00FF,63,0,255,Sad,Monsoon,235,1
8750,User8750,,Female,,Top,Sports,Copper penny,#AD6F69,173,111,105,Happy,Winter,19,0
3352,User3352,,Female,Desktop,Side,Sports,Middle Green Yellow,#ACBF60,172,191,96,Calm,Autumn,279,1
7533,User7533,,Female,Tablet,Side,Food,Liver (organ),#6C2E1F,108,46,31,Calm,Autumn,50,0
7544,User7544,,Female,Mobile,Top,Home_Decor,Lime (color wheel),#BFFF00,191,255,0,Neutral,Summer,278,1
5266,User5266,55.0,Non-Binary,,Bottom,Home_Decor,Pewter Blue,#8BA8B7,139,168,183,Sad,Monsoon,110,0
2156,User2156,,Female,Tablet,,Tech,Bangladesh green,#006A4E,0,106,78,Neutral,Summer,7,1
1229,User1229,22.0,Female,Desktop,Bottom,Home_Decor,Safety orange (blaze orange),#FF6700,255,103,0,Sad,Summer,257,0
4092,User4092,47.0,,Mobile,Top,Fashion,Charleston green,#232B2B,35,43,43,Calm,Winter,26,0
9234,User9234,,Male,Desktop,,Fashion,Cool Black,#002E63,0,46,99,Calm,Monsoon,59,1
9267,User9267,,,Desktop,Top,Fashion,Gray (X11 gray),#BEBEBE,190,190,190,Angry,Winter,114,1
2973,User2973,,Non-Binary,Tablet,Bottom,Food,Vista blue,#7C9ED9,124,158,217,Angry,Monsoon,227,1
170,User170,64.0,,,Bottom,Fashion,Debian red,#D70A53,215,10,83,Calm,Autumn,252,0
7800,User7800,53.0,Non-Binary,Desktop,Bottom,Fashion,Camel,#C19A6B,193,154,107,Calm,Spring,140,0
323,User323,,Female,Desktop,Top,Sports,Magenta (Pantone),#D0417E,208,65,126,Happy,Spring,250,0
8353,User8353,,,,Bottom,Food,Cadet grey,#91A3B0,145,163,176,Happy,Monsoon,74,1
4950,User4950,28.0,Male,Mobile,Side,Fashion,Fuchsia rose,#C74375,199,67,117,Neutral,Spring,22,1
2173,User2173,,,Mobile,,Tech,Rich maroon,#B03060,176,48,96,Angry,Summer,190,1
1650,User1650,,,Desktop,Bottom,Fashion,Green (Crayola),#1CAC78,28,172,120,Angry,Autumn,121,1
5217,User5217,,Female,Desktop,Side,Food,Maximum Purple,#733380,115,51,128,Calm,Autumn,261,0
4956,User4956,42.0,Male,Mobile,Bottom,Home_Decor,Eggshell,#F0EAD6,240,234,214,Calm,Spring,282,0
4228,User4228,,,,Side,Sports,Maximum Yellow,#FAFA37,250,250,55,Neutral,Monsoon,99,1
1401,User1401,34.0,,,Top,Sports,Dark orange,#FF8C00,255,140,0,Angry,Summer,119,0
5085,User5085,,,Tablet,,Food,Caribbean green,#00CC99,0,204,153,Happy,Monsoon,66,1
5526,User5526,20.0,,,Side,Fashion,Light grayish magenta,#CC99CC,204,153,204,Sad,Spring,279,0
674,User674,,,,Side,Tech,Grullo,#A99A86,169,154,134,Neutral,Autumn,128,1
5514,User5514,31.0,,Desktop,Side,Fashion,Indian yellow,#E3A857,227,168,87,Sad,Autumn,84,1
5647,User5647,,,Tablet,Side,Fashion,Light deep pink,#FF5CCD,255,92,205,Happy,Monsoon,151,1
8924,User8924,36.0,,Tablet,Top,Tech,Lavender (floral),#B57EDC,181,126,220,Happy,Winter,26,0
4643,User4643,,,Desktop,Top,Sports,Middle Red,#E58E73,229,144,115,Sad,Monsoon,87,0
8491,User8491,40.0,,Mobile,Top,Fashion,Vivid raspberry,#FF006C,255,0,108,Neutral,Winter,9,0
8361,User8361,41.0,Female,,Side,Home_Decor,International orange (engineering),#BA160C,186,22,12,Sad,Monsoon,265,1
8174,User8174,20.0,Female,Mobile,Bottom,Home_Decor,Amazon,#3B7A57,59,122,87,Neutral,Winter,284,1
9842,User9842,43.0,Non-Binary,Mobile,Top,Food,International orange (engineering),#BA160C,186,22,12,Neutral,Winter,133,1
2339,User2339,,Female,Desktop,Top,Food,Electric blue,#7DF9FF,125,249,255,Calm,Winter,118,0
5748,User5748,,Male,Desktop,Side,Tech,Light French beige,#C8AD7F,200,173,127,Angry,Winter,288,1
228,User228,,,,Top,Tech,Blue-gray,#6699CC,102,153,204,Angry,Summer,51,1
7518,User7518,,Non-Binary,,Bottom,Food,Castleton green,#00563F,0,86,63,Happy,Winter,192,1
4701,User4701,34.0,,Tablet,Top,Fashion,Amaranth deep purple,#9F2B68,159,43,104,Calm,Winter,23,0
8666,User8666,57.0,Male,Desktop,Side,Sports,Tangerine yellow,#FFCC00,255,204,0,Angry,Autumn,91,0
3854,User3854,56.0,,Tablet,Bottom,Home_Decor,Eerie black,#1B1B1B,27,27,27,Neutral,Summer,146,1
9146,User9146,58.0,,,Top,Tech,Fern green,#4F7942,79,121,66,Neutral,Winter,255,1
5436,User5436,40.0,,Desktop,,Food,Bright lilac,#D891EF,216,145,239,Sad,Spring,12,1
2428,User2428,33.0,,Tablet,Side,Home_Decor,Teal deer,#99E6B3,153,230,179,Sad,Summer,41,1
9057,User9057,,,,Side,Tech,Jordy blue,#8AB9F1,138,185,241,Neutral,Autumn,90,1
805,User805,,,Desktop,Bottom,Tech,Antique brass,#CD9575,205,149,117,Neutral,Monsoon,76,1
6893,User6893,21.0,,Mobile,,Fashion,Spring Frost,#87FF2A,135,255,42,Sad,Autumn,270,1
8753,User8753,,Non-Binary,Tablet,Top,Tech,Sacramento State green,#00563F,0,86,63,Angry,Autumn,71,1
5924,User5924,,Non-Binary,Tablet,Side,Sports,Cool Black,#002E63,0,46,99,Happy,Summer,145,0
1562,User1562,51.0,,Mobile,Bottom,Tech,Citrine,#E4D00A,228,208,10,Sad,Summer,299,0
9290,User9290,61.0,,,Bottom,Sports,Non-photo blue,#A4DDED,164,221,237,Angry,Spring,68,1
2228,User2228,,Female,Desktop,,Fashion,Medium lavender magenta,#DDA0DD,221,160,221,Angry,Spring,34,0
6730,User6730,64.0,,Mobile,Bottom,Sports,Mint green,#98FF98,152,255,152,Angry,Summer,49,0
4804,User4804,,Non-Binary,Tablet,Bottom,Home_Decor,Old lavender,#796878,121,104,120,Calm,Summer,138,0
8512,User8512,,Non-Binary,Mobile,Top,Tech,Mystic Maroon,#AD4379,173,67,121,Calm,Summer,20,0
3801,User3801,26.0,Non-Binary,Desktop,,Food,Medium taupe,#674C47,103,76,71,Angry,Monsoon,282,1
6202,User6202,,Female,,Bottom,Food,Celeste,#B2FFFF,178,255,255,Neutral,Autumn,223,1
6886,User6886,43.0,Male,,Bottom,Sports,Purple navy,#4E5180,78,81,128,Calm,Spring,281,1
2913,User2913,57.0,Non-Binary,Mobile,Side,Fashion,Bistre,#3D2B1F,61,43,31,Sad,Spring,225,1
8965,User8965,25.0,Female,Mobile,,Sports,Radical Red,#FF355E,255,53,94,Calm,Winter,197,1
8454,User8454,18.0,Female,Tablet,Side,Sports,Pale turquoise,#AFEEEE,175,238,238,Neutral,Monsoon,162,0
3951,User3951,,,Desktop,,Sports,Ultramarine blue,#4166F5,65,102,245,Happy,Summer,28,0
5699,User5699,19.0,,,Top,Home_Decor,Fuzzy Wuzzy,#CC6666,204,102,102,Calm,Summer,145,1
2876,User2876,23.0,Non-Binary,Tablet,,Home_Decor,Kiwi,#8EE53F,142,229,63,Angry,Monsoon,226,1
8252,User8252,,Male,Tablet,Side,Sports,Purple (HTML),#800080,128,0,128,Angry,Spring,30,1
6835,User6835,49.0,,Tablet,Side,Fashion,French lime,#9EFD38,158,253,56,Angry,Summer,102,0
6193,User6193,29.0,Female,Desktop,,Tech,Black Coral,#54626F,84,98,111,Happy,Winter,280,1
5862,User5862,56.0,,Desktop,Side,Food,Blue (pigment),#333399,51,51,153,Neutral,Spring,65,0
1635,User1635,54.0,Female,Tablet,,Home_Decor,Rust,#B7410E,183,65,14,Sad,Autumn,247,1
7856,User7856,63.0,Female,Desktop,Side,Tech,Pale green,#98FB98,152,251,152,Neutral,Monsoon,13,0
2964,User2964,40.0,Non-Binary,Mobile,Side,Home_Decor,Very light blue,#6666FF,102,102,255,Happy,Spring,276,1
7172,User7172,,,Tablet,Bottom,Home_Decor,Black Coral,#54626F,84,98,111,Angry,Autumn,264,0
1817,User1817,22.0,Non-Binary,,,Home_Decor,Arylide yellow,#E9D66B,233,214,107,Neutral,Winter,36,0
5921,User5921,,,,Side,Sports,Emerald,#50C878,80,200,120,Sad,Monsoon,97,1
2788,User2788,26.0,,,Bottom,Sports,Lumber,#FFE4CD,255,228,205,Angry,Summer,132,0
7670,User7670,54.0,Female,Tablet,Top,Home_Decor,St. Patrick's blue,#23297A,35,41,122,Sad,Summer,241,1
8921,User8921,18.0,,Desktop,Top,Home_Decor,Brunswick green,#1B4D3E,27,77,62,Calm,Autumn,21,0
4483,User4483,,Non-Binary,Desktop,Top,Food,Daffodil,#FFFF31,255,255,49,Sad,Spring,45,1
8947,User8947,22.0,Male,Desktop,,Tech,Citrine,#E4D00A,228,208,10,Angry,Winter,276,1
1529,User1529,20.0,Female,Mobile,Top,Tech,Deep spring bud,#556B2F,85,107,47,Calm,Autumn,280,1
8253,User8253,,Non-Binary,Desktop,Bottom,Fashion,Vivid red,#F70D1A,247,13,26,Angry,Winter,46,1
7322,User7322,,Female,Desktop,Bottom,Fashion,Flirt,#A2006D,162,0,109,Angry,Winter,270,1
7526,User7526,,,Tablet,,Fashion,Electric cyan,#00FFFF,0,255,255,Calm,Winter,56,1
922,User922,48.0,,,Bottom,Sports,Viridian,#40826D,64,130,109,Sad,Monsoon,192,0
9642,User9642,,,Mobile,Bottom,Sports,Green (Munsell),#00A877,0,168,119,Happy,Autumn,155,1
4938,User4938,,Male,Desktop,,Food,Imperial purple,#66023C,102,2,60,Happy,Monsoon,248,1
3271,User3271,23.0,Male,Desktop,Top,Sports,Japanese carmine,#9D2933,157,41,51,Happy,Spring,293,0
7518,User7518,,,Desktop,Bottom,Fashion,Forest green (traditional),#014421,1,68,33,Happy,Spring,131,1
8147,User8147,32.0,Female,Desktop,Top,Home_Decor,Yellow,#FFFF00,255,255,0,Neutral,Summer,209,1
8837,User8837,,,,Bottom,Fashion,Mustard,#FFDB58,255,219,88,Happy,Summer,104,0
7229,User7229,43.0,Non-Binary,,Top,Food,Deep jungle green,#004B49,0,75,73,Calm,Summer,83,1
4361,User4361,29.0,Male,Tablet,Side,Home_Decor,Harvest gold,#DA9100,218,145,0,Happy,Spring,187,1
2735,User2735,30.0,Male,Mobile,Bottom,Sports,Brilliant rose,#FF55A3,255,85,163,Angry,Winter,102,0
2782,User2782,58.0,Female,Tablet,Bottom,Home_Decor,Rich electric blue,#0892D0,8,146,208,Happy,Winter,72,0
6337,User6337,,,Mobile,Top,Food,Deep Tuscan red,#66424D,102,66,77,Sad,Autumn,32,1
4228,User4228,,,Desktop,Side,Sports,Vivid gamboge,#FF9900,255,153,0,Calm,Spring,33,1
6288,User6288,61.0,Non-Binary,,Bottom,Tech,Vivid mulberry,#B80CE3,184,12,227,Calm,Summer,126,1
9892,User9892,,,,Side,Fashion,Deep puce,#A95C68,169,92,104,Neutral,Spring,216,1
7498,User7498,,Male,Mobile,Side,Fashion,Platinum,#E5E4E2,229,228,226,Angry,Winter,180,1
2023,User2023,19.0,Non-Binary,Desktop,Top,Food,Dark tangerine,#FFA812,255,168,18,Calm,Winter,109,1
1722,User1722,36.0,,Mobile,,Food,Raspberry rose,#B3446C,179,68,108,Sad,Monsoon,76,0
1905,User1905,,,Mobile,Bottom,Fashion,Fuchsia pink,#FF77FF,255,119,255,Happy,Monsoon,114,1
5895,User5895,,Non-Binary,,Side,Home_Decor,Purple pizzazz,#FE4EDA,254,78,218,Calm,Autumn,117,0
9107,User9107,62.0,,Mobile,,Tech,Raw Sienna,#D68A59,214,138,89,Sad,Spring,236,0
6765,User6765,46.0,Female,Tablet,Side,Tech,Pale brown,#987654,152,118,84,Happy,Monsoon,47,1
7266,User7266,,,Tablet,Bottom,Food,Café au lait,#A67B5B,166,123,91,Neutral,Monsoon,269,1
4620,User4620,43.0,,,Side,Food,Cherry,#DE3163,222,49,99,Calm,Spring,50,1
8459,User8459,38.0,Non-Binary,Tablet,Bottom,Home_Decor,Dim gray,#696969,105,105,105,Calm,Winter,62,1
3854,User3854,56.0,,Tablet,,Food,Booger Buster,#DDE26A,221,226,106,Sad,Autumn,229,1
5955,User5955,59.0,,Tablet,Side,Tech,Carolina blue,#56A0D3,86,160,211,Angry,Autumn,144,1
5189,User5189,,Female,Desktop,,Fashion,Mountain Meadow,#30BA8F,48,186,143,Neutral,Autumn,105,0
9157,User9157,,,Mobile,Bottom,Tech,Deer,#BA8759,186,135,89,Angry,Monsoon,285,1
9954,User9954,56.0,Male,Desktop,Side,Home_Decor,Bubble gum,#FFC1CC,255,193,204,Calm,Winter,242,0
5276,User5276,42.0,,Tablet,,Fashion,Lime green,#32CD32,50,205,50,Angry,Autumn,93,1
3060,User3060,,Male,Tablet,Bottom,Fashion,Mughal green,#306030,48,96,48,Happy,Spring,250,1
8174,User8174,,,Mobile,Bottom,Tech,Desert,#C19A6B,193,154,107,Neutral,Autumn,183,1
6788,User6788,18.0,,Mobile,,Fashion,Navy,#000080,0,0,128,Angry,Summer,235,0
6959,User6959,,Male,Desktop,,Fashion,Byzantine,#BD33A4,189,51,164,Happy,Winter,103,1
6122,User6122,40.0,Non-Binary,Mobile,Side,Food,Deep koamaru,#333366,51,51,102,Sad,Summer,219,0
68,User68,,,Tablet,Side,Fashion,Persian green,#00A693,0,166,147,Angry,Winter,204,0
2727,User2727,,Non-Binary,Mobile,Bottom,Home_Decor,Vivid orchid,#CC00FF,204,0,255,Neutral,Spring,260,1
5832,User5832,28.0,Non-Binary,Desktop,Side,Fashion,Heidelberg Red[2],#960018,150,0,24,Happy,Monsoon,199,1
6202,User6202,,Female,Tablet,Bottom,Food,Heat Wave,#FF7A00,255,122,0,Angry,Monsoon,28,1
1638,User1638,53.0,Non-Binary,Tablet,Bottom,Sports,Neon Carrot,#FFA343,255,163,67,Sad,Winter,274,0
6237,User6237,32.0,Non-Binary,Mobile,,Sports,Cyan (process),#00B7EB,0,183,235,Angry,Autumn,282,1
2485,User2485,57.0,Non-Binary,Mobile,,Home_Decor,Puce red,#722F37,114,47,55,Happy,Summer,230,1
5490,User5490,50.0,Non-Binary,Mobile,Top,Home_Decor,Caribbean green,#00CC99,0,204,153,Angry,Spring,232,0
3741,User3741,,Female,,,Fashion,Granite Gray,#676767,103,103,103,Neutral,Autumn,132,0
5869,User5869,,,,,Fashion,Pale lavender,#DCD0FF,220,208,255,Calm,Monsoon,35,0
8774,User8774,,,Desktop,Top,Sports,Brass,#B5A642,181,166,66,Happy,Autumn,255,0
6438,User6438,53.0,Non-Binary,Tablet,Top,Sports,Resolution blue,#002387,0,35,135,Happy,Summer,62,1
412,User412,,,Tablet,,Tech,North Texas Green,#059033,5,144,51,Happy,Monsoon,151,1
1454,User1454,,Female,,Top,Sports,English violet,#563C5C,86,60,92,Happy,Winter,110,1
5421,User5421,47.0,Non-Binary,,Bottom,Sports,Ultramarine,#3F00FF,18,10,143,Angry,Spring,89,0
670,User670,22.0,,Desktop,Top,Home_Decor,Mantis,#74C365,116,195,101,Neutral,Spring,6,1
4254,User4254,19.0,Male,Desktop,Bottom,Tech,Blueberry,#4F86F7,79,134,247,Sad,Monsoon,57,1
1178,User1178,,Male,Desktop,,Tech,Peridot,#E6E200,230,226,0,Neutral,Winter,226,1
4057,User4057,,,Desktop,Side,Fashion,Boysenberry,#873260,135,50,96,Happy,Summer,29,1
5489,User5489,,Male,,Bottom,Fashion,Vivid malachite,#00CC33,0,204,51,Angry,Spring,39,0
3915,User3915,,Female,,Side,Tech,Arctic lime,#D0FF14,208,255,20,Angry,Monsoon,161,1
2272,User2272,52.0,,Tablet,Bottom,Tech,Green (Crayola),#1CAC78,28,172,120,Happy,Spring,149,1
3118,User3118,57.0,Male,Mobile,Top,Fashion,Navajo white,#FFDEAD,255,222,173,Angry,Winter,282,1
1428,User1428,,Non-Binary,Desktop,Top,Home_Decor,Vivid vermilion,#E56024,229,96,36,Happy,Summer,298,0
3073,User3073,,Female,,Top,Home_Decor,Purple Heart,#69359C,105,53,156,Neutral,Winter,281,0
7151,User7151,,Non-Binary,Tablet,Side,Home_Decor,Bubble gum,#FFC1CC,255,193,204,Calm,Autumn,183,1
2787,User2787,32.0,,Tablet,,Home_Decor,Rubine red,#D10056,209,0,86,Angry,Winter,284,0
6161,User6161,61.0,,Tablet,,Fashion,Liver (organ),#6C2E1F,108,46,31,Happy,Winter,201,1
5193,User5193,,Female,Desktop,Side,Food,Dark liver (horses),#543D37,84,61,55,Happy,Spring,229,1
9527,User9527,44.0,Male,Desktop,,Sports,Coconut,#965A3E,150,90,62,Angry,Winter,51,0
3335,User3335,24.0,Male,Mobile,,Sports,Light yellow,#FFFFE0,255,255,224,Sad,Monsoon,189,1
4969,User4969,62.0,Female,Tablet,Side,Sports,Livid,#6699CC,102,153,204,Happy,Spring,166,0
1755,User1755,,Non-Binary,,,Sports,Cobalt Blue,#0047AB,0,71,171,Angry,Spring,135,1
1171,User1171,,Female,Mobile,,Fashion,Cerise pink,#EC3B83,236,59,131,Happy,Autumn,299,1
1919,User1919,,,Tablet,,Food,Cornell Red,#B31B1B,179,27,27,Sad,Monsoon,96,0
4429,User4429,34.0,,Mobile,,Fashion,Lavender gray,#C4C3D0,196,195,208,Calm,Winter,79,1
4871,User4871,58.0,,Desktop,Side,Food,Liver chestnut,#987456,152,116,86,Sad,Autumn,142,1
8339,User8339,41.0,Female,Mobile,Side,Fashion,Classic rose,#FBCCE7,251,204,231,Neutral,Monsoon,172,0
9146,User9146,58.0,,,Top,Tech,Iceberg,#71A6D2,113,166,210,Angry,Autumn,262,1
6413,User6413,,Female,Mobile,Top,Food,Pansy purple,#78184A,120,24,74,Sad,Summer,242,0
9418,User9418,20.0,,Tablet,Side,Sports,Mughal green,#306030,48,96,48,Calm,Winter,49,1
8277,User8277,44.0,Female,Desktop,,Food,Imperial red,#ED2939,237,41,57,Happy,Autumn,141,0
8606,User8606,28.0,Male,Mobile,Side,Home_Decor,Charleston green,#232B2B,35,43,43,Angry,Summer,107,0
5980,User5980,,Female,Desktop,Side,Food,Fuchsia pink,#FF77FF,255,119,255,Sad,Winter,133,1
6449,User6449,42.0,,Desktop,Top,Home_Decor,Flirt,#A2006D,162,0,109,Calm,Autumn,165,1
9689,User9689,,,Desktop,Bottom,Home_Decor,Dark byzantium,#5D3954,93,57,84,Sad,Autumn,42,1
6979,User6979,62.0,,,,Tech,Black leather jacket,#253529,37,53,41,Neutral,Autumn,61,0
1710,User1710,37.0,,Tablet,Side,Food,Sepia,#704214,112,66,20,Angry,Autumn,165,1
3330,User3330,49.0,Male,Desktop,Top,Tech,Fuchsia,#FF00FF,255,0,255,Happy,Spring,180,1
4021,User4021,,,,Side,Sports,Dandelion,#F0E130,240,225,48,Calm,Autumn,263,1
9516,User9516,28.0,Female,Desktop,Top,Food,Fashion fuchsia,#F400A1,244,0,161,Sad,Spring,292,1
5732,User5732,,Non-Binary,,Bottom,Fashion,Maximum Blue Green,#30BFBF,48,191,191,Angry,Spring,149,1
4938,User4938,28.0,Male,Desktop,Side,Fashion,Han purple,#5218FA,82,24,250,Sad,Summer,72,1
3045,User3045,,Male,Mobile,Bottom,Fashion,Maximum Yellow,#FAFA37,250,250,55,Angry,Winter,272,0
4848,User4848,,Female,Desktop,Bottom,Home_Decor,Amaranth purple,#AB274F,171,39,79,Neutral,Spring,222,1
7750,User7750,46.0,,Mobile,Side,Fashion,Amber,#FFBF00,255,191,0,Sad,Monsoon,168,1
6980,User6980,62.0,,Desktop,Bottom,Sports,English vermillion,#CC474B,204,71,75,Neutral,Spring,183,1
6063,User6063,18.0,Non-Binary,Desktop,Side,Food,Sasquatch Socks,#FF4681,255,70,129,Calm,Monsoon,52,0
6893,User6893,21.0,,Mobile,Top,Food,Blue Lagoon,#ACE5EE,172,229,238,Neutral,Summer,198,1
2076,User2076,18.0,Female,Mobile,Bottom,Home_Decor,Teal,#008080,0,128,128,Angry,Monsoon,293,0
9397,User9397,19.0,,Tablet,Top,Home_Decor,Vivid red-tangelo,#DF6124,223,97,36,Calm,Summer,210,1
2804,User2804,,Female,Tablet,Bottom,Home_Decor,Sunny,#F2F27A,242,242,122,Sad,Summer,88,1
3245,User3245,40.0,,Desktop,Side,Sports,Brilliant azure,#3399FF,51,153,255,Sad,Summer,105,1
3299,User3299,44.0,,Tablet,Side,Food,Deep ruby,#843F5B,132,63,91,Angry,Monsoon,159,1
8522,User8522,,,Desktop,Side,Tech,USC Cardinal,#990000,153,0,0,Happy,Monsoon,51,0
3801,User3801,26.0,Non-Binary,Desktop,Side,Home_Decor,Bright lilac,#D891EF,216,145,239,Happy,Summer,238,1
6862,User6862,,,Tablet,Side,Fashion,Yellow,#FFFF00,255,255,0,Sad,Summer,151,1
9013,User9013,,Male,,,Tech,Han purple,#5218FA,82,24,250,Angry,Winter,200,0
4042,User4042,47.0,Female,,Bottom,Tech,French lime,#9EFD38,158,253,56,Happy,Summer,26,0
9070,User9070,,Non-Binary,Tablet,Bottom,Home_Decor,Stizza,#990000,153,0,0,Neutral,Autumn,198,1
58,User58,36.0,Female,Mobile,Top,Fashion,Vivid orange,#FF5F00,255,95,0,Sad,Winter,278,1
6186,User6186,48.0,Non-Binary,,Side,Home_Decor,Pastel red,#FF6961,255,105,97,Neutral,Winter,212,0
6505,User6505,37.0,Female,Tablet,Side,Home_Decor,Ghost white,#F8F8FF,248,248,255,Angry,Winter,279,0
375,User375,26.0,Non-Binary,Mobile,,Fashion,Sacramento State green,#00563F,0,86,63,Neutral,Autumn,221,1
4836,User4836,55.0,,Tablet,Side,Tech,Dark liver (horses),#543D37,84,61,55,Happy,Winter,31,1
674,User674,,,Tablet,Side,Tech,Cinnamon Satin,#CD607E,205,96,126,Happy,Winter,19,1
6116,User6116,,,Mobile,Side,Fashion,Plum (web),#DDA0DD,221,160,221,Calm,Monsoon,163,0
5566,User5566,,Non-Binary,Mobile,Bottom,Tech,Slate blue,#6A5ACD,106,90,205,Sad,Monsoon,218,1
4015,User4015,44.0,Male,Tablet,Side,Sports,Pullman Brown (UPS Brown),#644117,100,65,23,Angry,Summer,168,1
8883,User8883,,Female,Mobile,Bottom,Home_Decor,Blue yonder,#5072A7,80,114,167,Sad,Summer,131,1
1791,User1791,,,Tablet,Bottom,Sports,Safety orange (blaze orange),#FF6700,255,103,0,Neutral,Spring,62,0
8253,User8253,57.0,,Desktop,Bottom,Sports,Green (NCS),#009F6B,0,159,107,Angry,Autumn,151,1
606,User606,,Non-Binary,Desktop,Bottom,Sports,Prune,#701C1C,112,28,28,Angry,Monsoon,260,1
4429,User4429,34.0,,Mobile,Top,Food,Lavender gray,#C4C3D0,196,195,208,Happy,Summer,114,1
6475,User6475,,Non-Binary,Tablet,Bottom,Food,Claret,#7F1734,127,23,52,Neutral,Autumn,53,0
1207,User1207,42.0,,Mobile,Bottom,Sports,Lavender pink,#FBAED2,251,174,210,Happy,Winter,186,0
5386,User5386,57.0,,Mobile,,Home_Decor,Dark pink,#E75480,231,84,128,Happy,Autumn,65,0
3042,User3042,,,Mobile,Side,Sports,Jasmine,#F8DE7E,248,222,126,Calm,Monsoon,239,1
9397,User9397,19.0,,,Top,Sports,Safety orange,#FF7800,255,120,0,Happy,Spring,246,1
6015,User6015,,Female,Desktop,Bottom,Food,Chamoisee,#A0785A,160,120,90,Sad,Monsoon,134,0
2017,User2017,,Male,Tablet,Bottom,Sports,Safety yellow,#EED202,238,210,2,Angry,Summer,268,1
1910,User1910,63.0,Male,Desktop,Side,Home_Decor,Sand,#C2B280,194,178,128,Happy,Summer,212,1
5579,User5579,,Non-Binary,Mobile,,Home_Decor,KU Crimson,#E8000D,232,0,13,Sad,Autumn,146,1
9842,User9842,43.0,Non-Binary,,,Sports,Royal azure,#0038A8,0,56,168,Neutral,Monsoon,26,1
277,User277,59.0,Male,Desktop,Top,Home_Decor,Smashed Pumpkin,#FF6D3A,255,109,58,Angry,Summer,21,1
742,User742,21.0,,Mobile,Bottom,Sports,Viridian,#40826D,64,130,109,Neutral,Winter,126,0
5968,User5968,,,Tablet,Side,Food,Steel pink,#CC33CC,204,51,204,Sad,Winter,286,1
6861,User6861,,Non-Binary,Tablet,Side,Sports,Maximum Green,#5E8C31,94,140,49,Neutral,Spring,231,1
4411,User4411,49.0,Female,Desktop,,Tech,Bright pink,#FF007F,255,0,127,Neutral,Autumn,290,0
1937,User1937,26.0,,Mobile,Side,Food,Telemagenta,#CF3476,207,52,118,Neutral,Summer,120,0
7450,User7450,,,,Side,Home_Decor,Sand,#C2B280,194,178,128,Happy,Spring,153,1
8710,User8710,18.0,,Tablet,Top,Home_Decor,Iguana Green,#71BC78,113,188,120,Happy,Winter,174,0
5942,User5942,,Non-Binary,Tablet,Bottom,Food,Rosy brown,#BC8F8F,188,143,143,Happy,Spring,94,1
8252,User8252,,Male,Tablet,Side,Tech,Chrome yellow,#FFA700,255,167,0,Angry,Spring,123,1
5805,User5805,29.0,Non-Binary,Tablet,Bottom,Food,Turquoise,#40E0D0,64,224,208,Sad,Summer,188,0
8120,User8120,34.0,Female,Mobile,Side,Fashion,Orchid,#DA70D6,218,112,214,Happy,Summer,268,0
7138,User7138,26.0,Male,Tablet,,Tech,Pastel orange,#FFB347,255,179,71,Neutral,Summer,231,1
4290,User4290,,,Tablet,Side,Food,Electric ultramarine,#3F00FF,63,0,255,Neutral,Autumn,97,0
7450,User7450,,,Desktop,Side,Fashion,Cerise,#DE3163,222,49,99,Neutral,Spring,121,1
8056,User8056,25.0,,Mobile,Top,Sports,Aquamarine,#7FFFD4,127,255,212,Neutral,Spring,125,0
2392,User2392,62.0,,Tablet,Side,Tech,Purple (X11),#A020F0,160,32,240,Calm,Autumn,142,0
2865,User2865,,,Tablet,Bottom,Sports,Carnation pink,#FFA6C9,255,166,201,Angry,Winter,235,0
1741,User1741,,,,Bottom,Fashion,Silver Lake blue,#5D89BA,93,137,186,Sad,Monsoon,152,1
393,User393,40.0,,Desktop,,Home_Decor,Purple (Munsell),#9F00C5,159,0,197,Sad,Winter,288,1
9136,User9136,,Non-Binary,Desktop,Side,Home_Decor,Sand,#C2B280,194,178,128,Happy,Autumn,146,1
8994,User8994,34.0,Female,Mobile,Bottom,Home_Decor,Cyan (process),#00B7EB,0,183,235,Calm,Spring,12,1
7962,User7962,,,Tablet,Top,Sports,Tangerine,#F28500,242,133,0,Sad,Spring,9,1
518,User518,29.0,Male,Tablet,Bottom,Tech,Kobi,#E79FC4,231,159,196,Angry,Summer,261,1
9789,User9789,36.0,,Tablet,Side,Sports,Hansa yellow,#E9D66B,233,214,107,Neutral,Summer,250,1
891,User891,43.0,Male,Tablet,Bottom,Sports,Vivid lime green,#A6D608,166,214,8,Happy,Spring,239,0
6854,User6854,32.0,,Mobile,Bottom,Home_Decor,Heliotrope magenta,#AA00BB,170,0,187,Angry,Spring,14,1
2457,User2457,61.0,Non-Binary,Mobile,,Sports,Dartmouth green,#00703C,0,112,60,Sad,Summer,246,0
2156,User2156,46.0,Female,Tablet,Side,Fashion,Maximum Green,#5E8C31,94,140,49,Calm,Summer,192,1
5579,User5579,,Non-Binary,Mobile,Side,Food,Silver,#C0C0C0,192,192,192,Happy,Winter,6,1
1948,User1948,57.0,Male,Mobile,Top,Food,Green (NCS),#009F6B,0,159,107,Sad,Spring,158,0
7313,User7313,,Non-Binary,Mobile,Side,Food,Peru,#CD853F,205,133,63,Happy,Spring,207,1
5525,User5525,39.0,Female,Tablet,Bottom,Home_Decor,Moss green,#8A9A5B,138,154,91,Sad,Autumn,221,0
3323,User3323,48.0,Female,Tablet,Side,Home_Decor,Iguana Green,#71BC78,113,188,120,Neutral,Winter,109,1
2236,User2236,59.0,,Desktop,Bottom,Food,Cadet,#536872,83,104,114,Calm,Monsoon,5,0
8530,User8530,52.0,Female,Mobile,Top,Tech,Lavender (floral),#B57EDC,181,126,220,Neutral,Monsoon,258,1
4348,User4348,62.0,Female,Desktop,,Food,Burnt umber,#8A3324,138,51,36,Sad,Monsoon,291,1
488,User488,62.0,Non-Binary,Mobile,Side,Sports,University of Tennessee Orange,#F77F00,247,127,0,Angry,Summer,298,0
7,User7,,Female,,Bottom,Food,Baby powder,#FEFEFA,254,254,250,Neutral,Monsoon,282,1
2032,User2032,36.0,,Desktop,Bottom,Food,Pink-orange,#FF9966,255,153,102,Angry,Autumn,198,1
8252,User8252,,Male,,,Tech,Champagne pink,#F1DDCF,241,221,207,Sad,Summer,261,1
9057,User9057,38.0,,Desktop,,Home_Decor,Electric violet,#8F00FF,143,0,255,Calm,Summer,254,1
4592,User4592,,Male,Desktop,,Home_Decor,Lumber,#FFE4CD,255,228,205,Angry,Monsoon,252,0
6479,User6479,,Male,Tablet,Side,Sports,Sunburnt Cyclops,#FF404C,255,64,76,Sad,Summer,92,1
5439,User5439,38.0,,Tablet,Side,Food,Snow,#FFFAFA,255,250,250,Angry,Winter,257,1
1543,User1543,49.0,,Tablet,Top,Fashion,Inchworm,#B2EC5D,178,236,93,Neutral,Winter,168,0
1529,User1529,20.0,Female,Mobile,Top,Sports,Robin egg blue,#00CCCC,0,204,204,Sad,Monsoon,166,1
4483,User4483,,Non-Binary,Desktop,Top,Home_Decor,Tan,#D2B48C,210,180,140,Neutral,Autumn,269,1
255,User255,,,Desktop,Bottom,Tech,Popstar,#BE4F62,190,79,98,Happy,Summer,114,1
5921,User5921,,,Desktop,Side,Home_Decor,Pastel gray,#CFCFC4,207,207,196,Sad,Spring,211,1
813,User813,,,Tablet,Top,Home_Decor,Amaranth purple,#AB274F,171,39,79,Angry,Monsoon,136,1
2017,User2017,,Male,Tablet,Bottom,Tech,Flamingo pink,#FC8EAC,252,142,172,Happy,Summer,137,1
9337,User9337,52.0,Non-Binary,,Top,Food,Middle Red Purple,#210837,33,8,55,Neutral,Monsoon,112,0
9990,User9990,25.0,Male,Desktop,,Food,Caribbean green,#00CC99,0,204,153,Neutral,Monsoon,176,1
7041,User7041,40.0,,Tablet,,Home_Decor,Blueberry,#4F86F7,79,134,247,Angry,Autumn,44,0
9057,User9057,38.0,,Desktop,,Sports,Upsdell red,#AE2029,174,32,41,Happy,Spring,296,1
4361,User4361,29.0,,Tablet,,Fashion,Gold (metallic),#D4AF37,212,175,55,Calm,Summer,39,1
9185,User9185,,,Mobile,,Sports,Trolley Grey,#808080,128,128,128,Angry,Monsoon,63,0
1587,User1587,45.0,Female,,Bottom,Sports,Pakistan green,#006600,0,102,0,Neutral,Monsoon,197,0
79,User79,,Male,Mobile,,Home_Decor,Sunset,#FAD6A5,250,214,165,Sad,Summer,214,0
4086,User4086,,Female,Desktop,Top,Home_Decor,Mode beige,#967117,150,113,23,Happy,Monsoon,35,1
9057,User9057,38.0,,Desktop,Side,Fashion,Ginger,#B06500,176,101,0,Calm,Monsoon,178,1
2542,User2542,58.0,,Mobile,,Fashion,Mode beige,#967117,150,113,23,Sad,Monsoon,202,1
2499,User2499,50.0,,Tablet,Bottom,Fashion,Red (Munsell),#F2003C,242,0,60,Happy,Winter,110,0
9977,User9977,57.0,Female,Mobile,Bottom,Home_Decor,Royal yellow,#FADA5E,250,218,94,Angry,Winter,279,0
3854,User3854,56.0,,,Bottom,Home_Decor,Tangelo,#F94D00,249,77,0,Angry,Spring,100,1
3658,User3658,45.0,,Desktop,Side,Sports,Byzantium,#702963,112,41,99,Happy,Autumn,174,1
6395,User6395,,Non-Binary,Desktop,,Home_Decor,Electric indigo,#6F00FF,111,0,255,Calm,Summer,34,0
3060,User3060,,Male,Tablet,Bottom,Food,Celadon blue,#007BA7,0,123,167,Happy,Autumn,286,1
7544,User7544,,Female,Mobile,Top,Food,Yankees blue,#1C2841,28,40,65,Sad,Autumn,165,1
661,User661,33.0,,Mobile,Side,Fashion,Liver (dogs),#B86D29,184,109,41,Sad,Winter,115,0
4539,User4539,54.0,,Mobile,,Home_Decor,Shampoo,#FFCFF1,255,207,241,Angry,Spring,216,1
8800,User8800,,Female,Mobile,Bottom,Food,Electric cyan,#00FFFF,0,255,255,Happy,Autumn,200,0
7249,User7249,,Female,Mobile,Top,Sports,Bisque,#FFE4C4,255,228,196,Angry,Autumn,100,0
119,User119,59.0,,Tablet,,Tech,Brass,#B5A642,181,166,66,Calm,Monsoon,142,1
9057,User9057,,,Desktop,Side,Sports,B'dazzled blue,#2E5894,46,88,148,Sad,Summer,282,1
7151,User7151,,Non-Binary,Tablet,Side,Tech,Brilliant lavender,#F4BBFF,244,187,255,Neutral,Spring,183,1
5053,User5053,61.0,,Tablet,Side,Sports,Lavender pink,#FBAED2,251,174,210,Neutral,Summer,238,1
58,User58,,Female,,Top,Food,Pale carmine,#AF4035,175,64,53,Happy,Winter,253,1
255,User255,31.0,,Desktop,Bottom,Home_Decor,Green (NCS),#009F6B,0,159,107,Happy,Autumn,136,1
4348,User4348,,,Desktop,,Tech,Brilliant rose,#FF55A3,255,85,163,Neutral,Autumn,253,1
316,User316,42.0,Non-Binary,Desktop,Top,Home_Decor,Avocado,#568203,86,130,3,Happy,Summer,297,1
9239,User9239,,,,Top,Home_Decor,Red (Pantone),#ED2939,237,41,57,Sad,Winter,67,0
503,User503,43.0,,Desktop,Side,Food,Cordovan,#893F45,137,63,69,Calm,Monsoon,261,1
9419,User9419,64.0,,Mobile,Side,Fashion,Medium candy apple red,#E2062C,226,6,44,Calm,Monsoon,252,1
929,User929,24.0,,,Top,Fashion,Japanese carmine,#9D2933,157,41,51,Angry,Autumn,268,0
9573,User9573,,Non-Binary,Tablet,Top,Tech,Mint,#3EB489,62,180,137,Sad,Autumn,183,0
1520,User1520,,,Desktop,Top,Food,Indigo,#4B0082,75,0,130,Happy,Spring,169,0
2917,User2917,,Male,Desktop,Top,Home_Decor,Plum,#8E4585,142,69,133,Happy,Summer,95,0
5566,User5566,,Non-Binary,Mobile,Bottom,Sports,Kiwi,#8EE53F,142,229,63,Angry,Autumn,196,1
1348,User1348,60.0,,,,Sports,AuroMetalSaurus,#6E7F80,110,127,128,Angry,Winter,296,0
2094,User2094,,,Desktop,Bottom,Tech,Pink raspberry,#980036,152,0,54,Happy,Summer,80,0
412,User412,,Male,Tablet,Top,Tech,Smoky black,#100C08,16,12,8,Happy,Spring,103,1
9057,User9057,38.0,,,,Tech,Maximum Yellow Red,#F2BA49,242,186,73,Sad,Monsoon,99,1
6328,User6328,,,Mobile,Side,Food,Coyote brown,#81613C,129,97,60,Angry,Spring,185,0
3481,User3481,22.0,,Mobile,Top,Sports,Deep mauve,#D473D4,212,115,212,Sad,Summer,158,0
393,User393,40.0,,Desktop,Bottom,Food,Yankees blue,#1C2841,28,40,65,Happy,Monsoon,116,1
8326,User8326,23.0,Female,,,Food,Light red ochre,#E97451,233,116,81,Neutral,Winter,175,1
9136,User9136,,Non-Binary,Desktop,Side,Home_Decor,Middle Purple,#D982B5,217,130,181,Neutral,Monsoon,257,1
9888,User9888,49.0,Male,Mobile,,Food,Rose taupe,#905D5D,144,93,93,Happy,Monsoon,126,1
5280,User5280,,,Desktop,Side,Food,Princeton orange,#F58025,245,128,37,Angry,Winter,209,0
487,User487,28.0,Male,Mobile,,Home_Decor,Light sea green,#20B2AA,32,178,170,Neutral,Autumn,249,1
1136,User1136,58.0,,Mobile,Side,Fashion,Ocean Blue,#4F42B5,79,66,181,Angry,Autumn,131,1
606,User606,,Non-Binary,Desktop,Bottom,Home_Decor,Lemon yellow,#FFF44F,255,244,79,Neutral,Monsoon,50,1
1524,User1524,24.0,Male,Mobile,Bottom,Tech,Olive Drab #7,#3C341F,60,52,31,Angry,Monsoon,240,1
3746,User3746,,Male,Desktop,Top,Fashion,UP Maroon,#7B1113,123,17,19,Neutral,Spring,145,1
9064,User9064,41.0,Female,Mobile,Top,Sports,Mantis,#74C365,116,195,101,Angry,Autumn,125,1
5235,User5235,24.0,Non-Binary,Mobile,Top,Food,Carnation pink,#FFA6C9,255,166,201,Sad,Winter,13,0
3060,User3060,,Male,,,Fashion,Resolution blue,#002387,0,35,135,Angry,Monsoon,70,1
5495,User5495,,Male,Mobile,Bottom,Sports,Indigo dye,#091F92,9,31,146,Sad,Monsoon,85,1
3042,User3042,,,Mobile,Side,Home_Decor,Medium spring green,#00FA9A,0,250,154,Sad,Spring,264,1
2767,User2767,,,,Bottom,Home_Decor,Pomp and Power,#86608E,134,96,142,Happy,Spring,109,0
9064,User9064,,Female,Mobile,Top,Tech,Pastel yellow,#FDFD96,253,253,150,Sad,Spring,101,1
7941,User7941,,,Desktop,Bottom,Tech,Light carmine pink,#E66771,230,103,113,Calm,Summer,194,1
6153,User6153,30.0,,Mobile,Side,Fashion,English violet,#563C5C,86,60,92,Sad,Winter,199,1
2290,User2290,41.0,,Tablet,Top,Food,Vivid gamboge,#FF9900,255,153,0,Angry,Summer,87,1
7006,User7006,41.0,Female,Desktop,Top,Home_Decor,Phthalo blue,#000F89,0,15,137,Sad,Monsoon,255,0
8631,User8631,,Female,Desktop,Top,Fashion,Cadet blue,#5F9EA0,95,158,160,Angry,Spring,74,1
1754,User1754,25.0,Female,,Bottom,Fashion,Vivid gamboge,#FF9900,255,153,0,Angry,Spring,296,0
4230,User4230,35.0,Female,Tablet,,Fashion,Cyan-blue azure,#4682BF,70,130,191,Calm,Spring,192,1
4976,User4976,34.0,Female,Mobile,Bottom,Tech,Light khaki,#F0E68C,240,230,140,Sad,Autumn,145,1
6536,User6536,60.0,Male,Desktop,Side,Home_Decor,Pictorial carmine,#C30B4E,195,11,78,Sad,Winter,144,0
5116,User5116,,Non-Binary,,Side,Tech,UP Maroon,#7B1113,123,17,19,Neutral,Summer,79,0
226,User226,46.0,,Desktop,,Tech,Cerulean blue,#2A52BE,42,82,190,Neutral,Winter,104,1
1549,User1549,56.0,,Desktop,Top,Fashion,Kobe,#882D17,136,45,23,Happy,Spring,149,1
1122,User1122,49.0,Non-Binary,,Top,Sports,Pale cornflower blue,#ABCDEF,171,205,239,Angry,Monsoon,179,1
9905,User9905,,Non-Binary,Tablet,Top,Sports,Vivid red,#F70D1A,247,13,26,Calm,Autumn,225,1
4360,User4360,26.0,Non-Binary,Tablet,Top,Sports,Lavender blue,#CCCCFF,204,204,255,Neutral,Winter,14,0
3638,User3638,45.0,Non-Binary,Desktop,Top,Fashion,Coral,#FF7F50,255,127,80,Sad,Monsoon,50,0
5780,User5780,,Female,Mobile,Bottom,Food,Pastel violet,#CB99C9,203,153,201,Happy,Spring,121,1
3325,User3325,,Male,Mobile,Bottom,Home_Decor,Ceil,#92A1CF,146,161,207,Calm,Spring,8,1
9736,User9736,46.0,,Desktop,Bottom,Fashion,Maroon (HTML/CSS),#800000,128,0,0,Sad,Spring,242,1
3803,User3803,,Female,Mobile,Top,Fashion,Smashed Pumpkin,#FF6D3A,255,109,58,Sad,Spring,298,1
8684,User8684,,Non-Binary,Tablet,,Tech,Light salmon,#FFA07A,255,160,122,Angry,Autumn,35,1
9311,User9311,,Non-Binary,,Side,Sports,Magenta (Pantone),#D0417E,208,65,126,Angry,Autumn,134,1
1755,User1755,,Non-Binary,Tablet,,Fashion,Very pale orange,#FFDFBF,255,223,191,Neutral,Winter,245,1
6519,User6519,48.0,Female,Desktop,Top,Food,Tropical violet,#CDA4DE,205,164,222,Neutral,Spring,85,0
9806,User9806,,Male,,,Home_Decor,Purple mountain majesty,#9678B6,150,120,182,Sad,Autumn,29,1
7313,User7313,,Non-Binary,Mobile,,Food,Celadon green,#2F847C,47,132,124,Sad,Monsoon,265,1
7120,User7120,,,Desktop,Bottom,Fashion,Gray (HTML/CSS gray),#808080,128,128,128,Neutral,Autumn,52,0
2432,User2432,,,,Bottom,Fashion,Persian plum,#701C1C,112,28,28,Neutral,Autumn,56,0
3746,User3746,,Male,,,Tech,Bronze Yellow,#737000,115,112,0,Sad,Winter,153,1
1635,User1635,54.0,,,Top,Food,Cadmium green,#006B3C,0,107,60,Calm,Autumn,103,1
6066,User6066,,,Desktop,Side,Tech,Dark pink,#E75480,231,84,128,Sad,Monsoon,71,1
7502,User7502,20.0,,Desktop,,Food,Amazon,#3B7A57,59,122,87,Calm,Spring,214,0
7438,User7438,53.0,,Mobile,Side,Sports,Spanish bistre,#807532,128,117,50,Calm,Summer,252,1
8744,User8744,,Male,Mobile,Bottom,Sports,Teal green,#00827F,0,130,127,Sad,Winter,123,0
1539,User1539,43.0,,,,Food,Registration black,#000000,0,0,0,Happy,Monsoon,232,1
5367,User5367,53.0,Male,Desktop,Top,Tech,Dark midnight blue,#003366,0,51,102,Neutral,Winter,107,0
1041,User1041,,,Mobile,,Sports,Denim,#1560BD,21,96,189,Angry,Spring,293,1
3245,User3245,40.0,,Desktop,Side,Fashion,Pale silver,#C9C0BB,201,192,187,Sad,Autumn,244,1
361,User361,,Non-Binary,Desktop,Top,Home_Decor,Dolphin Gray,#828E84,130,142,132,Calm,Autumn,236,0
5412,User5412,,,Mobile,Top,Tech,French bistre,#856D4D,133,109,77,Sad,Monsoon,294,1
1305,User1305,,Female,Tablet,Top,Food,Fern green,#4F7942,79,121,66,Neutral,Spring,158,1
7878,User7878,60.0,,Tablet,Side,Home_Decor,Byzantium,#702963,112,41,99,Calm,Summer,174,1
5921,User5921,,,Desktop,,Home_Decor,United Nations blue,#5B92E5,91,146,229,Angry,Summer,163,1
316,User316,42.0,Non-Binary,Desktop,Top,Fashion,Light grayish magenta,#CC99CC,204,153,204,Angry,Autumn,117,1
6886,User6886,43.0,Male,Mobile,Bottom,Tech,Persian pink,#F77FBE,247,127,190,Angry,Spring,55,1
8862,User8862,,,Mobile,Side,Home_Decor,Grape,#6F2DA8,111,45,168,Happy,Spring,40,1
4228,User4228,,,Desktop,Side,Tech,Royal blue,#4169E1,65,105,225,Calm,Monsoon,17,1
7999,User7999,24.0,Female,Mobile,Top,Fashion,Dark spring green,#177245,23,114,69,Calm,Summer,222,0
9463,User9463,,Female,,Top,Food,Lavender gray,#C4C3D0,196,195,208,Happy,Monsoon,247,0
5301,User5301,,Male,,Side,Home_Decor,Royal azure,#0038A8,0,56,168,Calm,Winter,227,1
9570,User9570,,Female,Mobile,Side,Home_Decor,Dark electric blue,#536878,83,104,120,Happy,Spring,212,0
2804,User2804,,Female,,Bottom,Home_Decor,Lava,#CF1020,207,16,32,Sad,Summer,273,1
606,User606,,Non-Binary,Desktop,Bottom,Tech,June bud,#BDDA57,189,218,87,Neutral,Monsoon,226,1
7374,User7374,,Male,Desktop,Top,Home_Decor,Anti-flash white,#F2F3F4,242,243,244,Angry,Autumn,292,0
8364,User8364,,Non-Binary,Tablet,,Tech,Quinacridone magenta,#8E3A59,142,58,89,Happy,Winter,16,0
188,User188,56.0,Female,Tablet,Bottom,Sports,Arylide yellow,#E9D66B,233,214,107,Happy,Monsoon,191,1
1524,User1524,24.0,Male,Mobile,Bottom,Sports,Feldgrau,#4D5D53,77,93,83,Happy,Autumn,173,1
9376,User9376,37.0,,,Bottom,Tech,Canary yellow,#FFEF00,255,239,0,Sad,Summer,297,0
6620,User6620,52.0,Female,,Top,Sports,Honolulu blue,#006DB0,0,109,176,Happy,Summer,110,1
8684,User8684,,Non-Binary,Tablet,,Fashion,Razzmatazz,#E3256B,227,37,107,Neutral,Winter,180,1
3990,User3990,28.0,,Tablet,Side,Fashion,Celadon blue,#007BA7,0,123,167,Neutral,Autumn,45,1
4392,User4392,,,Tablet,Top,Sports,Lemon lime,#E3FF00,227,255,0,Angry,Spring,253,0
1360,User1360,,Non-Binary,Desktop,Bottom,Food,Pale cyan,#87D3F8,135,211,248,Sad,Summer,271,0
3081,User3081,,,Desktop,,Tech,Pale silver,#C9C0BB,201,192,187,Neutral,Spring,226,0
8947,User8947,22.0,,Desktop,,Sports,Amazonite,#00C4B0,0,196,176,Calm,Spring,117,1
8147,User8147,,Female,Desktop,Top,Tech,Sunray,#E3AB57,227,171,87,Calm,Monsoon,288,1
9149,User9149,24.0,,,Side,Sports,Silver Lake blue,#5D89BA,93,137,186,Calm,Monsoon,282,1
4620,User4620,43.0,Non-Binary,,Side,Fashion,Slate blue,#6A5ACD,106,90,205,Happy,Summer,207,1
3117,User3117,21.0,,Tablet,Bottom,Food,Pale cyan,#87D3F8,135,211,248,Happy,Spring,266,1
5634,User5634,39.0,Male,Desktop,Top,Tech,Blue (Munsell),#0093AF,0,147,175,Calm,Monsoon,286,0
5423,User5423,,Male,Desktop,Bottom,Food,Topaz,#FFC87C,255,200,124,Angry,Autumn,148,0
1635,User1635,54.0,Female,Tablet,Top,Fashion,Flax,#EEDC82,238,220,130,Angry,Autumn,247,1
6466,User6466,44.0,Female,Tablet,Bottom,Home_Decor,Light pink,#FFB6C1,255,182,193,Happy,Autumn,274,0
2174,User2174,36.0,Female,Desktop,,Home_Decor,Spanish gray,#989898,152,152,152,Calm,Autumn,39,1
2529,User2529,,,Desktop,Top,Tech,La Salle Green,#087830,8,120,48,Angry,Spring,57,1
400,User400,,Non-Binary,,Side,Fashion,Deep champagne,#FAD6A5,250,214,165,Happy,Autumn,154,1
6981,User6981,60.0,,Mobile,Bottom,Tech,Jonquil,#F4CA16,244,202,22,Calm,Spring,17,0
6100,User6100,,,Desktop,Bottom,Tech,Lemon meringue,#F6EABE,246,234,190,Sad,Summer,271,1
3355,User3355,,,Tablet,Side,Tech,Cool grey,#8C92AC,140,146,172,Calm,Summer,101,0
2727,User2727,34.0,Non-Binary,Mobile,Bottom,Food,Ivory,#FFFFF0,255,255,240,Calm,Autumn,90,1
1586,User1586,38.0,Non-Binary,,Top,Sports,Raspberry glace,#915F6D,145,95,109,Neutral,Autumn,269,1
5005,User5005,49.0,Male,Desktop,Top,Fashion,Antique ruby,#841B2D,132,27,45,Neutral,Autumn,75,1
6487,User6487,19.0,Male,Tablet,Side,Food,Ebony,#555D50,85,93,80,Sad,Summer,21,1
7466,User7466,47.0,,,Bottom,Sports,Daffodil,#FFFF31,255,255,49,Sad,Monsoon,193,1
1871,User1871,,Female,Desktop,Top,Tech,Hot pink,#FF69B4,255,105,180,Calm,Summer,14,0
3990,User3990,28.0,,Tablet,Side,Home_Decor,Turquoise,#40E0D0,64,224,208,Angry,Autumn,170,1
8252,User8252,,Male,Tablet,Side,Food,Dollar bill,#85BB65,133,187,101,Sad,Monsoon,43,1
3072,User3072,32.0,Non-Binary,Mobile,Bottom,Fashion,Smalt (Dark powder blue),#003399,0,51,153,Calm,Monsoon,223,0
1515,User1515,44.0,Male,Desktop,Bottom,Fashion,Pear,#D1E231,209,226,49,Happy,Winter,98,0
6437,User6437,,Non-Binary,Mobile,Side,Sports,Charm pink,#E68FAC,230,143,172,Neutral,Spring,162,0
6771,User6771,,,Desktop,Side,Food,Desire,#EA3C53,234,60,83,Angry,Autumn,38,1
4015,User4015,44.0,Male,Tablet,,Tech,Middle Red,#E58E73,229,144,115,Calm,Spring,293,1
5732,User5732,,,,Bottom,Sports,Charleston green,#232B2B,35,43,43,Happy,Winter,16,1
2311,User2311,,,Desktop,Bottom,Fashion,Bistre,#3D2B1F,61,43,31,Neutral,Spring,237,1
7742,User7742,,Male,,Top,Food,Light gray,#D3D3D3,211,211,211,Happy,Autumn,91,0
4824,User4824,61.0,Female,Mobile,,Home_Decor,Lavender rose,#FBA0E3,251,160,227,Calm,Winter,97,0
5912,User5912,,Non-Binary,Mobile,Side,Tech,Navy purple,#9457EB,148,87,235,Sad,Spring,111,1
51,User51,64.0,,Tablet,Top,Fashion,Rose,#FF007F,255,0,127,Neutral,Summer,197,0
4229,User4229,23.0,Male,Mobile,Side,Food,Maize,#FBEC5D,251,236,93,Happy,Monsoon,14,0
6258,User6258,,Non-Binary,Tablet,Top,Home_Decor,Baby blue eyes,#A1CAF1,161,202,241,Sad,Winter,129,1
9220,User9220,21.0,Female,Mobile,Side,Fashion,Sangria,#92000A,146,0,10,Angry,Summer,279,1
449,User449,25.0,Female,Tablet,Side,Home_Decor,Peach-orange,#FFCC99,255,204,153,Calm,Autumn,283,0
7080,User7080,31.0,Male,Desktop,Bottom,Fashion,French fuchsia,#FD3F92,253,63,146,Calm,Monsoon,132,0
1446,User1446,,,Desktop,Bottom,Sports,Barbie pink,#E0218A,224,33,138,Neutral,Winter,189,1
3250,User3250,61.0,Non-Binary,Desktop,Top,Sports,Winter Wizard,#A0E6FF,160,230,255,Happy,Monsoon,63,0
2463,User2463,45.0,Female,Mobile,Side,Sports,Sepia,#704214,112,66,20,Angry,Winter,186,0
5425,User5425,,Non-Binary,Mobile,Side,Food,Spring Frost,#87FF2A,135,255,42,Neutral,Winter,78,1
676,User676,38.0,Non-Binary,Desktop,,Sports,Rosewood,#65000B,101,0,11,Neutral,Spring,6,0
5881,User5881,26.0,Non-Binary,Tablet,,Food,Chrome yellow,#FFA700,255,167,0,Happy,Monsoon,247,1
732,User732,,,,Bottom,Tech,Myrtle green,#317873,49,120,115,Angry,Monsoon,232,0
928,User928,,,,Side,Sports,Mahogany,#C04000,192,64,0,Happy,Summer,52,1
1225,User1225,27.0,,Tablet,Side,Food,Lavender mist,#E6E6FA,230,230,250,Calm,Autumn,10,1
1020,User1020,,,Mobile,Side,Fashion,Dingy Dungeon,#C53151,197,49,81,Sad,Summer,47,1
9157,User9157,,,Mobile,Bottom,Food,United Nations blue,#5B92E5,91,146,229,Calm,Spring,149,1
228,User228,,,Mobile,Top,Food,Medium blue,#0000CD,0,0,205,Calm,Winter,131,1
3364,User3364,,,,Bottom,Fashion,Dark olive green,#556B2F,85,107,47,Neutral,Spring,250,0
1254,User1254,32.0,Female,Desktop,Bottom,Food,Naples yellow,#FADA5E,250,218,94,Calm,Spring,125,0
6337,User6337,,,Mobile,Top,Fashion,Green-blue,#1164B4,17,100,180,Angry,Summer,236,1
3118,User3118,57.0,Male,,Top,Home_Decor,Cyan,#00FFFF,0,255,255,Calm,Winter,193,1
1586,User1586,,Non-Binary,Desktop,Top,Sports,Air superiority blue,#72A0C1,114,160,193,Angry,Autumn,289,1
4539,User4539,,Male,Mobile,Bottom,Tech,Green-yellow,#ADFF2F,173,255,47,Happy,Spring,246,1
4509,User4509,29.0,,Desktop,Bottom,Food,Ginger,#B06500,176,101,0,Neutral,Autumn,82,1
8226,User8226,,,Tablet,,Fashion,Cadet grey,#91A3B0,145,163,176,Angry,Winter,62,1
5851,User5851,60.0,,Mobile,Bottom,Sports,Golden poppy,#FCC200,252,194,0,Calm,Winter,185,0
1905,User1905,62.0,,,Bottom,Food,Smoke,#738276,115,130,118,Neutral,Summer,74,1
1805,User1805,,Male,,,Sports,Jasper,#D73B3E,215,59,62,Neutral,Monsoon,269,1
9422,User9422,21.0,,Mobile,Side,Home_Decor,Picton blue,#45B1E8,69,177,232,Angry,Summer,208,1
8373,User8373,,Male,Desktop,Side,Food,Islamic green,#009000,0,144,0,Angry,Autumn,174,1
5198,User5198,,Male,Desktop,,Fashion,Coconut,#965A3E,150,90,62,Sad,Summer,299,1
2309,User2309,22.0,Male,Tablet,Bottom,Home_Decor,Stizza,#990000,153,0,0,Sad,Winter,251,1
1914,User1914,42.0,Male,,Bottom,Food,Violet-red,#F75394,247,83,148,Neutral,Spring,63,1
670,User670,22.0,,Desktop,Top,Sports,International orange (engineering),#BA160C,186,22,12,Sad,Monsoon,15,1
5513,User5513,,Female,Tablet,Side,Home_Decor,Oxford Blue,#002147,0,33,71,Calm,Winter,9,0
3386,User3386,62.0,,,Top,Fashion,Gainsboro,#DCDCDC,220,220,220,Happy,Spring,209,0
3908,User3908,50.0,Female,Desktop,Bottom,Food,Yellow-green,#9ACD32,154,205,50,Neutral,Autumn,249,1
4950,User4950,28.0,Male,Mobile,Side,Sports,Drab,#967117,150,113,23,Happy,Autumn,253,1
7336,User7336,,,Desktop,Top,Sports,Mystic,#D65282,214,82,130,Sad,Autumn,109,0
1214,User1214,26.0,Female,Mobile,Bottom,Home_Decor,Pale magenta-pink,#FF99CC,255,153,204,Angry,Summer,246,1
7970,User7970,,,,,Food,Duke blue,#00009C,0,0,156,Neutral,Autumn,276,0
6865,User6865,38.0,Non-Binary,Desktop,Bottom,Sports,Patriarch,#800080,128,0,128,Sad,Autumn,11,0
4086,User4086,,Female,Desktop,Top,Home_Decor,Cosmic Cobalt,#2E2D88,46,45,136,Calm,Summer,228,1
8484,User8484,53.0,Female,Desktop,Side,Tech,Dark byzantium,#5D3954,93,57,84,Neutral,Spring,221,0
5699,User5699,19.0,,,,Sports,Army green,#4B5320,75,83,32,Neutral,Winter,48,1
8753,User8753,,Non-Binary,,Top,Home_Decor,Golden yellow,#FFDF00,255,223,0,Angry,Monsoon,30,1
359,User359,,Male,Desktop,Bottom,Tech,Powder blue,#B0E0E6,176,224,230,Neutral,Autumn,296,0
9442,User9442,,,Mobile,,Home_Decor,China pink,#DE6FA1,222,111,161,Angry,Autumn,185,0
3601,User3601,,Non-Binary,Mobile,,Sports,Teal blue,#367588,54,117,136,Sad,Autumn,96,1
9431,User9431,,,Mobile,,Tech,Royal azure,#0038A8,0,56,168,Calm,Summer,272,1
5005,User5005,49.0,Male,Desktop,Top,Home_Decor,Ruby red,#9B111E,155,17,30,Calm,Summer,72,1
4348,User4348,,,Desktop,Top,Food,Licorice,#1A1110,26,17,16,Neutral,Summer,155,1
1548,User1548,38.0,,Mobile,Top,Tech,Portland Orange,#FF5A36,255,90,54,Neutral,Monsoon,108,0
6866,User6866,52.0,Non-Binary,Desktop,Top,Home_Decor,Marigold,#EAA221,234,162,33,Sad,Winter,92,0
8251,User8251,49.0,Female,Tablet,Bottom,Food,Licorice,#1A1110,26,17,16,Angry,Autumn,99,0
3633,User3633,20.0,Female,,Side,Tech,Cosmic latte,#FFF8E7,255,248,231,Calm,Spring,290,0
6893,User6893,21.0,,,Top,Home_Decor,Rich brilliant lavender,#F1A7FE,241,167,254,Angry,Autumn,7,1
9227,User9227,,,,Side,Sports,Razzmatazz,#E3256B,227,37,107,Sad,Autumn,212,1
1729,User1729,26.0,Female,Mobile,Top,Tech,Deep spring bud,#556B2F,85,107,47,Calm,Autumn,106,1
6086,User6086,24.0,,Desktop,Bottom,Tech,India green,#138808,19,136,8,Calm,Autumn,181,1
9223,User9223,,,Tablet,Top,Food,Lilac Luster,#AE98AA,174,152,170,Happy,Winter,203,0
7322,User7322,,Female,Desktop,Bottom,Home_Decor,Orange (Crayola),#FF7538,255,117,56,Sad,Spring,12,1
6886,User6886,43.0,Male,Mobile,Bottom,Sports,Sage,#BCB88A,188,184,138,Sad,Summer,249,1
503,User503,43.0,,Desktop,,Food,Teal blue,#367588,54,117,136,Happy,Spring,297,1
9967,User9967,,,Mobile,Side,Tech,Kelly green,#4CBB17,76,187,23,Angry,Autumn,182,1
7866,User7866,,,Mobile,,Food,Sunburnt Cyclops,#FF404C,255,64,76,Happy,Spring,86,1
7924,User7924,,,,Bottom,Food,Rosso corsa,#D40000,212,0,0,Sad,Autumn,116,1
805,User805,,,Desktop,Bottom,Food,Magenta (Crayola),#FF55A3,255,85,163,Angry,Spring,25,1
6861,User6861,,Non-Binary,Tablet,Side,Tech,Cyan azure,#4E82B4,78,130,180,Calm,Monsoon,38,1
9660,User9660,,Male,,Top,Fashion,Tuscan tan,#A67B5B,166,123,91,Happy,Spring,259,1
5418,User5418,34.0,Male,Mobile,Top,Food,Yankees blue,#1C2841,28,40,65,Angry,Summer,31,1
5955,User5955,59.0,,Tablet,Side,Fashion,Plump Purple,#5946B2,89,70,178,Angry,Summer,12,1
3803,User3803,,Female,Mobile,Top,Sports,Steel Teal,#5F8A8B,95,138,139,Angry,Spring,22,1
5414,User5414,,Female,Desktop,Bottom,Sports,Copper red,#CB6D51,203,109,81,Happy,Spring,237,1
8423,User8423,,Male,Tablet,,Sports,Bright navy blue,#1974D2,25,116,210,Calm,Winter,195,0
5516,User5516,,,Mobile,,Home_Decor,Deep lilac,#9955BB,153,85,187,Angry,Spring,154,0
4509,User4509,29.0,,Desktop,Bottom,Tech,Ceil,#92A1CF,146,161,207,Happy,Summer,160,1
5930,User5930,,Female,Tablet,Top,Fashion,Princess Perfume,#FF85CF,255,133,207,Sad,Monsoon,51,0
2602,User2602,,Female,Desktop,Side,Home_Decor,Rubine red,#D10056,209,0,86,Happy,Summer,143,1
1077,User1077,,Non-Binary,,Top,Fashion,Light taupe,#B38B6D,179,139,109,Happy,Winter,146,1
9617,User9617,63.0,,Tablet,,Tech,Chrome yellow,#FFA700,255,167,0,Happy,Spring,18,1
1273,User1273,27.0,Non-Binary,Mobile,,Food,Maximum Red,#D92121,217,33,33,Angry,Monsoon,263,1
8949,User8949,26.0,,Mobile,Side,Home_Decor,Crimson glory,#BE0032,190,0,50,Happy,Summer,240,1
7099,User7099,,Female,,,Tech,Light Thulian pink,#E68FAC,230,143,172,Sad,Monsoon,11,1
1178,User1178,,Male,Desktop,Bottom,Home_Decor,Champagne pink,#F1DDCF,241,221,207,Angry,Autumn,43,1
1002,User1002,28.0,,,Top,Sports,Purple Heart,#69359C,105,53,156,Sad,Summer,189,0
3658,User3658,45.0,,Desktop,Side,Home_Decor,French violet,#8806CE,136,6,206,Neutral,Autumn,119,1
9290,User9290,61.0,,Desktop,Bottom,Food,Medium spring green,#00FA9A,0,250,154,Happy,Monsoon,114,1
6241,User6241,33.0,,Mobile,,Food,Vivid orchid,#CC00FF,204,0,255,Angry,Spring,69,0
565,User565,53.0,,,Top,Fashion,Redwood,#A45A52,164,90,82,Angry,Spring,235,0
5223,User5223,,,,Bottom,Home_Decor,Teal green,#00827F,0,130,127,Happy,Spring,285,0
699,User699,62.0,Male,,Bottom,Sports,La Salle Green,#087830,8,120,48,Calm,Autumn,35,0
6906,User6906,,Non-Binary,Mobile,Top,Food,Ginger,#B06500,176,101,0,Calm,Spring,90,1
3345,User3345,39.0,Male,Desktop,Side,Fashion,Rhythm,#777696,119,118,150,Sad,Winter,142,1
2756,User2756,,,,,Sports,Burnished Brown,#A17A74,161,122,116,Happy,Summer,81,0
1935,User1935,30.0,Female,Desktop,Bottom,Sports,Vivid cerulean,#00AAEE,0,170,238,Happy,Summer,141,1
6438,User6438,53.0,,Tablet,Top,Sports,Carolina blue,#56A0D3,86,160,211,Neutral,Monsoon,126,1
4753,User4753,,Female,Tablet,Top,Tech,Red-violet,#C71585,199,21,133,Calm,Autumn,268,0
3042,User3042,,,Mobile,Side,Food,Indian yellow,#E3A857,227,168,87,Calm,Summer,101,1
674,User674,,,Tablet,Side,Tech,Arsenic,#3B444B,59,68,75,Happy,Autumn,23,1
4922,User4922,,,Desktop,Side,Tech,Dark olive green,#556B2F,85,107,47,Sad,Monsoon,290,0
5761,User5761,,Non-Binary,Mobile,,Food,Purple Heart,#69359C,105,53,156,Happy,Spring,13,0
7892,User7892,,,Mobile,Side,Home_Decor,Debian red,#D70A53,215,10,83,Sad,Monsoon,87,0
7652,User7652,,Male,Mobile,Bottom,Fashion,Smoky Topaz,#933D41,147,61,65,Calm,Winter,51,1
1704,User1704,61.0,Female,Tablet,Bottom,Food,Quick Silver,#A6A6A6,166,166,166,Neutral,Spring,94,1
5409,User5409,,Non-Binary,Desktop,Top,Fashion,Dark blue,#00008B,0,0,139,Angry,Spring,5,0
770,User770,,Female,Mobile,Bottom,Home_Decor,Umber,#635147,99,81,71,Calm,Spring,166,1
2242,User2242,,,Desktop,Bottom,Food,Persian plum,#701C1C,112,28,28,Sad,Monsoon,157,0
3483,User3483,20.0,,,,Sports,Cyan (process),#00B7EB,0,183,235,Happy,Winter,5,1
7298,User7298,,,Tablet,Bottom,Food,Pale carmine,#AF4035,175,64,53,Calm,Autumn,150,0
6733,User6733,42.0,Non-Binary,Tablet,Side,Home_Decor,Light coral,#F08080,240,128,128,Neutral,Monsoon,165,0
8948,User8948,25.0,,Mobile,Bottom,Tech,Papaya whip,#FFEFD5,255,239,213,Sad,Summer,139,1
218,User218,62.0,Female,Tablet,Top,Food,Princeton orange,#F58025,245,128,37,Happy,Summer,290,0
6553,User6553,,,Desktop,,Sports,Dark electric blue,#536878,83,104,120,Angry,Monsoon,81,1
5732,User5732,,Non-Binary,Tablet,Bottom,Food,Medium spring bud,#C9DC87,201,220,135,Sad,Autumn,85,1
3297,User3297,18.0,,Tablet,,Tech,Persian indigo,#32127A,50,18,122,Happy,Summer,273,1
6129,User6129,36.0,Male,,Bottom,Food,Cyan cornflower blue,#188BC2,24,139,194,Angry,Autumn,273,1
6990,User6990,21.0,Non-Binary,Tablet,Bottom,Sports,Slate blue,#6A5ACD,106,90,205,Happy,Spring,46,0
5574,User5574,52.0,Female,,Bottom,Home_Decor,Gold Fusion,#85754E,133,117,78,Angry,Monsoon,128,1
2289,User2289,,,Desktop,,Sports,Puce red,#722F37,114,47,55,Angry,Spring,234,1
3060,User3060,,Male,Tablet,Bottom,Home_Decor,Copper rose,#996666,153,102,102,Angry,Summer,206,1
1975,User1975,,Female,Mobile,Top,Sports,Burnished Brown,#A17A74,161,122,116,Happy,Autumn,111,1
7398,User7398,,Male,Tablet,Side,Fashion,Shampoo,#FFCFF1,255,207,241,Angry,Spring,296,0
5439,User5439,38.0,,Tablet,Side,Food,French raspberry,#C72C48,199,44,72,Sad,Summer,295,1
6178,User6178,35.0,Female,Tablet,Side,Food,Celestial blue,#4997D0,73,151,208,Neutral,Winter,178,0
5566,User5566,,,Mobile,,Tech,Brass,#B5A642,181,166,66,Neutral,Spring,91,1
7031,User7031,51.0,,Desktop,Top,Fashion,Absolute zero,#0048BA,0,72,186,Angry,Winter,9,0
5796,User5796,46.0,Non-Binary,Mobile,Bottom,Tech,Rebecca Purple,#663399,102,52,153,Neutral,Winter,176,1
9894,User9894,,,,Top,Food,Pale taupe,#BC987E,188,152,126,Neutral,Summer,125,1
3086,User3086,,,Desktop,,Tech,Light salmon pink,#FF9999,255,153,153,Angry,Monsoon,160,0
8975,User8975,,,Desktop,Side,Home_Decor,Carrot orange,#ED9121,237,145,33,Angry,Autumn,91,0
1549,User1549,56.0,,Desktop,Top,Fashion,Hansa yellow,#E9D66B,233,214,107,Sad,Summer,102,1
6143,User6143,29.0,Non-Binary,Mobile,Bottom,Sports,Forest green (traditional),#014421,1,68,33,Calm,Spring,139,1
9090,User9090,41.0,,Desktop,Side,Home_Decor,Brown (traditional),#964B00,150,75,0,Happy,Autumn,11,1
5860,User5860,,Female,,Bottom,Sports,Vanilla,#F3E5AB,243,229,171,Angry,Monsoon,264,1
2239,User2239,25.0,Female,Tablet,,Tech,Hunter green,#355E3B,53,94,59,Angry,Summer,36,1
5514,User5514,31.0,,,Side,Food,Chrome yellow,#FFA700,255,167,0,Neutral,Monsoon,32,1
6292,User6292,,Non-Binary,Tablet,Bottom,Home_Decor,Purpureus,#9A4EAE,154,78,174,Sad,Spring,264,0
1454,User1454,,Female,Tablet,Top,Fashion,Frostbite,#E936A7,233,54,167,Neutral,Summer,248,1
6308,User6308,,Male,Tablet,,Sports,Interdimensional Blue,#360CCC,54,12,204,Angry,Spring,268,0
6602,User6602,,,,Side,Home_Decor,Eerie black,#1B1B1B,27,27,27,Angry,Autumn,146,1
4621,User4621,20.0,,Desktop,Top,Food,Pale green,#98FB98,152,251,152,Neutral,Autumn,34,1
4848,User4848,,Female,Desktop,,Fashion,Violet (RYB),#8601AF,134,1,175,Angry,Monsoon,134,1
5955,User5955,,,Tablet,Side,Fashion,Champagne,#F7E7CE,247,231,206,Calm,Monsoon,270,1
2988,User2988,,Female,Mobile,Side,Sports,Super pink,#CF6BA9,207,107,169,Happy,Autumn,74,0
9892,User9892,51.0,,,Side,Home_Decor,Light Thulian pink,#E68FAC,230,143,172,Happy,Winter,123,1
5596,User5596,43.0,,,,Home_Decor,Wine,#722F37,114,47,55,Happy,Autumn,74,1
1020,User1020,,,Mobile,Side,Fashion,Chestnut,#954535,149,69,53,Calm,Summer,212,1
234,User234,19.0,Female,Tablet,,Tech,Electric yellow,#FFFF33,255,255,51,Angry,Spring,95,1
7266,User7266,,,Tablet,,Fashion,Peridot,#E6E200,230,226,0,Neutral,Autumn,124,1
9136,User9136,,Non-Binary,Desktop,Side,Food,Isabelline,#F4F0EC,244,240,236,Sad,Autumn,211,1
6449,User6449,42.0,,,Top,Home_Decor,Infra Red,#FF496C,255,73,108,Angry,Spring,260,1
6561,User6561,58.0,,Mobile,Top,Sports,Bronze Yellow,#737000,115,112,0,Calm,Spring,39,0
5900,User5900,,Female,,,Home_Decor,Lemon yellow,#FFF44F,255,244,79,Calm,Summer,128,0
7248,User7248,,Non-Binary,Mobile,Top,Fashion,Green (Pantone),#00AD43,0,173,67,Happy,Spring,116,1
6679,User6679,26.0,Male,Tablet,Bottom,Food,Pale copper,#DA8A67,218,138,103,Angry,Monsoon,211,1
8361,User8361,,Female,,Side,Tech,Maximum Red Purple,#A63A79,166,58,121,Happy,Autumn,106,1
225,User225,,,Desktop,Bottom,Home_Decor,Lavender blue,#CCCCFF,204,204,255,Sad,Spring,198,0
1955,User1955,62.0,,Desktop,Bottom,Fashion,Dark brown,#654321,101,67,33,Happy,Summer,245,0
8851,User8851,62.0,Female,Tablet,Bottom,Fashion,Feldspar,#FDD5B1,253,213,177,Sad,Spring,151,0
5854,User5854,31.0,Non-Binary,Mobile,Top,Fashion,Pale turquoise,#AFEEEE,175,238,238,Calm,Autumn,136,0
2414,User2414,38.0,Male,Desktop,Top,Food,Cyan-blue azure,#4682BF,70,130,191,Happy,Winter,224,0
6657,User6657,22.0,,,,Fashion,Burgundy,#800020,128,0,32,Happy,Spring,108,1
2671,User2671,,,Tablet,,Fashion,Liberty,#545AA7,84,90,167,Neutral,Monsoon,45,0
7422,User7422,20.0,Female,Desktop,,Fashion,Liver chestnut,#987456,152,116,86,Calm,Autumn,60,1
2727,User2727,34.0,Non-Binary,Mobile,Bottom,Home_Decor,Bittersweet,#FE6F5E,254,111,94,Neutral,Summer,254,1
187,User187,,Female,Tablet,,Fashion,Purple Plum,#9C51B6,156,81,182,Sad,Autumn,246,0
8948,User8948,,,Mobile,,Food,Persimmon,#EC5800,236,88,0,Sad,Winter,131,1
3483,User3483,20.0,,Mobile,Side,Home_Decor,Dark candy apple red,#A40000,164,0,0,Calm,Summer,154,1
8817,User8817,,,Tablet,Bottom,Fashion,Red Salsa,#FD3A4A,253,58,74,Sad,Winter,153,1
3430,User3430,,Male,Desktop,Side,Tech,Camel,#C19A6B,193,154,107,Calm,Winter,173,1
3535,User3535,,Male,Desktop,Top,Food,Skobeloff,#007474,0,116,116,Sad,Monsoon,49,0
301,User301,59.0,,,Side,Tech,Smokey Topaz,#832A0D,131,42,34,Angry,Spring,88,1
3801,User3801,,Non-Binary,,Side,Food,Mode beige,#967117,150,113,23,Happy,Monsoon,12,1
9723,User9723,,Female,Mobile,Side,Tech,Light medium orchid,#D39BCB,211,155,203,Angry,Monsoon,111,1
6862,User6862,,Male,Tablet,Side,Fashion,New York pink,#D7837F,215,131,127,Calm,Monsoon,269,1
6794,User6794,51.0,,Tablet,Top,Tech,Purple Heart,#69359C,105,53,156,Calm,Summer,150,0
8530,User8530,,Female,Mobile,Top,Tech,Rosewood,#65000B,101,0,11,Angry,Spring,35,1
9075,User9075,36.0,Female,Mobile,Top,Food,Electric crimson,#FF003F,255,0,63,Happy,Spring,248,1
6400,User6400,,Male,,Top,Fashion,Tangerine yellow,#FFCC00,255,204,0,Happy,Summer,39,0
9515,User9515,,,Desktop,,Food,Psychedelic purple,#DF00FF,223,0,255,Neutral,Monsoon,251,0
5566,User5566,,Non-Binary,Mobile,Bottom,Fashion,Magic mint,#AAF0D1,170,240,209,Sad,Monsoon,22,1
5498,User5498,,Female,Tablet,Side,Sports,Puce red,#722F37,114,47,55,Neutral,Winter,28,1
8252,User8252,,Male,Tablet,,Home_Decor,Fuchsia rose,#C74375,199,67,117,Happy,Winter,282,1
4871,User4871,58.0,,Desktop,Side,Home_Decor,Dark chestnut,#986960,152,105,96,Angry,Autumn,34,1
1627,User1627,,,Tablet,,Food,Crimson glory,#BE0032,190,0,50,Sad,Winter,147,0
4897,User4897,30.0,Female,,Top,Fashion,Dark salmon,#E9967A,233,150,122,Angry,Spring,281,0
5249,User5249,,,Tablet,Side,Tech,Magenta (process),#FF0090,255,0,144,Neutral,Summer,16,0
6950,User6950,64.0,Female,Tablet,,Home_Decor,Orange Soda,#FA5B3D,250,91,61,Calm,Monsoon,207,0
5100,User5100,42.0,,Mobile,Side,Food,Black olive,#3B3C36,59,60,54,Angry,Autumn,254,1
775,User775,,Female,,Top,Food,Very pale orange,#FFDFBF,255,223,191,Neutral,Winter,107,1
2202,User2202,43.0,Female,Tablet,Top,Food,Orange-yellow,#F8D568,248,213,104,Neutral,Autumn,39,0
5414,User5414,,Female,Desktop,Bottom,Fashion,Rose,#FF007F,255,0,127,Neutral,Summer,24,1
6553,User6553,,,Desktop,Bottom,Food,Dark violet,#9400D3,148,0,211,Calm,Summer,51,1
2129,User2129,47.0,,Tablet,,Sports,Chinese red,#AA381E,170,56,30,Calm,Autumn,88,1
8906,User8906,,Male,Desktop,,Tech,Arsenic,#3B444B,59,68,75,Calm,Autumn,272,1
6074,User6074,35.0,Male,Mobile,Bottom,Food,Battery Charged Blue,#1DACD6,29,172,214,Sad,Autumn,57,1
8353,User8353,,,Desktop,Bottom,Fashion,Rich black (FOGRA29),#010B13,1,11,19,Calm,Monsoon,277,1
3543,User3543,55.0,,Tablet,Top,Tech,Han blue,#446CCF,68,108,207,Calm,Spring,22,1
2934,User2934,26.0,Non-Binary,,Top,Tech,Tea rose,#F4C2C2,244,194,194,Calm,Winter,108,1
4086,User4086,,Female,Desktop,Top,Home_Decor,Wintergreen Dream,#56887D,86,136,125,Angry,Winter,156,1
4096,User4096,,Male,Desktop,Bottom,Food,Maximum Blue,#47ABCC,71,171,204,Calm,Winter,169,0
4266,User4266,28.0,,Desktop,Side,Food,Sage,#BCB88A,188,184,138,Sad,Autumn,88,1
1041,User1041,37.0,,Mobile,,Fashion,Glaucous,#6082B6,96,130,182,Neutral,Autumn,155,1
9660,User9660,,,Desktop,,Sports,Sizzling Sunrise,#FFDB00,255,219,0,Angry,Autumn,41,1
58,User58,36.0,,Mobile,Top,Sports,Peach-orange,#FFCC99,255,204,153,Happy,Monsoon,156,1
7774,User7774,18.0,Male,Tablet,Top,Home_Decor,Flamingo pink,#FC8EAC,252,142,172,Calm,Monsoon,212,0
5026,User5026,18.0,Male,Mobile,Side,Sports,Cyan,#00FFFF,0,255,255,Neutral,Monsoon,54,0
7277,User7277,21.0,Female,Tablet,Top,Fashion,School bus yellow,#FFD800,255,216,0,Neutral,Monsoon,224,0
5579,User5579,,Non-Binary,,Side,Home_Decor,Naples yellow,#FADA5E,250,218,94,Angry,Summer,51,1
1249,User1249,22.0,,Mobile,Side,Food,Gray-asparagus,#465945,70,89,69,Happy,Monsoon,22,0
1741,User1741,45.0,,Mobile,Bottom,Sports,Liver (organ),#6C2E1F,108,46,31,Sad,Monsoon,126,1
2431,User2431,,Male,Desktop,Top,Fashion,Rosso corsa,#D40000,212,0,0,Neutral,Monsoon,286,1
4429,User4429,,,Mobile,,Fashion,Very light malachite green,#64E986,100,233,134,Neutral,Winter,124,1
1201,User1201,32.0,,,Side,Food,School bus yellow,#FFD800,255,216,0,Neutral,Winter,255,0
9642,User9642,,Non-Binary,Mobile,Bottom,Fashion,Red devil,#860111,134,1,17,Neutral,Winter,51,1
58,User58,36.0,Female,Mobile,Top,Home_Decor,Gold (web) (Golden),#FFD700,255,215,0,Angry,Spring,89,1
6161,User6161,61.0,Female,Tablet,Bottom,Home_Decor,Medium Tuscan red,#79443B,121,68,59,Happy,Summer,164,1
5520,User5520,,Non-Binary,,Bottom,Tech,GO green,#00AB66,0,171,102,Neutral,Autumn,11,1
9361,User9361,,Non-Binary,Tablet,Bottom,Food,Sky magenta,#CF71AF,207,113,175,Sad,Monsoon,249,0
3225,User3225,,,Tablet,Bottom,Fashion,Rust,#B7410E,183,65,14,Sad,Winter,219,1
525,User525,,,Desktop,,Sports,Deep cerise,#DA3287,218,50,135,Calm,Summer,216,0
9412,User9412,34.0,,Mobile,,Home_Decor,Dark turquoise,#00CED1,0,206,209,Neutral,Monsoon,216,1
5856,User5856,56.0,,Mobile,Side,Food,Fluorescent orange,#FFBF00,255,191,0,Neutral,Spring,292,0
5747,User5747,,Male,,Bottom,Food,Cameo pink,#EFBBCC,239,187,204,Neutral,Autumn,222,0
1762,User1762,41.0,Male,Desktop,Side,Home_Decor,Islamic green,#009000,0,144,0,Neutral,Monsoon,255,1
1549,User1549,,,,Top,Tech,Hollywood cerise,#F400A1,244,0,161,Neutral,Autumn,185,1
1325,User1325,,,,Side,Food,Liver,#674C47,103,76,71,Sad,Monsoon,96,1
5498,User5498,,Female,Tablet,Side,Fashion,Amethyst,#9966CC,153,102,204,Happy,Spring,222,1
8619,User8619,,,Mobile,Bottom,Sports,Orange Soda,#FA5B3D,250,91,61,Happy,Summer,294,0
375,User375,26.0,Non-Binary,Mobile,Top,Sports,Lawn green,#7CFC00,124,252,0,Calm,Autumn,94,1
228,User228,46.0,,Mobile,Top,Home_Decor,Electric violet,#8F00FF,143,0,255,Sad,Autumn,201,1
5647,User5647,46.0,,,,Food,Citrine,#E4D00A,228,208,10,Neutral,Summer,188,1
1755,User1755,,Non-Binary,Tablet,Bottom,Sports,Hunter green,#355E3B,53,94,59,Happy,Autumn,70,1
4945,User4945,31.0,,Tablet,Top,Food,Green-cyan,#009966,0,153,102,Angry,Winter,102,1
7266,User7266,,,Tablet,Bottom,Home_Decor,Candy pink,#E4717A,228,113,122,Angry,Summer,28,1
1052,User1052,,,,Top,Tech,Bright pink,#FF007F,255,0,127,Angry,Spring,224,0
2529,User2529,,Female,,Top,Sports,Deep Green,#056608,5,102,8,Neutral,Monsoon,178,1
9422,User9422,21.0,,Mobile,Side,Fashion,Imperial purple,#66023C,102,2,60,Neutral,Monsoon,249,1
122,User122,34.0,,Tablet,,Home_Decor,Mummy's Tomb,#828E84,130,142,132,Calm,Summer,118,0
9992,User9992,,Male,Desktop,Side,Tech,Big dip o’ruby,#9C2542,156,37,66,Calm,Winter,270,1
998,User998,,,Tablet,Top,Fashion,Khaki (HTML/CSS) (Khaki),#C3B091,195,176,145,Calm,Spring,227,1
2124,User2124,,Male,Desktop,Top,Fashion,Pale spring bud,#ECEBBD,236,235,189,Angry,Monsoon,239,1
998,User998,,,Tablet,Top,Sports,Catawba,#703642,112,54,66,Neutral,Monsoon,114,1
4462,User4462,52.0,,Tablet,Bottom,Food,Tuscan tan,#A67B5B,166,123,91,Angry,Winter,17,1
2096,User2096,48.0,Non-Binary,Desktop,,Home_Decor,Deep fuchsia,#C154C1,193,84,193,Calm,Autumn,129,1
263,User263,,,Tablet,Top,Fashion,Queen blue,#436B95,67,107,149,Neutral,Summer,171,0
843,User843,,Male,Desktop,Bottom,Sports,Spanish green,#009150,0,145,80,Sad,Winter,57,0
3164,User3164,,Female,,Bottom,Tech,Yellow (Crayola),#FCE883,252,232,131,Happy,Winter,190,1
8252,User8252,,,Tablet,Side,Fashion,Charm pink,#E68FAC,230,143,172,Happy,Winter,280,1
1122,User1122,,Non-Binary,Tablet,Top,Tech,June bud,#BDDA57,189,218,87,Calm,Winter,14,1
5681,User5681,,Male,Desktop,Bottom,Home_Decor,Navajo white,#FFDEAD,255,222,173,Angry,Autumn,151,0
4483,User4483,,,,Top,Sports,Cotton candy,#FFBCD9,255,188,217,Sad,Spring,122,1
2934,User2934,26.0,Non-Binary,Desktop,Top,Tech,Medium violet-red,#C71585,199,21,133,Neutral,Winter,22,1
5084,User5084,,Non-Binary,Tablet,,Food,Dark byzantium,#5D3954,93,57,84,Angry,Winter,230,1
226,User226,46.0,,Desktop,Top,Tech,Deep ruby,#843F5B,132,63,91,Calm,Summer,116,1
8400,User8400,,,Tablet,Bottom,Tech,Folly,#FF004F,255,0,79,Angry,Monsoon,76,1
1393,User1393,,Male,Desktop,Top,Sports,Bleu de France,#318CE7,49,140,231,Calm,Autumn,148,0
9966,User9966,,,Mobile,Top,Sports,Mimi Pink,#FFDAE9,255,218,233,Happy,Winter,108,1
1826,User1826,,Non-Binary,Desktop,Bottom,Fashion,Pastel brown,#836953,130,105,83,Happy,Spring,219,0
7661,User7661,,,,Side,Tech,Bronze Yellow,#737000,115,112,0,Angry,Spring,81,1
5699,User5699,19.0,,Tablet,Top,Tech,Midnight blue,#191970,25,25,112,Sad,Spring,30,1
813,User813,,,Tablet,,Sports,Limerick,#9DC209,157,194,9,Neutral,Summer,234,1
5194,User5194,53.0,Male,Mobile,,Food,Maximum Red,#D92121,217,33,33,Calm,Spring,197,1
9572,User9572,38.0,,,Bottom,Sports,Robin egg blue,#00CCCC,0,204,204,Neutral,Summer,107,1
9753,User9753,,Male,Tablet,,Food,AuroMetalSaurus,#6E7F80,110,127,128,Happy,Autumn,209,1
8684,User8684,,Non-Binary,Tablet,Top,Sports,Peach-orange,#FFCC99,255,204,153,Sad,Spring,264,1
2645,User2645,48.0,,Tablet,Bottom,Home_Decor,Van Dyke Brown,#664228,102,66,40,Sad,Monsoon,237,0
8242,User8242,,Male,Desktop,,Tech,Thulian pink,#DE6FA1,222,111,161,Neutral,Winter,55,0
6237,User6237,,Non-Binary,Mobile,Top,Food,International orange (Golden Gate Bridge),#C0362C,192,54,44,Happy,Autumn,135,1
9064,User9064,41.0,Female,Mobile,Top,Home_Decor,Electric purple,#BF00FF,191,0,255,Neutral,Monsoon,70,1
9413,User9413,,,Mobile,Top,Food,Persian green,#00A693,0,166,147,Angry,Autumn,206,0
7111,User7111,44.0,,Desktop,Side,Fashion,Parrot Pink,#D998A0,217,152,160,Sad,Spring,288,0
5495,User5495,,Male,Mobile,Bottom,Fashion,Lavender pink,#FBAED2,251,174,210,Sad,Autumn,150,1
8753,User8753,,Non-Binary,,Top,Tech,Deep carmine pink,#EF3038,239,48,56,Angry,Autumn,262,1
2555,User2555,,Non-Binary,Tablet,Bottom,Home_Decor,Maximum Yellow Red,#F2BA49,242,186,73,Happy,Autumn,108,1
24,User24,,,Tablet,Side,Home_Decor,Dark raspberry,#872657,135,38,87,Sad,Summer,155,1
1189,User1189,40.0,,Desktop,Side,Fashion,Light carmine pink,#E66771,230,103,113,Calm,Monsoon,122,0
2124,User2124,,,Desktop,Top,Tech,Dogwood rose,#D71868,215,24,104,Calm,Spring,203,1
5647,User5647,46.0,Female,Tablet,Side,Fashion,Citron,#9FA91F,158,169,31,Happy,Winter,283,1
3137,User3137,19.0,Female,Tablet,,Home_Decor,Orange (web),#FFA500,255,165,0,Angry,Spring,109,0
5420,User5420,39.0,Male,Mobile,,Food,International orange (aerospace),#FF4F00,255,79,0,Neutral,Spring,14,1
5647,User5647,46.0,Female,Tablet,Side,Home_Decor,Pale turquoise,#AFEEEE,175,238,238,Happy,Summer,117,1
9842,User9842,43.0,Non-Binary,Mobile,Top,Tech,Orange-red,#FF4500,255,69,0,Neutral,Summer,31,1
998,User998,,,Tablet,Top,Home_Decor,Caribbean green,#00CC99,0,204,153,Happy,Autumn,103,1
9736,User9736,46.0,,Desktop,,Sports,Seal brown,#59260B,50,20,20,Calm,Spring,261,1
2801,User2801,,Non-Binary,,Side,Home_Decor,Electric blue,#7DF9FF,125,249,255,Angry,Monsoon,140,0
7313,User7313,,Non-Binary,,,Sports,Naples yellow,#FADA5E,250,218,94,Calm,Summer,230,1
1454,User1454,,,Tablet,,Fashion,Piggy pink,#FDDDE6,253,221,230,Angry,Summer,131,1
909,User909,,,,Top,Sports,Bright green,#66FF00,102,255,0,Neutral,Monsoon,120,0
9073,User9073,,Male,,Bottom,Home_Decor,Absolute zero,#0048BA,0,72,186,Happy,Summer,294,0
3141,User3141,45.0,Non-Binary,Mobile,,Home_Decor,Ube,#8878C3,136,120,195,Sad,Monsoon,175,0
1635,User1635,54.0,Female,Tablet,Top,Home_Decor,Amaranth purple,#AB274F,171,39,79,Sad,Winter,216,1
116,User116,59.0,,Mobile,Top,Tech,Kobicha,#6B4423,107,68,35,Angry,Monsoon,193,0
1228,User1228,,,Tablet,,Fashion,French sky blue,#77B5FE,119,181,254,Angry,Winter,269,0
4950,User4950,28.0,Male,Mobile,Side,Sports,Raisin black,#242124,36,33,36,Calm,Autumn,218,1
8081,User8081,38.0,,Tablet,Bottom,Food,Sunburnt Cyclops,#FF404C,255,64,76,Sad,Autumn,93,1
911,User911,,Non-Binary,Desktop,Top,Sports,Yellow-green,#9ACD32,154,205,50,Calm,Summer,134,1
5268,User5268,50.0,Female,Mobile,Top,Home_Decor,French bistre,#856D4D,133,109,77,Neutral,Monsoon,27,0
188,User188,56.0,Female,,Bottom,Food,Weldon Blue,#7C98AB,124,152,171,Sad,Summer,183,1
606,User606,,Non-Binary,Desktop,,Food,Lavender pink,#FBAED2,251,174,210,Neutral,Monsoon,24,1
7727,User7727,,Male,Desktop,Bottom,Sports,Blue Bell,#A2A2D0,162,162,208,Happy,Summer,246,0
8081,User8081,,,Tablet,Bottom,Sports,Rich black (FOGRA29),#010B13,1,11,19,Calm,Autumn,244,1
2723,User2723,,,Tablet,Bottom,Sports,Windsor tan,#A75502,167,85,2,Angry,Autumn,33,0
4690,User4690,,,Desktop,Side,Sports,Harvest gold,#DA9100,218,145,0,Sad,Summer,249,0
7376,User7376,21.0,Female,Mobile,,Fashion,Turkish rose,#B57281,181,114,129,Calm,Monsoon,124,1
6296,User6296,29.0,,Desktop,Bottom,Tech,Palm Leaf,#6F9940,130,142,132,Angry,Spring,36,1
8515,User8515,,Non-Binary,Mobile,,Tech,Cameo pink,#EFBBCC,239,187,204,Happy,Monsoon,144,1
1736,User1736,60.0,Female,,,Sports,Rose gold,#B76E79,183,110,121,Sad,Summer,162,0
2373,User2373,31.0,,,Bottom,Tech,Flame,#E25822,226,88,34,Neutral,Monsoon,64,1
670,User670,,,Desktop,Top,Sports,Medium turquoise,#48D1CC,72,209,204,Happy,Winter,143,1
6315,User6315,,,Desktop,,Sports,Pale plum,#DDA0DD,221,160,221,Angry,Monsoon,216,1
1741,User1741,45.0,,,Bottom,Sports,Rich brilliant lavender,#F1A7FE,241,167,254,Sad,Autumn,143,1
9499,User9499,,,Mobile,Bottom,Fashion,Light salmon,#FFA07A,255,160,122,Sad,Autumn,115,1
7594,User7594,33.0,,Desktop,Top,Home_Decor,Fandango pink,#DE5285,222,82,133,Happy,Winter,255,0
3144,User3144,24.0,Male,Desktop,Side,Tech,Lavender (floral),#B57EDC,181,126,220,Sad,Monsoon,103,1
7530,User7530,51.0,Female,Tablet,Top,Tech,Golden poppy,#FCC200,252,194,0,Angry,Spring,182,0
911,User911,32.0,Non-Binary,Desktop,Top,Fashion,English red,#AB4B52,171,75,82,Happy,Monsoon,5,1
3345,User3345,39.0,Male,Desktop,Side,Fashion,Puce red,#722F37,114,47,55,Neutral,Autumn,93,1
4756,User4756,,Non-Binary,,Bottom,Sports,Spanish carmine,#D10047,209,0,71,Happy,Autumn,117,1
3202,User3202,,,Mobile,Top,Sports,Sunset,#FAD6A5,250,214,165,Happy,Summer,287,0
5293,User5293,26.0,Male,,Bottom,Home_Decor,Dark turquoise,#00CED1,0,206,209,Neutral,Autumn,120,0
4889,User4889,45.0,,Tablet,Bottom,Tech,Linen,#FAF0E6,250,240,230,Angry,Summer,36,1
2021,User2021,41.0,Male,Mobile,Bottom,Fashion,Arsenic,#3B444B,59,68,75,Calm,Autumn,266,1
277,User277,59.0,Male,Desktop,Top,Home_Decor,Raspberry,#E30B5D,227,11,92,Calm,Autumn,45,1
4412,User4412,,Male,,Side,Tech,Blue-gray,#6699CC,102,153,204,Neutral,Spring,171,0
3109,User3109,,,Tablet,Side,Home_Decor,Cerise,#DE3163,222,49,99,Angry,Summer,225,1
1262,User1262,,Female,Mobile,,Home_Decor,French mauve,#D473D4,212,115,212,Sad,Summer,218,0
2272,User2272,52.0,,Tablet,Bottom,Sports,Yellow (process),#FFEF00,255,239,0,Neutral,Autumn,135,1
3037,User3037,,Male,Mobile,Side,Home_Decor,Pink,#FFC0CB,255,192,203,Calm,Summer,52,1
5194,User5194,53.0,Male,Mobile,Top,Sports,Champagne,#F7E7CE,247,231,206,Angry,Autumn,138,1
674,User674,,,,Side,Tech,Japanese carmine,#9D2933,157,41,51,Happy,Autumn,11,1
3042,User3042,,,Mobile,,Tech,Tangelo,#F94D00,249,77,0,Angry,Monsoon,48,1
7515,User7515,,,,,Sports,Medium electric blue,#035096,3,80,150,Angry,Summer,90,0
1805,User1805,,Male,Mobile,Top,Food,Mulberry,#C54B8C,197,75,140,Calm,Winter,52,1
2272,User2272,52.0,,,Bottom,Home_Decor,Spanish carmine,#D10047,209,0,71,Calm,Summer,244,1
1940,User1940,36.0,Female,,Top,Tech,French raspberry,#C72C48,199,44,72,Sad,Summer,156,0
5246,User5246,,Female,Mobile,,Home_Decor,Macaroni and Cheese,#FFBD88,255,189,136,Sad,Spring,262,0
8832,User8832,49.0,,Tablet,Side,Food,Light grayish magenta,#CC99CC,204,153,204,Neutral,Winter,48,1
5100,User5100,42.0,,Mobile,Side,Home_Decor,Duke blue,#00009C,0,0,156,Happy,Winter,172,1
4483,User4483,,Non-Binary,Desktop,Top,Food,Dark imperial blue,#00147E,0,20,126,Sad,Spring,279,1
6889,User6889,,,Mobile,Bottom,Fashion,Cornsilk,#FFF8DC,255,248,220,Calm,Spring,195,0
7268,User7268,28.0,Female,Desktop,Bottom,Food,Space cadet,#1D2951,29,41,81,Angry,Summer,156,1
775,User775,,Female,Mobile,Top,Tech,Cyan,#00FFFF,0,255,255,Neutral,Monsoon,54,1
4266,User4266,28.0,,Desktop,Side,Sports,Fandango,#B53389,181,51,137,Sad,Spring,280,1
4621,User4621,20.0,,Desktop,Top,Sports,Classic rose,#FBCCE7,251,204,231,Angry,Winter,99,1
9126,User9126,55.0,,Mobile,Side,Home_Decor,Rhythm,#777696,119,118,150,Angry,Winter,246,0
3031,User3031,,,,Side,Fashion,Vista blue,#7C9ED9,124,158,217,Sad,Summer,109,0
5783,User5783,,Male,Desktop,Bottom,Home_Decor,Jungle green,#29AB87,41,171,135,Happy,Monsoon,264,1
1524,User1524,24.0,Male,Mobile,Bottom,Food,AuroMetalSaurus,#6E7F80,110,127,128,Happy,Autumn,142,1
8789,User8789,44.0,,Desktop,,Sports,Tea rose,#F4C2C2,244,194,194,Neutral,Spring,187,1
928,User928,,Male,Desktop,Side,Food,Chinese violet,#856088,133,96,136,Happy,Spring,61,1
6438,User6438,53.0,,Tablet,Top,Sports,Platinum,#E5E4E2,229,228,226,Neutral,Summer,244,1
1127,User1127,,,Desktop,Side,Sports,Daffodil,#FFFF31,255,255,49,Calm,Monsoon,109,1
8631,User8631,,Female,,Top,Sports,Strawberry,#FC5A8D,252,90,141,Sad,Winter,69,1
373,User373,34.0,Female,Mobile,Top,Tech,Fandango pink,#DE5285,222,82,133,Angry,Winter,144,1
5227,User5227,24.0,,Mobile,Top,Food,Lemon meringue,#F6EABE,246,234,190,Neutral,Autumn,66,1
9064,User9064,41.0,,Mobile,Top,Home_Decor,Desert sand,#EDC9AF,237,201,175,Happy,Winter,156,1
1178,User1178,,Male,Desktop,,Fashion,Begonia,#FA6E79,250,110,121,Neutral,Spring,134,1
5419,User5419,,Male,Tablet,Top,Home_Decor,Sasquatch Socks,#FF4681,255,70,129,Neutral,Autumn,130,1
7620,User7620,62.0,Female,Mobile,Side,Food,University of Tennessee Orange,#F77F00,247,127,0,Happy,Monsoon,216,0
1197,User1197,62.0,,Mobile,Top,Fashion,Cedar Chest,#C95A49,201,90,73,Happy,Autumn,166,1
1484,User1484,31.0,,Desktop,Side,Home_Decor,Turquoise green,#A0D6B4,160,214,180,Sad,Monsoon,209,0
3375,User3375,52.0,Non-Binary,Mobile,Bottom,Fashion,Ultramarine,#3F00FF,18,10,143,Angry,Winter,33,1
8097,User8097,30.0,Non-Binary,Tablet,Side,Food,Pale magenta,#F984E5,249,132,229,Sad,Summer,186,1
8753,User8753,,Non-Binary,Tablet,,Sports,Seal brown,#59260B,50,20,20,Sad,Autumn,55,1
1020,User1020,,,Mobile,,Food,Skobeloff,#007474,0,116,116,Happy,Autumn,239,1
9611,User9611,,Male,Desktop,Side,Tech,Amber,#FFBF00,255,191,0,Happy,Spring,18,1
1925,User1925,,Non-Binary,,Side,Fashion,Deep puce,#A95C68,169,92,104,Angry,Spring,62,0
5425,User5425,,Non-Binary,Mobile,Side,Food,Smoky Topaz,#933D41,147,61,65,Neutral,Monsoon,141,1
7086,User7086,30.0,Non-Binary,Mobile,Top,Sports,Italian sky blue,#B2FFFF,178,255,255,Sad,Summer,132,1
8315,User8315,,,,,Sports,Magenta (Pantone),#D0417E,208,65,126,Angry,Spring,41,0
2021,User2021,41.0,Male,Mobile,Bottom,Food,Tangelo,#F94D00,249,77,0,Sad,Spring,272,1
6287,User6287,,Female,Tablet,Bottom,Home_Decor,Mahogany,#C04000,192,64,0,Neutral,Winter,89,1
2804,User2804,,Female,Tablet,Bottom,Food,Fluorescent yellow,#CCFF00,204,255,0,Sad,Winter,214,1
6496,User6496,18.0,Female,Desktop,,Sports,Prussian blue,#003153,0,49,83,Calm,Spring,143,0
5084,User5084,,,,Side,Food,Air Force blue (USAF),#00308F,0,48,143,Angry,Monsoon,31,1
8236,User8236,59.0,Non-Binary,Mobile,Top,Tech,Vermilion,#E34234,227,66,52,Happy,Summer,237,0
7750,User7750,,,Mobile,Side,Home_Decor,Fashion fuchsia,#F400A1,244,0,161,Sad,Spring,175,1
1077,User1077,,,Desktop,Top,Food,Palatinate purple,#682860,104,40,96,Angry,Monsoon,182,1
1729,User1729,,Female,Mobile,Top,Sports,Vegas gold,#C5B358,197,179,88,Angry,Monsoon,24,1
6401,User6401,45.0,Female,Mobile,Side,Food,Islamic green,#009000,0,144,0,Sad,Spring,268,1
6849,User6849,39.0,,Mobile,Top,Food,Tropical violet,#CDA4DE,205,164,222,Happy,Monsoon,201,1
4605,User4605,,Non-Binary,Desktop,Side,Fashion,Very light tangelo,#FFB077,255,176,119,Happy,Autumn,68,0
7294,User7294,,Female,Tablet,Side,Food,Pink lavender,#D8B2D1,216,178,209,Sad,Monsoon,48,0
4057,User4057,,,Desktop,Side,Tech,Rose pink,#FF66CC,255,102,204,Angry,Spring,248,1
1305,User1305,,,,Top,Sports,Bright cerulean,#1DACD6,29,172,214,Happy,Monsoon,16,1
3908,User3908,50.0,,Desktop,Bottom,Fashion,Eggshell,#F0EAD6,240,234,214,Sad,Spring,264,1
7152,User7152,,,Tablet,Side,Food,Orange (web),#FFA500,255,165,0,Sad,Winter,261,1
1805,User1805,,Male,Mobile,,Home_Decor,Peach-orange,#FFCC99,255,204,153,Sad,Spring,239,1
2214,User2214,22.0,Non-Binary,Mobile,,Tech,Kenyan copper,#7C1C05,124,28,5,Angry,Monsoon,251,0
3803,User3803,,,Mobile,Top,Tech,Dark slate blue,#483D8B,72,61,139,Happy,Spring,145,1
5276,User5276,,,,Side,Tech,Princess Perfume,#FF85CF,255,133,207,Angry,Summer,185,1
6937,User6937,28.0,,,Top,Fashion,Very pale yellow,#FFFFBF,255,255,191,Calm,Spring,157,0
4938,User4938,28.0,Male,Desktop,,Food,Palatinate purple,#682860,104,40,96,Happy,Spring,48,1
674,User674,,,,Side,Tech,Satin sheen gold,#CBA135,203,161,53,Angry,Summer,113,1
1127,User1127,,,Desktop,Side,Food,Pale carmine,#AF4035,175,64,53,Happy,Summer,102,1
3278,User3278,,,,Top,Home_Decor,Pomp and Power,#86608E,134,96,142,Calm,Summer,231,0
6871,User6871,62.0,Male,Mobile,,Food,Forest green (web),#228B22,34,139,34,Neutral,Autumn,85,0
1251,User1251,58.0,Female,Mobile,Top,Food,B'dazzled blue,#2E5894,46,88,148,Sad,Spring,222,0
3990,User3990,28.0,,Tablet,,Food,Irresistible,#B3446C,179,68,108,Angry,Summer,153,1
1729,User1729,,Female,,Top,Sports,Turquoise blue,#00FFEF,0,255,239,Calm,Summer,80,1
383,User383,,Female,Desktop,Bottom,Fashion,Deep saffron,#FF9933,255,153,51,Calm,Winter,84,0
5832,User5832,28.0,Non-Binary,Desktop,Side,Food,French lilac,#86608E,134,96,142,Happy,Autumn,56,1
8252,User8252,,Male,Tablet,Side,Tech,Vivid violet,#9F00FF,159,0,255,Happy,Spring,67,1
6401,User6401,45.0,Female,Mobile,Side,Sports,Cotton candy,#FFBCD9,255,188,217,Sad,Monsoon,88,1
3990,User3990,28.0,,Tablet,,Food,Brick red,#CB4154,203,65,84,Happy,Autumn,259,1
8354,User8354,49.0,,Desktop,,Sports,Pink (Pantone),#D74894,215,72,148,Angry,Autumn,63,0
5579,User5579,,Non-Binary,,Side,Fashion,Copper (Crayola),#DA8A67,218,138,103,Angry,Winter,12,1
1762,User1762,41.0,Male,Desktop,Side,Sports,Inchworm,#B2EC5D,178,236,93,Angry,Spring,80,1
7409,User7409,,Male,Desktop,Bottom,Tech,Golden poppy,#FCC200,252,194,0,Neutral,Spring,82,0
2174,User2174,36.0,Female,,,Food,Boysenberry,#873260,135,50,96,Angry,Summer,128,1
9723,User9723,,Female,Mobile,Side,Tech,Brick red,#CB4154,203,65,84,Happy,Summer,16,1
6188,User6188,20.0,Male,Desktop,,Home_Decor,Café noir,#4B3621,75,54,33,Happy,Autumn,284,1
1647,User1647,62.0,Male,Desktop,Bottom,Sports,Brass,#B5A642,181,166,66,Angry,Winter,49,0
3520,User3520,31.0,,,Top,Sports,School bus yellow,#FFD800,255,216,0,Calm,Spring,57,0
1624,User1624,31.0,Male,Desktop,Top,Sports,Spanish green,#009150,0,145,80,Calm,Winter,185,0
4508,User4508,41.0,,Mobile,Top,Fashion,Light Thulian pink,#E68FAC,230,143,172,Calm,Monsoon,238,0
4638,User4638,24.0,Female,Tablet,Side,Tech,New Car,#214FC6,33,79,198,Sad,Spring,190,0
4015,User4015,44.0,Male,Tablet,,Home_Decor,Celestial blue,#4997D0,73,151,208,Neutral,Summer,297,1
770,User770,,Female,,,Fashion,Deep violet,#330066,51,0,102,Angry,Autumn,79,1
9680,User9680,,,Mobile,,Fashion,Ogre Odor,#FD5240,253,82,64,Sad,Winter,202,0
9311,User9311,,Non-Binary,,Side,Food,Big Foot Feet,#E88E5A,232,142,90,Calm,Summer,83,1
749,User749,,,Mobile,Top,Home_Decor,Baby pink,#F4C2C2,244,194,194,Angry,Autumn,237,1
6445,User6445,,,Tablet,Side,Sports,Flame,#E25822,226,88,34,Sad,Summer,172,0
1536,User1536,19.0,,Tablet,Bottom,Sports,Light red ochre,#E97451,233,116,81,Happy,Spring,27,0
2017,User2017,,Male,Tablet,,Food,Blue-magenta violet,#553592,85,53,146,Calm,Winter,234,1
4548,User4548,,Male,Desktop,Side,Sports,Rose quartz,#AA98A9,170,152,169,Sad,Monsoon,139,1
9075,User9075,36.0,Female,Mobile,,Tech,Battery Charged Blue,#1DACD6,29,172,214,Happy,Summer,297,1
1225,User1225,27.0,,Tablet,Side,Sports,Slimy Green,#299617,41,150,23,Calm,Winter,42,1
8883,User8883,,Female,,Bottom,Tech,Tyrian purple,#66023C,102,2,60,Neutral,Spring,236,1
8379,User8379,22.0,,Mobile,Bottom,Food,Dark midnight blue,#003366,0,51,102,Calm,Summer,172,0
6879,User6879,56.0,,Mobile,Bottom,Food,Magenta haze,#9F4576,159,69,118,Neutral,Spring,289,0
7450,User7450,,,Desktop,Side,Tech,Deep Space Sparkle,#4A646C,74,100,108,Neutral,Monsoon,107,1
2096,User2096,48.0,Non-Binary,Desktop,Top,Sports,Orange-yellow,#F8D568,248,213,104,Neutral,Monsoon,149,1
8353,User8353,,,Desktop,Bottom,Food,Deep cerise,#DA3287,218,50,135,Angry,Autumn,247,1
6143,User6143,29.0,Non-Binary,Mobile,Bottom,Food,Purple Plum,#9C51B6,156,81,182,Angry,Autumn,152,1
5921,User5921,,,Desktop,Side,Tech,Persimmon,#EC5800,236,88,0,Neutral,Autumn,157,1
7971,User7971,,Non-Binary,Tablet,Top,Food,Sunburnt Cyclops,#FF404C,255,64,76,Happy,Spring,299,1
9572,User9572,38.0,,,Bottom,Sports,Moccasin,#FAEBD7,250,235,215,Neutral,Autumn,130,1
1755,User1755,,Non-Binary,Tablet,Bottom,Food,Deep carmine pink,#EF3038,239,48,56,Sad,Winter,196,1
5942,User5942,,Non-Binary,Tablet,Bottom,Tech,Purple (X11),#A020F0,160,32,240,Neutral,Spring,87,1
3801,User3801,26.0,Non-Binary,Desktop,Side,Sports,Dollar bill,#85BB65,133,187,101,Angry,Spring,25,1
806,User806,37.0,Male,Desktop,Top,Home_Decor,Rose ebony,#674846,103,72,70,Angry,Autumn,292,0
8026,User8026,,Non-Binary,,Bottom,Tech,Dark lavender,#734F96,115,79,150,Sad,Autumn,288,0
1454,User1454,,Female,Tablet,,Home_Decor,Brink pink,#FB607F,251,96,127,Sad,Spring,272,1
3464,User3464,,,Tablet,Top,Food,Deep pink,#FF1493,255,20,147,Calm,Monsoon,125,0
8570,User8570,,Non-Binary,Desktop,,Sports,Pale brown,#987654,152,118,84,Happy,Monsoon,115,0
5535,User5535,32.0,,Desktop,Bottom,Food,Gold Fusion,#85754E,133,117,78,Happy,Autumn,83,0
1195,User1195,38.0,,Desktop,Side,Sports,Pineapple,#563C5C,86,60,13,Happy,Monsoon,89,0
3325,User3325,,Male,Mobile,Bottom,Fashion,Sunny,#F2F27A,242,242,122,Angry,Winter,84,1
8494,User8494,59.0,Non-Binary,Tablet,Bottom,Food,Pastel blue,#AEC6CF,174,198,207,Happy,Winter,155,0
2918,User2918,,,Mobile,Top,Food,Brink pink,#FB607F,251,96,127,Calm,Winter,248,0
5699,User5699,19.0,,Tablet,Top,Food,Rifle green,#444C38,68,76,56,Calm,Spring,222,1
58,User58,36.0,Female,Mobile,Top,Tech,Flax,#EEDC82,238,220,130,Happy,Spring,19,1
8252,User8252,,Male,Tablet,Side,Sports,Grizzly,#885818,136,88,24,Sad,Spring,105,1
7268,User7268,28.0,Female,Desktop,Bottom,Sports,Cyan (process),#00B7EB,0,183,235,Calm,Spring,272,1
9848,User9848,37.0,,,,Sports,Star command blue,#007BB8,0,123,184,Sad,Spring,39,0
1529,User1529,,Female,Mobile,Top,Tech,Blue Bolt,#00B9FB,0,185,251,Angry,Autumn,287,1
928,User928,,,Desktop,Side,Sports,Vivid amber,#CC9900,204,153,0,Calm,Monsoon,129,1
4348,User4348,62.0,Female,Desktop,Top,Food,Moccasin,#FAEBD7,250,235,215,Sad,Autumn,228,1
5053,User5053,61.0,,,,Home_Decor,New York pink,#D7837F,215,131,127,Happy,Monsoon,165,1
8018,User8018,,,Desktop,Side,Fashion,Cadmium green,#006B3C,0,107,60,Angry,Autumn,17,1
2329,User2329,51.0,,,Bottom,Sports,Rocket metallic,#8A7F80,138,127,128,Neutral,Winter,169,0
6143,User6143,29.0,,Mobile,Bottom,Tech,Harvest gold,#DA9100,218,145,0,Neutral,Summer,262,1
4898,User4898,64.0,,Desktop,Side,Tech,Harlequin,#3FFF00,63,255,0,Happy,Spring,297,0
6275,User6275,,,,Bottom,Sports,Liseran Purple,#DE6FA1,222,111,161,Angry,Summer,118,0
6287,User6287,40.0,Female,Tablet,Bottom,Home_Decor,Licorice,#1A1110,26,17,16,Angry,Summer,124,1
3915,User3915,,Female,Desktop,,Sports,Cadet grey,#91A3B0,145,163,176,Angry,Winter,73,1
5660,User5660,,Male,Tablet,Top,Tech,Banana yellow,#FFE135,255,225,53,Angry,Summer,278,0
6654,User6654,33.0,,,,Fashion,Spanish sky blue,#00FFFF,0,255,255,Neutral,Summer,52,1
1352,User1352,,Male,Tablet,Side,Home_Decor,Tan,#D2B48C,210,180,140,Sad,Winter,62,0
5202,User5202,32.0,,,Bottom,Sports,Cultured,#F5F5F5,245,245,245,Angry,Monsoon,82,0
7511,User7511,,Female,Desktop,Side,Fashion,Timberwolf,#DBD7D2,219,215,210,Sad,Autumn,208,1
9683,User9683,56.0,Female,Desktop,Side,Sports,Copper penny,#AD6F69,173,111,105,Angry,Summer,229,0
1366,User1366,,Non-Binary,Tablet,,Home_Decor,Eggshell,#F0EAD6,240,234,214,Calm,Spring,267,0
7525,User7525,,Male,Desktop,Top,Tech,Ginger,#B06500,176,101,0,Calm,Winter,107,0
791,User791,19.0,,Desktop,Side,Home_Decor,Red devil,#860111,134,1,17,Calm,Summer,113,0
6528,User6528,,Non-Binary,Mobile,Side,Food,Urobilin,#E1AD21,225,173,33,Angry,Monsoon,269,0
3588,User3588,38.0,Non-Binary,Mobile,,Sports,Sand,#C2B280,194,178,128,Sad,Monsoon,60,0
5213,User5213,46.0,Female,Tablet,Side,Fashion,Isabelline,#F4F0EC,244,240,236,Neutral,Spring,256,0
6161,User6161,61.0,Female,Tablet,Bottom,Fashion,Royal fuchsia,#CA2C92,202,44,146,Happy,Summer,76,1
316,User316,42.0,Non-Binary,Desktop,Top,Home_Decor,Peach-yellow,#FADFAD,250,223,173,Neutral,Spring,145,1
4109,User4109,,,Desktop,,Home_Decor,Brown Yellow,#cc9966,204,153,102,Angry,Monsoon,184,0
2337,User2337,40.0,,,,Home_Decor,Maastricht Blue,#001C3D,0,28,61,Calm,Monsoon,207,1
2872,User2872,42.0,,Mobile,Top,Fashion,Light coral,#F08080,240,128,128,Calm,Autumn,275,0
2602,User2602,,,Desktop,Side,Tech,Orange Soda,#FA5B3D,250,91,61,Sad,Monsoon,114,1
8097,User8097,30.0,Non-Binary,Tablet,Side,Fashion,Paris Green,#50C878,80,200,120,Angry,Winter,86,1
3514,User3514,55.0,,,Side,Tech,Kobe,#882D17,136,45,23,Neutral,Autumn,88,0
3721,User3721,,Male,Tablet,Bottom,Home_Decor,Ruby,#E0115F,224,17,95,Angry,Spring,261,0
6167,User6167,20.0,Male,,,Food,Maximum Blue,#47ABCC,71,171,204,Angry,Monsoon,197,1
7162,User7162,,,Mobile,Bottom,Fashion,Vivid red,#F70D1A,247,13,26,Calm,Winter,143,0
8734,User8734,25.0,,Mobile,Top,Home_Decor,Steel Teal,#5F8A8B,95,138,139,Neutral,Autumn,225,0
3369,User3369,,,,,Fashion,Vivid burgundy,#9F1D35,159,29,53,Happy,Winter,193,0
711,User711,56.0,,,,Home_Decor,Electric yellow,#FFFF33,255,255,51,Calm,Autumn,201,0
6383,User6383,,,Tablet,Side,Fashion,Electric cyan,#00FFFF,0,255,255,Neutral,Autumn,78,0
1369,User1369,,,Desktop,Bottom,Sports,Medium lavender magenta,#DDA0DD,221,160,221,Sad,Autumn,202,1
9595,User9595,,,Tablet,Bottom,Fashion,Maximum Yellow Red,#F2BA49,242,186,73,Calm,Spring,264,0
9227,User9227,,Non-Binary,Mobile,Side,Sports,Misty rose,#FFE4E1,255,228,225,Sad,Autumn,203,1
6315,User6315,,,Desktop,Top,Tech,Green (Munsell),#00A877,0,168,119,Calm,Autumn,141,1
2913,User2913,57.0,Non-Binary,Mobile,Side,Fashion,Red (pigment),#ED1C24,237,28,36,Angry,Winter,179,1
7959,User7959,60.0,,Mobile,Side,Tech,Bitter lime,#BFFF00,191,255,0,Neutral,Autumn,137,0
5756,User5756,51.0,Non-Binary,Tablet,Top,Food,Lavender rose,#FBA0E3,251,160,227,Sad,Spring,31,1
5531,User5531,,Male,Desktop,Top,Sports,Mummy's Tomb,#828E84,130,142,132,Calm,Winter,261,1
9091,User9091,29.0,Female,Mobile,Side,Fashion,Phthalo blue,#000F89,0,15,137,Sad,Autumn,55,0
4957,User4957,58.0,Male,Desktop,Bottom,Tech,Deep Space Sparkle,#4A646C,74,100,108,Calm,Winter,148,1
5325,User5325,,Male,Desktop,Top,Home_Decor,Cadet blue,#5F9EA0,95,158,160,Calm,Spring,240,0
2311,User2311,,,Desktop,Bottom,Tech,Shamrock green,#009E60,0,158,96,Happy,Winter,164,1
277,User277,59.0,Male,Desktop,,Fashion,Guppie green,#00FF7F,0,255,127,Happy,Spring,275,1
6167,User6167,20.0,Male,Mobile,Side,Food,Bole,#79443B,121,68,59,Happy,Monsoon,158,1
9075,User9075,36.0,Female,Mobile,Top,Sports,Purple (Munsell),#9F00C5,159,0,197,Sad,Autumn,41,1
7065,User7065,57.0,,Desktop,,Home_Decor,Davy's grey,#555555,85,85,85,Angry,Spring,221,1
5329,User5329,54.0,Male,Tablet,Side,Tech,Peach-orange,#FFCC99,255,204,153,Calm,Autumn,134,1
8174,User8174,,Female,Mobile,Bottom,Fashion,Middle Blue,#7ED4E6,126,212,230,Neutral,Spring,80,1
5382,User5382,21.0,Non-Binary,Tablet,Top,Fashion,Pale copper,#DA8A67,218,138,103,Happy,Summer,292,0
3403,User3403,,,Desktop,Top,Sports,Brown Yellow,#cc9966,204,153,102,Sad,Summer,201,1
7450,User7450,,,Desktop,Side,Home_Decor,Forest green (web),#228B22,34,139,34,Sad,Summer,221,1
7866,User7866,,,Mobile,Top,Tech,Pale carmine,#AF4035,175,64,53,Sad,Spring,103,1
9341,User9341,,,Mobile,Side,Tech,Safety orange (blaze orange),#FF6700,255,103,0,Neutral,Autumn,289,0
4228,User4228,,,Desktop,Side,Tech,Purple Heart,#69359C,105,53,156,Neutral,Summer,234,1
375,User375,26.0,Non-Binary,Mobile,,Sports,Dark coral,#CD5B45,205,91,69,Happy,Autumn,113,1
9195,User9195,60.0,Female,Tablet,Side,Sports,Medium ruby,#AA4069,170,64,105,Neutral,Spring,168,0
1710,User1710,37.0,,Tablet,Side,Home_Decor,Sunset orange,#FD5E53,253,94,83,Happy,Autumn,120,1
6750,User6750,47.0,,Tablet,Side,Tech,GO green,#00AB66,0,171,102,Neutral,Autumn,75,0
1710,User1710,37.0,,Tablet,Side,Tech,Amazonite,#00C4B0,0,196,176,Neutral,Summer,218,1
315,User315,,Non-Binary,Desktop,Side,Home_Decor,Manatee,#979AAA,151,154,170,Neutral,Winter,57,1
8878,User8878,,Non-Binary,Mobile,Side,Home_Decor,Pictorial carmine,#C30B4E,195,11,78,Happy,Monsoon,89,0
3236,User3236,,Female,Mobile,,Home_Decor,Dark salmon,#E9967A,233,150,122,Calm,Spring,80,1
9888,User9888,49.0,Male,Mobile,Top,Fashion,Bright cerulean,#1DACD6,29,172,214,Happy,Spring,271,1
1286,User1286,61.0,Female,,Top,Home_Decor,Daffodil,#FFFF31,255,255,49,Calm,Spring,252,0
5301,User5301,,Male,Tablet,Side,Food,Very pale yellow,#FFFFBF,255,255,191,Sad,Monsoon,290,1
4176,User4176,,Male,Desktop,Bottom,Sports,Catawba,#703642,112,54,66,Sad,Winter,83,0
6745,User6745,,Female,Tablet,,Home_Decor,Maximum Blue Green,#30BFBF,48,191,191,Happy,Autumn,111,0
3616,User3616,35.0,,Mobile,Side,Fashion,Baby blue,#89CFF0,137,207,240,Calm,Spring,86,0
1077,User1077,,,,Top,Food,Tuscany,#C09999,192,153,153,Calm,Autumn,206,1
6811,User6811,,Male,Mobile,,Fashion,Amaranth purple,#AB274F,171,39,79,Calm,Summer,234,1
3429,User3429,59.0,,,,Fashion,Crimson,#DC143C,220,20,60,Sad,Summer,231,1
6724,User6724,37.0,Female,,Top,Fashion,Ocean Green,#48BF91,72,191,145,Happy,Summer,24,1
2337,User2337,40.0,Male,,Top,Fashion,Blueberry,#4F86F7,79,134,247,Angry,Spring,272,1
6886,User6886,43.0,Male,Mobile,Bottom,Tech,Inchworm,#B2EC5D,178,236,93,Calm,Monsoon,182,1
6479,User6479,,,Tablet,Side,Sports,Light yellow,#FFFFE0,255,255,224,Calm,Spring,144,1
4120,User4120,,Male,Tablet,Side,Tech,Khaki (HTML/CSS) (Khaki),#C3B091,195,176,145,Angry,Summer,84,0
2529,User2529,,Female,Desktop,Top,Food,Sky magenta,#CF71AF,207,113,175,Happy,Summer,186,1
7362,User7362,,Non-Binary,Tablet,,Tech,American rose,#FF033E,255,3,62,Calm,Spring,78,0
3117,User3117,,,Tablet,Bottom,Food,Absolute zero,#0048BA,0,72,186,Happy,Monsoon,151,1
8994,User8994,34.0,Female,Mobile,Bottom,Home_Decor,Pink (Pantone),#D74894,215,72,148,Calm,Monsoon,237,1
8101,User8101,59.0,,Desktop,Bottom,Food,Bronze,#CD7F32,205,127,50,Neutral,Autumn,146,1
9420,User9420,,Non-Binary,Tablet,,Tech,Lilac,#C8A2C8,200,162,200,Calm,Winter,154,1
1253,User1253,36.0,Female,Desktop,Bottom,Tech,Carnation pink,#FFA6C9,255,166,201,Neutral,Summer,136,1
1127,User1127,,,Desktop,Side,Food,Teal,#008080,0,128,128,Happy,Monsoon,243,1
8252,User8252,,,Tablet,Side,Tech,Celestial blue,#4997D0,73,151,208,Calm,Summer,166,1
944,User944,,,Mobile,Top,Food,Tea rose,#F4C2C2,244,194,194,Sad,Winter,254,0
702,User702,42.0,,,Side,Fashion,Cornflower blue,#6495ED,100,149,237,Sad,Summer,132,0
5748,User5748,,Male,Desktop,Side,Sports,Indigo,#4B0082,75,0,130,Angry,Monsoon,278,1
966,User966,54.0,Male,,Bottom,Food,Catawba,#703642,112,54,66,Sad,Autumn,86,1
4709,User4709,,,Mobile,Side,Fashion,Maximum Yellow,#FAFA37,250,250,55,Neutral,Spring,236,0
8226,User8226,,Male,Tablet,Top,Fashion,Stizza,#990000,153,0,0,Sad,Spring,35,1
9807,User9807,35.0,Non-Binary,Tablet,Bottom,Fashion,Yellow (Pantone),#FEDF00,254,223,0,Sad,Monsoon,238,1
6980,User6980,62.0,,,Bottom,Fashion,Old lavender,#796878,121,104,120,Sad,Monsoon,88,1
5082,User5082,44.0,Female,Mobile,Top,Food,Purple (X11),#A020F0,160,32,240,Calm,Winter,46,1
3601,User3601,,Non-Binary,Mobile,,Tech,Yankees blue,#1C2841,28,40,65,Angry,Summer,206,1
4920,User4920,,Non-Binary,Desktop,,Fashion,English violet,#563C5C,86,60,92,Happy,Winter,255,0
9504,User9504,,Male,Tablet,Top,Home_Decor,Smoky Topaz,#933D41,147,61,65,Angry,Spring,89,1
905,User905,40.0,Female,Tablet,Side,Fashion,Pink,#FFC0CB,255,192,203,Neutral,Summer,187,0
4029,User4029,21.0,Female,Desktop,Side,Tech,Carnation pink,#FFA6C9,255,166,201,Calm,Winter,270,1
5955,User5955,59.0,,Tablet,Side,Tech,Asparagus,#87A96B,135,169,107,Calm,Spring,75,1
2311,User2311,,,Desktop,Bottom,Sports,Bittersweet,#FE6F5E,254,111,94,Sad,Summer,26,1
2023,User2023,19.0,Non-Binary,Desktop,Top,Sports,Taupe,#483C32,72,60,50,Sad,Autumn,80,1
1650,User1650,29.0,,Desktop,Bottom,Fashion,Deep peach,#FFCBA4,255,203,164,Neutral,Autumn,273,1
8427,User8427,,,Mobile,Bottom,Fashion,Slate blue,#6A5ACD,106,90,205,Calm,Winter,172,0
2289,User2289,,Female,Desktop,Bottom,Sports,Puce red,#722F37,114,47,55,Happy,Monsoon,244,1
5338,User5338,51.0,Male,,Top,Fashion,Desert sand,#EDC9AF,237,201,175,Angry,Summer,55,1
1036,User1036,,,Tablet,Top,Home_Decor,Cadet,#536872,83,104,114,Calm,Winter,87,0
8127,User8127,,Male,Tablet,Bottom,Food,University of Tennessee Orange,#F77F00,247,127,0,Happy,Monsoon,94,1
670,User670,22.0,,,Top,Sports,Dark sea green,#8FBC8F,143,188,143,Happy,Monsoon,17,1
9060,User9060,,Female,Mobile,Top,Sports,French mauve,#D473D4,212,115,212,Angry,Summer,161,0
6086,User6086,24.0,Male,,Bottom,Tech,Safety orange (blaze orange),#FF6700,255,103,0,Happy,Summer,203,1
3601,User3601,,Non-Binary,Mobile,Bottom,Fashion,Carmine,#960018,150,0,24,Neutral,Monsoon,158,1
3245,User3245,40.0,Male,,Side,Sports,Blue-violet,#8A2BE2,138,43,226,Happy,Spring,202,1
1409,User1409,,,Desktop,Side,Sports,Green-yellow,#ADFF2F,173,255,47,Neutral,Winter,228,0
6467,User6467,30.0,Non-Binary,Desktop,,Home_Decor,Dark imperial blue,#00416A,0,65,106,Happy,Summer,122,1
4938,User4938,28.0,Male,Desktop,Side,Fashion,Phthalo green,#123524,18,53,36,Sad,Monsoon,155,1
1729,User1729,26.0,Female,Mobile,Top,Food,Vivid auburn,#922724,146,39,36,Happy,Spring,248,1
3225,User3225,23.0,,Tablet,Bottom,Home_Decor,Red (pigment),#ED1C24,237,28,36,Neutral,Autumn,79,1
4500,User4500,34.0,,Mobile,Bottom,Food,Light khaki,#F0E68C,240,230,140,Happy,Monsoon,217,0
9807,User9807,35.0,Non-Binary,Tablet,,Tech,Sap green,#507D2A,80,125,42,Happy,Spring,279,1
8003,User8003,45.0,Female,Desktop,Side,Sports,Melon,#FDBCB4,253,188,180,Happy,Autumn,248,0
805,User805,,,Desktop,Bottom,Home_Decor,Vivid tangelo,#F07427,240,116,39,Neutral,Spring,182,1
4853,User4853,,,Tablet,Bottom,Food,Dark scarlet,#560319,86,3,25,Happy,Summer,112,1
289,User289,46.0,,,Side,Fashion,Pink lace,#FFDDF4,255,221,244,Angry,Monsoon,295,0
9064,User9064,41.0,,Mobile,Top,Tech,Vivid vermilion,#E56024,229,96,36,Angry,Autumn,181,1
3062,User3062,,Male,Desktop,,Tech,Floral white,#FFFAF0,255,250,240,Neutral,Spring,178,1
4170,User4170,26.0,Male,Mobile,Bottom,Sports,Navy,#000080,0,0,128,Sad,Autumn,97,0
2309,User2309,22.0,Male,Tablet,,Sports,Shocking pink (Crayola),#FF6FFF,255,111,255,Angry,Winter,104,1
5414,User5414,,,,Bottom,Food,Medium taupe,#674C47,103,76,71,Calm,Monsoon,185,1
9550,User9550,58.0,Non-Binary,Desktop,Top,Food,Antique fuchsia,#915C83,145,92,131,Angry,Summer,163,1
9231,User9231,21.0,,Desktop,Top,Tech,Davy's grey,#555555,85,85,85,Calm,Autumn,100,1
7151,User7151,,Non-Binary,Tablet,,Food,Caribbean green,#00CC99,0,204,153,Neutral,Spring,236,1
2025,User2025,,,Mobile,Bottom,Sports,Sandy brown,#F4A460,244,164,96,Sad,Autumn,255,0
1710,User1710,,,Tablet,Side,Tech,India green,#138808,19,136,8,Calm,Spring,71,1
7661,User7661,,,Mobile,Side,Tech,Smoky black,#100C08,16,12,8,Calm,Autumn,241,1
7674,User7674,43.0,Female,Tablet,,Fashion,Sacramento State green,#00563F,0,86,63,Angry,Summer,23,1
6573,User6573,55.0,Non-Binary,Desktop,Side,Fashion,Liver (dogs),#B86D29,184,109,41,Calm,Summer,291,1
4795,User4795,,Male,Desktop,Side,Food,Byzantine,#BD33A4,189,51,164,Neutral,Monsoon,292,0
2602,User2602,61.0,Female,Desktop,,Food,Safety yellow,#EED202,238,210,2,Neutral,Summer,211,1
9789,User9789,36.0,,Tablet,Side,Sports,United Nations blue,#5B92E5,91,146,229,Neutral,Autumn,107,1
5276,User5276,42.0,,,Side,Sports,English red,#AB4B52,171,75,82,Angry,Autumn,163,1
200,User200,,Male,Mobile,,Fashion,Rosewood,#65000B,101,0,11,Sad,Summer,199,0
8127,User8127,,Male,,,Tech,Azure,#007FFF,0,127,255,Angry,Winter,55,1
7,User7,,Female,Tablet,Bottom,Home_Decor,Emerald,#50C878,80,200,120,Neutral,Autumn,228,1
911,User911,32.0,,Desktop,Top,Home_Decor,Pale magenta,#F984E5,249,132,229,Angry,Monsoon,206,1
2913,User2913,57.0,Non-Binary,Mobile,,Food,Sandstorm,#ECD540,236,213,64,Neutral,Winter,96,1
4086,User4086,,Female,Desktop,,Home_Decor,Sasquatch Socks,#FF4681,255,70,129,Happy,Summer,159,1
8675,User8675,,,Desktop,Top,Home_Decor,Maximum Yellow,#FAFA37,250,250,55,Happy,Spring,180,0
6581,User6581,33.0,,Mobile,Bottom,Fashion,Cosmic latte,#FFF8E7,255,248,231,Calm,Autumn,114,1
9550,User9550,58.0,Non-Binary,,Top,Tech,Violet,#8F00FF,143,0,255,Sad,Spring,227,1
8736,User8736,,,,Bottom,Sports,Silver sand,#BFC1C2,191,193,194,Happy,Monsoon,183,0
9146,User9146,,,,,Fashion,Mystic Maroon,#AD4379,173,67,121,Neutral,Winter,230,1
3375,User3375,,Non-Binary,,Bottom,Sports,Safety orange,#FF7800,255,120,0,Angry,Spring,79,1
393,User393,40.0,,Desktop,Bottom,Fashion,Pale plum,#DDA0DD,221,160,221,Angry,Monsoon,75,1
2167,User2167,64.0,Non-Binary,Mobile,Bottom,Fashion,Deep magenta,#CC00CC,204,0,204,Calm,Spring,213,0
1178,User1178,,Male,Desktop,Bottom,Home_Decor,Smoky Topaz,#933D41,147,61,65,Angry,Spring,107,1
619,User619,,,,,Sports,Pastel purple,#B39EB5,179,158,181,Happy,Monsoon,45,0
6621,User6621,,,Tablet,Bottom,Fashion,Rich carmine,#D70040,215,0,64,Angry,Autumn,284,0
389,User389,31.0,Non-Binary,Tablet,Top,Home_Decor,Wenge,#645452,100,84,82,Happy,Spring,34,1
2428,User2428,33.0,,Tablet,Side,Food,Royal fuchsia,#CA2C92,202,44,146,Happy,Monsoon,247,1
5908,User5908,,Male,Mobile,Bottom,Sports,Turquoise,#40E0D0,64,224,208,Sad,Spring,56,0
9362,User9362,57.0,Male,Tablet,Side,Fashion,Spring bud,#A7FC00,167,252,0,Calm,Autumn,61,0
5783,User5783,,Male,Desktop,,Food,Dark gunmetal,#1F262A,31,38,42,Neutral,Monsoon,194,1
2173,User2173,,,,Bottom,Home_Decor,Chamoisee,#A0785A,160,120,90,Happy,Spring,83,1
5766,User5766,63.0,Male,Desktop,Side,Fashion,Spanish orange,#E86100,232,97,0,Calm,Summer,200,1
5418,User5418,34.0,Male,Mobile,Top,Home_Decor,Orange peel,#FF9F00,255,159,0,Neutral,Autumn,201,1
209,User209,53.0,,Mobile,Top,Home_Decor,Earth yellow,#E1A95F,225,169,95,Angry,Spring,35,0
9662,User9662,62.0,,Tablet,Bottom,Home_Decor,Dark slate blue,#483D8B,72,61,139,Calm,Winter,34,0
5783,User5783,,Male,Desktop,Bottom,Sports,Purple (HTML),#800080,128,0,128,Calm,Monsoon,117,1
1755,User1755,,Non-Binary,,,Food,Periwinkle,#CCCCFF,204,204,255,Calm,Spring,142,1
6153,User6153,30.0,,Mobile,Side,Food,Turquoise Surf,#00C5CD,0,197,205,Angry,Autumn,226,1
9202,User9202,37.0,,Desktop,Bottom,Tech,Madder Lake,#CC3336,204,51,54,Angry,Autumn,176,0
3854,User3854,,,Tablet,Bottom,Fashion,Light medium orchid,#D39BCB,211,155,203,Calm,Winter,159,1
7322,User7322,,Female,Desktop,Bottom,Home_Decor,Keppel,#3AB09E,58,176,158,Sad,Winter,280,1
9419,User9419,,,Mobile,Side,Fashion,Brilliant lavender,#F4BBFF,244,187,255,Happy,Spring,224,1
2032,User2032,,,Desktop,Bottom,Food,Fiery Rose,#FF5470,255,84,112,Angry,Summer,280,1
4266,User4266,28.0,,Desktop,Side,Food,Lemon yellow,#FFF44F,255,244,79,Sad,Autumn,16,1
4736,User4736,,,Mobile,Bottom,Home_Decor,Pink (Pantone),#D74894,215,72,148,Angry,Summer,89,0
2895,User2895,,,Mobile,Bottom,Sports,Orange-red,#FF4500,255,69,0,Calm,Summer,226,0
6104,User6104,39.0,Male,Tablet,,Home_Decor,Bronze,#CD7F32,205,127,50,Sad,Spring,53,0
8630,User8630,,,Mobile,Top,Home_Decor,Spanish blue,#0070B8,0,112,184,Neutral,Monsoon,184,0
5436,User5436,,,Desktop,Top,Tech,Canary yellow,#FFEF00,255,239,0,Happy,Monsoon,14,1
775,User775,,Female,Mobile,Top,Sports,Celadon blue,#007BA7,0,123,167,Happy,Monsoon,265,1
2289,User2289,,Female,Desktop,Bottom,Fashion,Light deep pink,#FF5CCD,255,92,205,Angry,Winter,190,1
5772,User5772,52.0,Male,Desktop,Bottom,Sports,Maroon (X11),#B03060,176,48,96,Happy,Autumn,233,0
9135,User9135,49.0,,Tablet,Side,Home_Decor,Electric indigo,#6F00FF,111,0,255,Neutral,Winter,162,0
6863,User6863,51.0,,Desktop,Side,Home_Decor,Gargoyle Gas,#FFDF46,255,223,70,Sad,Autumn,277,1
5005,User5005,,Male,,Top,Home_Decor,Cherry blossom pink,#FFB7C5,255,183,197,Sad,Autumn,25,1
1977,User1977,,Non-Binary,,,Home_Decor,Powder blue,#B0E0E6,176,224,230,Calm,Autumn,20,0
7376,User7376,21.0,Female,Mobile,,Home_Decor,Light khaki,#F0E68C,240,230,140,Sad,Spring,287,1
3109,User3109,,,Tablet,Side,Sports,Queen blue,#436B95,67,107,149,Angry,Monsoon,119,1
9766,User9766,31.0,,Desktop,Bottom,Home_Decor,Pictorial carmine,#C30B4E,195,11,78,Neutral,Winter,10,1
2876,User2876,23.0,Non-Binary,Tablet,,Food,Camouflage green,#78866B,120,134,107,Calm,Winter,263,1
3164,User3164,,Female,Desktop,Bottom,Food,Amber,#FFBF00,255,191,0,Angry,Spring,44,1
6791,User6791,,Male,Mobile,,Tech,Classic rose,#FBCCE7,251,204,231,Angry,Autumn,280,0
8847,User8847,36.0,,Desktop,Bottom,Fashion,Safety orange (blaze orange),#FF6700,255,103,0,Angry,Monsoon,236,0
7878,User7878,,,Tablet,,Food,Steel pink,#CC33CC,204,51,204,Happy,Summer,11,1
119,User119,59.0,,Tablet,Top,Tech,Powder blue,#B0E0E6,176,224,230,Angry,Summer,97,1
6129,User6129,36.0,Male,Tablet,Bottom,Sports,Heidelberg Red[2],#960018,150,0,24,Happy,Spring,25,1
1661,User1661,43.0,,Mobile,Side,Fashion,Flame,#E25822,226,88,34,Sad,Monsoon,15,0
6119,User6119,,,Tablet,Side,Home_Decor,Ocean Boat Blue,#0077BE,0,119,190,Happy,Summer,54,0
6880,User6880,,Female,Mobile,Side,Home_Decor,Hunter green,#355E3B,53,94,59,Angry,Summer,269,1
2210,User2210,,Male,Desktop,,Sports,Red-purple,#E40078,228,0,120,Neutral,Winter,49,0
3983,User3983,49.0,Male,,,Fashion,Olivine,#9AB973,154,185,115,Neutral,Monsoon,289,0
1235,User1235,,Male,Mobile,Bottom,Food,Pink lace,#FFDDF4,255,221,244,Sad,Summer,275,0
8672,User8672,,,Mobile,Side,Fashion,Steel pink,#CC33CC,204,51,204,Angry,Winter,279,0
3186,User3186,24.0,,Desktop,Top,Tech,Pastel orange,#FFB347,255,179,71,Happy,Monsoon,39,0
2595,User2595,,Female,Desktop,Bottom,Sports,Imperial purple,#66023C,102,2,60,Neutral,Autumn,145,1
7475,User7475,53.0,Female,,Bottom,Food,Ruby red,#9B111E,155,17,30,Calm,Monsoon,148,1
9966,User9966,,,,Top,Fashion,Chrome yellow,#FFA700,255,167,0,Angry,Spring,249,1
5346,User5346,30.0,Non-Binary,,Top,Fashion,Volt,#CEFF00,205,255,0,Angry,Winter,197,1
7836,User7836,32.0,Male,Tablet,Top,Food,Pastel purple,#B39EB5,179,158,181,Calm,Autumn,39,0
3323,User3323,48.0,Female,Tablet,Side,Tech,Persian green,#00A693,0,166,147,Neutral,Winter,276,1
3362,User3362,,,Tablet,Side,Tech,Safety orange (blaze orange),#FF6700,255,103,0,Calm,Winter,182,0
6199,User6199,38.0,Female,,Side,Fashion,Champagne,#F7E7CE,247,231,206,Sad,Summer,274,0
6771,User6771,,,Desktop,Side,Home_Decor,Middle Green,#4D8C57,77,140,87,Happy,Monsoon,155,1
1741,User1741,45.0,,Mobile,,Food,Electric blue,#7DF9FF,125,249,255,Happy,Winter,103,1
8883,User8883,,,Mobile,Bottom,Tech,Steel blue,#4682B4,70,130,180,Neutral,Winter,33,1
1153,User1153,49.0,Female,Tablet,Side,Tech,Antique fuchsia,#915C83,145,92,131,Calm,Spring,154,0
9160,User9160,27.0,,Desktop,,Tech,Persian rose,#FE28A2,254,40,162,Angry,Spring,212,0
907,User907,47.0,Male,Desktop,Side,Sports,Lilac Luster,#AE98AA,174,152,170,Angry,Spring,266,0
5957,User5957,,Non-Binary,Mobile,Top,Home_Decor,Dark tangerine,#FFA812,255,168,18,Angry,Winter,214,0
1607,User1607,53.0,,,Top,Tech,UA blue,#0033AA,0,51,170,Sad,Autumn,93,0
966,User966,54.0,Male,,,Home_Decor,Queen pink,#E8CCD7,232,204,215,Sad,Monsoon,241,1
1255,User1255,23.0,Male,Tablet,Side,Fashion,Steel blue,#4682B4,70,130,180,Angry,Winter,252,0
1650,User1650,29.0,,Desktop,Bottom,Fashion,Light cornflower blue,#93CCEA,147,204,234,Neutral,Summer,262,1
5227,User5227,,,Mobile,Top,Sports,Ultramarine blue,#4166F5,65,102,245,Sad,Autumn,196,1
7787,User7787,,,Desktop,Top,Home_Decor,Cadet,#536872,83,104,114,Sad,Autumn,100,0
1454,User1454,,Female,Tablet,Top,Food,Mystic Maroon,#AD4379,173,67,121,Happy,Monsoon,40,1
5741,User5741,27.0,Non-Binary,Mobile,Bottom,Sports,Yellow (Munsell),#EFCC00,239,204,0,Happy,Autumn,100,0
7670,User7670,54.0,Female,Tablet,,Tech,Cyber grape,#58427C,88,66,124,Neutral,Monsoon,41,1
2410,User2410,,,Tablet,Side,Fashion,Ruddy pink,#E18E96,225,142,150,Sad,Autumn,238,0
6440,User6440,,,Tablet,Side,Fashion,Sapphire,#0F52BA,15,82,186,Sad,Monsoon,106,0
1805,User1805,,,,,Food,Dark slate gray,#2F4F4F,47,79,79,Calm,Spring,184,1
5566,User5566,,Non-Binary,Mobile,Bottom,Sports,Purple (HTML),#800080,128,0,128,Neutral,Spring,74,1
6075,User6075,,Non-Binary,Desktop,Side,Home_Decor,True Blue,#0073CF,0,115,207,Neutral,Autumn,111,1
7924,User7924,,,Desktop,Bottom,Fashion,Imperial purple,#66023C,102,2,60,Calm,Autumn,275,1
6249,User6249,,Male,Desktop,Top,Tech,Granite Gray,#676767,103,103,103,Calm,Monsoon,51,0
5110,User5110,44.0,Female,Tablet,Top,Food,Orchid,#DA70D6,218,112,214,Happy,Monsoon,112,1
7138,User7138,26.0,Male,,Top,Food,Sky magenta,#CF71AF,207,113,175,Neutral,Winter,73,1
2602,User2602,61.0,Female,Desktop,Side,Food,Deep mauve,#D473D4,212,115,212,Neutral,Spring,6,1
1710,User1710,37.0,,,Side,Tech,Wine dregs,#673147,103,49,71,Calm,Winter,223,1
2431,User2431,54.0,,,Top,Food,Classic rose,#FBCCE7,251,204,231,Angry,Winter,49,1
1929,User1929,,Non-Binary,Desktop,Side,Home_Decor,Chrome yellow,#FFA700,255,167,0,Angry,Summer,237,0
1296,User1296,34.0,,Tablet,Top,Home_Decor,AuroMetalSaurus,#6E7F80,110,127,128,Happy,Monsoon,193,1
7526,User7526,,,Tablet,,Sports,Bone,#E3DAC9,227,218,201,Angry,Summer,126,1
2323,User2323,29.0,,Tablet,Side,Sports,Azure (web color),#F0FFFF,240,255,255,Angry,Summer,69,0
1414,User1414,,Female,Desktop,Top,Home_Decor,Japanese violet,#5B3256,91,50,86,Angry,Winter,153,0
6258,User6258,,Non-Binary,Tablet,Top,Tech,Sepia,#704214,112,66,20,Sad,Summer,253,1
6161,User6161,61.0,Female,Tablet,Bottom,Sports,Azure,#007FFF,0,127,255,Happy,Monsoon,71,1
9251,User9251,33.0,,Mobile,Side,Food,Isabelline,#F4F0EC,244,240,236,Calm,Winter,63,0
2113,User2113,,Female,Tablet,Top,Home_Decor,Steel Teal,#5F8A8B,95,138,139,Angry,Monsoon,119,0
9842,User9842,43.0,Non-Binary,Mobile,,Fashion,Pastel gray,#CFCFC4,207,207,196,Sad,Autumn,120,1
2021,User2021,41.0,Male,Mobile,Bottom,Tech,Electric crimson,#FF003F,255,0,63,Angry,Summer,241,1
2190,User2190,46.0,,Desktop,Top,Tech,Tiffany Blue,#0ABAB5,10,186,181,Sad,Winter,51,0
5472,User5472,59.0,Female,,Bottom,Home_Decor,Magenta-pink,#CC338B,204,51,139,Happy,Spring,113,0
4721,User4721,61.0,Non-Binary,Desktop,Side,Fashion,Duke blue,#00009C,0,0,156,Angry,Monsoon,278,0
7518,User7518,,Non-Binary,Desktop,Bottom,Tech,Blue-violet,#8A2BE2,138,43,226,Sad,Summer,117,1
4704,User4704,,Female,Desktop,Bottom,Sports,Liberty,#545AA7,84,90,167,Neutral,Monsoon,37,0
9272,User9272,50.0,Female,Tablet,Side,Fashion,Amaranth deep purple,#9F2B68,159,43,104,Neutral,Monsoon,284,0
8530,User8530,,Female,,Top,Food,UP Maroon,#7B1113,123,17,19,Sad,Autumn,296,1
4362,User4362,64.0,,Desktop,Side,Sports,Pear,#D1E231,209,226,49,Angry,Monsoon,166,0
8655,User8655,,Female,,Top,Fashion,Imperial red,#ED2939,237,41,57,Angry,Autumn,94,0
9418,User9418,20.0,Male,Tablet,Side,Home_Decor,Cal Poly Pomona green,#1E4D2B,30,77,43,Happy,Autumn,55,1
4562,User4562,45.0,,Tablet,Bottom,Tech,Eminence,#6C3082,108,48,130,Happy,Autumn,148,0
8253,User8253,57.0,Non-Binary,Desktop,,Sports,Middle Red Purple,#210837,33,8,55,Calm,Summer,108,1
5276,User5276,42.0,,Tablet,Side,Home_Decor,University of Tennessee Orange,#F77F00,247,127,0,Happy,Monsoon,174,1
4889,User4889,45.0,,Tablet,Bottom,Fashion,Pale violet-red,#DB7093,219,112,147,Angry,Monsoon,20,1
1530,User1530,,,Mobile,,Food,Cinnamon[citation needed],#D2691E,210,105,30,Calm,Autumn,137,0
9691,User9691,,Female,Tablet,Bottom,Tech,Booger Buster,#DDE26A,221,226,106,Happy,Monsoon,174,0
4627,User4627,48.0,Male,,Side,Tech,Turquoise green,#A0D6B4,160,214,180,Sad,Monsoon,34,0
5402,User5402,29.0,Male,Mobile,,Sports,Neon fuchsia,#FE4164,254,65,100,Neutral,Autumn,164,0
4853,User4853,,,Tablet,Bottom,Home_Decor,Fuchsia rose,#C74375,199,67,117,Happy,Spring,151,1
7544,User7544,,Female,,Top,Fashion,Blue Bolt,#00B9FB,0,185,251,Happy,Spring,241,1
9418,User9418,20.0,Male,,,Fashion,Maximum Green,#5E8C31,94,140,49,Sad,Autumn,179,1
4957,User4957,58.0,Male,Desktop,,Home_Decor,Camouflage green,#78866B,120,134,107,Angry,Summer,76,1
4057,User4057,,,Desktop,Side,Tech,Middle Red Purple,#A55353,0,83,83,Sad,Monsoon,131,1
6679,User6679,26.0,Male,Tablet,Bottom,Home_Decor,Terra cotta,#E2725B,226,114,91,Happy,Monsoon,200,1
2431,User2431,54.0,,Desktop,Top,Fashion,Lust,#E62020,230,32,32,Angry,Spring,189,1
6989,User6989,28.0,Male,Mobile,Bottom,Home_Decor,Antique white,#FAEBD7,250,235,215,Calm,Autumn,154,1
9855,User9855,,Male,Desktop,Bottom,Tech,Azure mist,#F0FFFF,240,255,255,Happy,Summer,218,1
8018,User8018,,,Desktop,Side,Sports,Harvard crimson,#C90016,201,0,22,Sad,Autumn,98,1
5131,User5131,57.0,,Tablet,Top,Tech,Minion Yellow,#F5E050,245,220,80,Calm,Spring,62,0
8115,User8115,20.0,,Mobile,Top,Food,Alien Armpit,#84DE02,132,222,2,Neutral,Spring,223,1
3403,User3403,56.0,Female,Desktop,,Food,Medium ruby,#AA4069,170,64,105,Calm,Monsoon,223,1
8632,User8632,32.0,,Tablet,Side,Home_Decor,International orange (Golden Gate Bridge),#C0362C,192,54,44,Sad,Winter,17,0
4539,User4539,54.0,Male,Mobile,Bottom,Tech,Desaturated cyan,#669999,102,153,153,Calm,Summer,287,1
2173,User2173,52.0,Male,Mobile,Bottom,Tech,Golden brown,#996515,153,101,21,Sad,Summer,144,1
5893,User5893,48.0,,,Top,Fashion,Red (Pantone),#ED2939,237,41,57,Happy,Winter,278,0
2972,User2972,,,Mobile,Bottom,Sports,Vivid red,#F70D1A,247,13,26,Angry,Spring,123,0
1842,User1842,,,Mobile,Side,Tech,Light cyan,#E0FFFF,224,255,255,Neutral,Autumn,275,0
5398,User5398,,,Mobile,Bottom,Home_Decor,Dark olive green,#556B2F,85,107,47,Angry,Summer,101,0
6293,User6293,,,Desktop,Bottom,Fashion,French violet,#8806CE,136,6,206,Angry,Winter,51,0
2824,User2824,,,Tablet,Top,Fashion,Byzantine,#BD33A4,189,51,164,Angry,Monsoon,156,0
2289,User2289,,Female,Desktop,Bottom,Home_Decor,Dark terra cotta,#CC4E5C,204,78,92,Sad,Monsoon,177,1
8561,User8561,52.0,Male,Mobile,,Home_Decor,Mystic Maroon,#AD4379,173,67,121,Sad,Spring,279,1
198,User198,54.0,,Mobile,Bottom,Tech,Chocolate (traditional),#7B3F00,123,63,0,Neutral,Summer,241,0
5843,User5843,51.0,Non-Binary,Mobile,,Tech,Regalia,#522D80,82,45,128,Sad,Autumn,35,0
400,User400,52.0,Non-Binary,Tablet,,Fashion,Medium vermilion,#D9603B,217,96,59,Sad,Summer,217,1
2084,User2084,60.0,,Mobile,Top,Fashion,Shadow,#8A795D,138,121,93,Sad,Monsoon,276,0
6980,User6980,62.0,,Desktop,Bottom,Sports,Vivid amber,#CC9900,204,153,0,Sad,Summer,82,1
7000,User7000,22.0,,Tablet,Side,Fashion,Silver sand,#BFC1C2,191,193,194,Happy,Monsoon,283,0
3060,User3060,,Male,Tablet,Bottom,Home_Decor,Light steel blue,#B0C4DE,176,196,222,Neutral,Winter,45,1
5800,User5800,50.0,Male,Mobile,Side,Home_Decor,Light blue,#ADD8E6,173,216,230,Sad,Winter,150,0
6066,User6066,,,Desktop,Side,Sports,Cedar Chest,#C95A49,201,90,73,Neutral,Monsoon,16,1
6906,User6906,,,Mobile,Top,Food,Granny Smith Apple,#A8E4A0,168,228,160,Calm,Autumn,252,1
4957,User4957,58.0,Male,Desktop,,Food,Burnt orange,#CC5500,204,85,0,Happy,Autumn,233,1
284,User284,,Non-Binary,Tablet,Side,Home_Decor,Lemon lime,#E3FF00,227,255,0,Sad,Summer,183,1
966,User966,,Male,,Bottom,Food,Vivid orchid,#CC00FF,204,0,255,Happy,Monsoon,164,1
4981,User4981,,Male,Tablet,Bottom,Food,English red,#AB4B52,171,75,82,Happy,Spring,225,1
58,User58,36.0,Female,,Top,Sports,Violet,#8F00FF,143,0,255,Calm,Autumn,168,1
7376,User7376,,Female,,Side,Fashion,Sonic silver,#757575,117,117,117,Neutral,Autumn,172,1
4034,User4034,43.0,Female,Desktop,Top,Fashion,Taupe gray,#8B8589,139,133,137,Happy,Winter,223,1
7065,User7065,57.0,,,,Food,Gargoyle Gas,#FFDF46,255,223,70,Angry,Autumn,74,1
9397,User9397,19.0,,Tablet,,Tech,Vivid cerulean,#00AAEE,0,170,238,Calm,Autumn,264,1
5198,User5198,47.0,Male,Desktop,Bottom,Sports,Hansa yellow,#E9D66B,233,214,107,Angry,Autumn,67,1
2736,User2736,,Male,,Top,Food,Stizza,#990000,153,0,0,Calm,Monsoon,250,0
8684,User8684,,Non-Binary,Tablet,Top,Tech,Eerie black,#1B1B1B,27,27,27,Angry,Monsoon,54,1
6602,User6602,,Female,Desktop,Side,Tech,Light hot pink,#FFB3DE,255,179,222,Angry,Winter,290,1
6854,User6854,32.0,Male,Mobile,,Sports,Lemon curry,#CCA01D,204,160,29,Happy,Summer,238,1
6771,User6771,,,Desktop,Side,Fashion,Red Salsa,#FD3A4A,253,58,74,Happy,Autumn,20,1
8726,User8726,62.0,Female,Desktop,Side,Home_Decor,Flavescent,#F7E98E,247,233,142,Calm,Summer,8,1
5531,User5531,34.0,Male,Desktop,,Tech,Toolbox,#746CC0,116,108,192,Neutral,Monsoon,286,1
4502,User4502,59.0,,Tablet,Bottom,Home_Decor,Imperial purple,#66023C,102,2,60,Happy,Autumn,161,0
3915,User3915,,Female,Desktop,Side,Home_Decor,Dandelion,#F0E130,240,225,48,Happy,Summer,224,1
6227,User6227,,Non-Binary,,Bottom,Sports,Citron,#9FA91F,158,169,31,Sad,Summer,55,0
5783,User5783,,Male,Desktop,Bottom,Fashion,Spanish red,#E60026,230,0,38,Happy,Spring,46,1
3430,User3430,61.0,Male,,Side,Sports,Very light azure,#74BBFB,116,187,251,Neutral,Monsoon,139,1
6708,User6708,,,Desktop,Top,Tech,Deep ruby,#843F5B,132,63,91,Sad,Winter,278,1
5708,User5708,52.0,Female,,Bottom,Fashion,Amethyst,#9966CC,153,102,204,Angry,Winter,263,0
4361,User4361,,Male,,,Food,Sandy taupe,#967117,150,113,23,Angry,Spring,195,1
2239,User2239,25.0,Female,Tablet,Bottom,Fashion,Green Sheen,#6EAEA1,110,174,161,Sad,Summer,260,1
1805,User1805,,Male,Mobile,Top,Sports,Cultured,#F5F5F5,245,245,245,Sad,Spring,240,1
3336,User3336,26.0,Non-Binary,Desktop,Bottom,Sports,Fuchsia,#FF00FF,255,0,255,Sad,Spring,280,1
2602,User2602,61.0,,,Side,Home_Decor,French sky blue,#77B5FE,119,181,254,Calm,Monsoon,77,1
537,User537,63.0,,,,Food,Smalt (Dark powder blue),#003399,0,51,153,Neutral,Autumn,78,0
7884,User7884,,,Desktop,Top,Fashion,Rose pink,#FF66CC,255,102,204,Neutral,Summer,127,0
7647,User7647,,Male,Desktop,Top,Food,Paradise pink,#E63E62,230,62,98,Angry,Winter,74,1
4950,User4950,28.0,Male,Mobile,Side,Home_Decor,Gray,#808080,128,128,128,Angry,Winter,83,1
2920,User2920,,,Mobile,,Food,Sheen Green,#8FD400,143,212,0,Angry,Spring,252,0
7670,User7670,54.0,Female,Tablet,,Food,Japanese indigo,#264348,38,67,72,Happy,Spring,191,1
4255,User4255,,,,,Fashion,Steel Teal,#5F8A8B,95,138,139,Angry,Spring,145,0
1041,User1041,,,Mobile,Side,Food,Chartreuse (web),#7FFF00,127,255,0,Sad,Summer,48,1
5943,User5943,51.0,Non-Binary,Tablet,Top,Home_Decor,Islamic green,#009000,0,144,0,Angry,Spring,251,0
9266,User9266,38.0,,,Bottom,Tech,Burnt umber,#8A3324,138,51,36,Sad,Spring,230,1
5662,User5662,,,Mobile,Bottom,Tech,Granny Smith Apple,#A8E4A0,168,228,160,Calm,Autumn,71,0
3044,User3044,34.0,Male,Desktop,Top,Sports,Mantis,#74C365,116,195,101,Happy,Summer,280,1
6248,User6248,48.0,Female,Mobile,Top,Tech,Wheat,#F5DEB3,245,222,179,Happy,Monsoon,257,1
8954,User8954,62.0,Non-Binary,Tablet,Top,Fashion,Ocean Green,#48BF91,72,191,145,Neutral,Monsoon,284,0
9642,User9642,,,Mobile,Bottom,Sports,African violet,#B284BE,178,132,190,Calm,Autumn,183,1
7808,User7808,26.0,Female,Desktop,Top,Tech,Deep Red,#850101,133,1,1,Sad,Winter,283,1
8906,User8906,,Male,Desktop,Top,Tech,Fresh Air,#A6E7FF,166,231,255,Calm,Monsoon,133,1
6902,User6902,26.0,,Tablet,,Sports,Copper rose,#996666,153,102,102,Happy,Summer,119,0
7962,User7962,58.0,,,Top,Fashion,Purple pizzazz,#FE4EDA,254,78,218,Sad,Winter,278,1
4619,User4619,,Female,Tablet,Top,Sports,Fawn,#E5AA70,229,170,112,Calm,Spring,206,0
2733,User2733,,,Tablet,Bottom,Fashion,Almond,#EFDECD,239,222,205,Happy,Summer,121,1
2804,User2804,,,,Bottom,Fashion,Mexican pink,#E4007C,228,0,124,Sad,Winter,39,1
7450,User7450,,,Desktop,Side,Home_Decor,Tart Orange,#FB4D46,251,77,70,Sad,Monsoon,110,1
978,User978,44.0,,Desktop,Bottom,Tech,Daffodil,#FFFF31,255,255,49,Happy,Spring,253,0
1077,User1077,,Non-Binary,Desktop,,Tech,French puce,#4E1609,78,22,9,Sad,Spring,156,1
6053,User6053,23.0,,Desktop,Bottom,Food,Lavender gray,#C4C3D0,196,195,208,Happy,Summer,145,0
6989,User6989,28.0,,,Bottom,Sports,French blue,#0072BB,0,114,187,Angry,Spring,299,1
3114,User3114,50.0,,Tablet,Side,Home_Decor,Champagne,#F7E7CE,247,231,206,Angry,Winter,166,0
4228,User4228,,,Desktop,,Tech,Medium jungle green,#1C352D,28,53,45,Sad,Autumn,151,1
453,User453,,Female,Tablet,Top,Food,Dark liver (horses),#543D37,84,61,55,Sad,Monsoon,260,1
6215,User6215,,Female,,,Home_Decor,Vivid mulberry,#B80CE3,184,12,227,Happy,Summer,95,0
1706,User1706,,,Tablet,Bottom,Fashion,Aero,#7CB9E8,124,185,232,Sad,Autumn,222,1
9075,User9075,36.0,,Mobile,Top,Tech,Rich brilliant lavender,#F1A7FE,241,167,254,Neutral,Autumn,143,1
9504,User9504,,Male,Tablet,Top,Sports,Spanish viridian,#007F5C,0,127,92,Angry,Summer,181,1
5122,User5122,64.0,Female,Mobile,,Home_Decor,Harvest gold,#DA9100,218,145,0,Sad,Winter,295,0
393,User393,40.0,,Desktop,,Food,Gray (X11 gray),#BEBEBE,190,190,190,Sad,Monsoon,80,1
4504,User4504,,,Mobile,Top,Sports,Vivid yellow,#FFE302,255,227,2,Calm,Summer,61,0
8008,User8008,,Male,Tablet,,Fashion,Light coral,#F08080,240,128,128,Sad,Autumn,32,0
7962,User7962,58.0,,Tablet,Top,Sports,Tuscan red,#7C4848,124,72,72,Neutral,Autumn,154,1
9967,User9967,,,Mobile,Side,Food,Dark terra cotta,#CC4E5C,204,78,92,Angry,Summer,203,1
2934,User2934,26.0,Non-Binary,Desktop,Top,Fashion,Dark vanilla,#D1BEA8,209,190,168,Calm,Autumn,168,1
1071,User1071,61.0,Female,Mobile,Side,Food,Avocado,#568203,86,130,3,Happy,Summer,186,0
224,User224,,Male,,Bottom,Tech,Paradise pink,#E63E62,230,62,98,Happy,Summer,244,0
8311,User8311,58.0,Non-Binary,Desktop,,Food,Cyan cornflower blue,#188BC2,24,139,194,Angry,Monsoon,246,0
4279,User4279,,,Mobile,Bottom,Sports,Khaki (X11) (Light khaki),#F0E68C,240,230,140,Happy,Summer,70,0
8965,User8965,25.0,Female,Mobile,Bottom,Tech,Wine dregs,#673147,103,49,71,Neutral,Autumn,175,1
1148,User1148,25.0,,Mobile,Bottom,Tech,Italian sky blue,#B2FFFF,178,255,255,Sad,Spring,137,1
7466,User7466,47.0,,Mobile,Bottom,Home_Decor,Maximum Blue Green,#30BFBF,48,191,191,Angry,Monsoon,85,1
24,User24,,,Tablet,Side,Sports,Spanish red,#E60026,230,0,38,Calm,Autumn,169,1
5425,User5425,,,Mobile,Side,Sports,French blue,#0072BB,0,114,187,Sad,Autumn,67,1
6267,User6267,62.0,Non-Binary,Tablet,Top,Fashion,Royal blue,#4169E1,65,105,225,Happy,Monsoon,55,0
5377,User5377,,,,Bottom,Food,Tiger's eye,#E08D3C,224,141,60,Happy,Monsoon,76,0
7601,User7601,,,,Side,Food,Deep moss green,#355E3B,53,94,59,Calm,Autumn,47,0
4848,User4848,,,Desktop,Bottom,Sports,Cyber grape,#58427C,88,66,124,Neutral,Spring,220,1
3601,User3601,,Non-Binary,,Bottom,Food,Salmon pink,#FF91A4,255,145,164,Calm,Winter,195,1
369,User369,,Female,,Top,Sports,Dark pastel green,#03C03C,3,192,60,Angry,Autumn,162,0
1908,User1908,26.0,Male,Mobile,Bottom,Tech,Pastel magenta,#F49AC2,244,154,194,Calm,Monsoon,94,1
8041,User8041,,,Mobile,,Food,Pearl Aqua,#88D8C0,136,216,192,Happy,Summer,108,1
3325,User3325,,Male,Mobile,,Food,Burgundy,#800020,128,0,32,Neutral,Summer,55,1
6129,User6129,36.0,Male,,Bottom,Sports,Yankees blue,#1C2841,28,40,65,Neutral,Monsoon,258,1
9149,User9149,24.0,,,,Sports,Light coral,#F08080,240,128,128,Calm,Monsoon,111,1
5860,User5860,,,,,Fashion,Peach-yellow,#FADFAD,250,223,173,Angry,Winter,298,1
6490,User6490,36.0,Non-Binary,Desktop,Bottom,Food,Ogre Odor,#FD5240,253,82,64,Happy,Monsoon,240,0
2125,User2125,,Female,Tablet,Top,Home_Decor,Brick red,#CB4154,203,65,84,Sad,Summer,109,1
5419,User5419,,Male,,Top,Sports,Zinnwaldite brown,#2C1608,44,22,8,Neutral,Spring,259,1
998,User998,,,Tablet,Top,Home_Decor,Light cobalt blue,#88ACE0,136,172,224,Calm,Monsoon,24,1
2156,User2156,46.0,,Tablet,,Tech,Copper (Crayola),#DA8A67,218,138,103,Angry,Winter,76,1
7674,User7674,,Female,Tablet,,Tech,Pale magenta-pink,#FF99CC,255,153,204,Angry,Spring,121,1
981,User981,57.0,Non-Binary,Tablet,Bottom,Home_Decor,French mauve,#D473D4,212,115,212,Happy,Winter,134,0
8949,User8949,26.0,,Mobile,Side,Tech,Princess Perfume,#FF85CF,255,133,207,Neutral,Spring,124,1
3803,User3803,,Female,Mobile,Top,Home_Decor,Wild Strawberry,#FF43A4,255,67,164,Happy,Monsoon,217,1
2297,User2297,57.0,Male,Tablet,Side,Fashion,Harvest gold,#DA9100,218,145,0,Sad,Summer,233,1
8883,User8883,,Female,Mobile,Bottom,Fashion,Titanium yellow,#EEE600,238,230,0,Sad,Spring,187,1
8486,User8486,62.0,Male,Mobile,Top,Tech,Deep ruby,#843F5B,132,63,91,Sad,Autumn,138,0
3150,User3150,,Male,Desktop,,Home_Decor,Air superiority blue,#72A0C1,114,160,193,Angry,Winter,235,0
1931,User1931,,Female,,Bottom,Home_Decor,Glitter,#E6E8FA,230,232,250,Neutral,Spring,250,1
8937,User8937,57.0,Male,Tablet,Side,Home_Decor,Gray-blue,#8C92AC,140,146,172,Happy,Winter,256,1
1869,User1869,51.0,,Tablet,Side,Tech,Palatinate purple,#682860,104,40,96,Happy,Summer,229,0
5921,User5921,,,Desktop,Side,Home_Decor,Sea green,#2E8B57,46,139,87,Sad,Winter,161,1
5198,User5198,47.0,Male,Desktop,Bottom,Sports,Lava,#CF1020,207,16,32,Neutral,Winter,123,1
1152,User1152,27.0,,Mobile,Top,Home_Decor,Carmine red,#FF0038,255,0,56,Neutral,Autumn,98,0
4884,User4884,23.0,,,Top,Sports,Mindaro,#E3F988,227,249,136,Calm,Winter,232,0
5818,User5818,,,Tablet,Top,Fashion,Bleu de France,#318CE7,49,140,231,Neutral,Spring,190,1
6296,User6296,,,Desktop,,Sports,Black bean,#3D0C02,61,12,2,Neutral,Winter,189,1
8259,User8259,,,,Bottom,Fashion,Sepia,#704214,112,66,20,Happy,Monsoon,284,0
3352,User3352,,Female,Desktop,,Tech,Brilliant lavender,#F4BBFF,244,187,255,Neutral,Winter,234,1
1225,User1225,,,Tablet,,Fashion,Fashion fuchsia,#F400A1,244,0,161,Neutral,Monsoon,269,1
3801,User3801,26.0,Non-Binary,Desktop,Side,Fashion,Beige,#F5F5DC,245,245,220,Happy,Winter,162,1
9789,User9789,36.0,,Tablet,,Home_Decor,Turquoise green,#A0D6B4,160,214,180,Neutral,Winter,81,1
3333,User3333,30.0,Male,Tablet,Top,Food,Wintergreen Dream,#56887D,86,136,125,Happy,Spring,86,1
6695,User6695,62.0,,,Bottom,Fashion,Cal Poly Pomona green,#1E4D2B,30,77,43,Calm,Monsoon,185,0
8957,User8957,,Female,Mobile,Top,Sports,Café noir,#4B3621,75,54,33,Angry,Monsoon,200,1
5579,User5579,,Non-Binary,Mobile,Side,Tech,Pastel pink,#DEA5A4,222,165,164,Happy,Autumn,64,1
8850,User8850,49.0,,Mobile,Top,Sports,Dark sea green,#8FBC8F,143,188,143,Happy,Winter,155,0
5639,User5639,33.0,,Tablet,Top,Tech,French sky blue,#77B5FE,119,181,254,Neutral,Winter,65,0
1691,User1691,45.0,Male,Desktop,,Sports,Purple mountain majesty,#9678B6,150,120,182,Happy,Spring,139,0
8081,User8081,38.0,,Tablet,Bottom,Fashion,North Texas Green,#059033,5,144,51,Sad,Autumn,43,1
2646,User2646,,,,,Food,Licorice,#1A1110,26,17,16,Sad,Autumn,257,0
9499,User9499,,Female,Mobile,Bottom,Fashion,Turquoise blue,#00FFEF,0,255,239,Calm,Spring,110,1
6727,User6727,51.0,Non-Binary,Desktop,Bottom,Home_Decor,Periwinkle,#CCCCFF,204,204,255,Happy,Monsoon,237,0
6163,User6163,49.0,,,Side,Sports,Deep green-cyan turquoise,#0E7C61,14,124,97,Neutral,Summer,174,0
9049,User9049,,Female,,Side,Food,Ultramarine blue,#4166F5,65,102,245,Neutral,Spring,221,0
868,User868,62.0,,,,Sports,Alabaster,#F2F0E6,242,240,230,Angry,Monsoon,18,0
7151,User7151,,Non-Binary,Tablet,Side,Home_Decor,Middle Red Purple,#210837,33,8,55,Calm,Autumn,20,1
4981,User4981,,Male,Tablet,Bottom,Home_Decor,Yellow (Pantone),#FEDF00,254,223,0,Neutral,Spring,223,1
2428,User2428,33.0,,,,Home_Decor,Wild Strawberry,#FF43A4,255,67,164,Angry,Summer,173,1
1706,User1706,,,Tablet,Bottom,Fashion,Macaroni and Cheese,#FFBD88,255,189,136,Neutral,Winter,18,1
5564,User5564,,,Desktop,,Fashion,Indian yellow,#E3A857,227,168,87,Angry,Spring,247,0
4621,User4621,20.0,,Desktop,Top,Food,Bright lilac,#D891EF,216,145,239,Sad,Summer,12,1
4179,User4179,61.0,Male,Mobile,Side,Home_Decor,Lavender mist,#E6E6FA,230,230,250,Sad,Summer,287,0
5878,User5878,,,,,Fashion,Lawn green,#7CFC00,124,252,0,Neutral,Spring,115,1
9807,User9807,35.0,Non-Binary,Tablet,,Tech,Dark spring green,#177245,23,114,69,Calm,Monsoon,44,1
5505,User5505,,,Mobile,Top,Tech,Red Salsa,#FD3A4A,253,58,74,Happy,Spring,72,0
8753,User8753,,Non-Binary,Tablet,,Fashion,Electric purple,#BF00FF,191,0,255,Calm,Autumn,127,1
3144,User3144,24.0,,,,Food,Light grayish magenta,#CC99CC,204,153,204,Calm,Summer,170,1
5579,User5579,,,Mobile,Side,Sports,Medium purple,#9370DB,147,112,219,Happy,Summer,207,1
5194,User5194,53.0,Male,Mobile,Top,Home_Decor,St. Patrick's blue,#23297A,35,41,122,Sad,Winter,132,1
6287,User6287,40.0,Female,Tablet,Bottom,Fashion,Cyber grape,#58427C,88,66,124,Sad,Summer,156,1
9412,User9412,34.0,,Mobile,Bottom,Food,Mango Tango,#FF8243,255,130,67,Happy,Winter,150,1
9532,User9532,28.0,Female,Desktop,,Sports,Bole,#79443B,121,68,59,Angry,Summer,53,0
7466,User7466,47.0,,Mobile,Bottom,Food,Paolo Veronese green,#009B7D,0,155,125,Calm,Summer,7,1
8726,User8726,62.0,Female,,Side,Sports,Mauve taupe,#915F6D,145,95,109,Neutral,Spring,255,1
389,User389,31.0,Non-Binary,,Top,Tech,Spanish sky blue,#00FFFF,0,255,255,Sad,Spring,81,1
72,User72,24.0,Female,,Bottom,Sports,Spanish bistre,#807532,128,117,50,Neutral,Autumn,224,0
4364,User4364,62.0,,Mobile,Top,Tech,Dark sky blue,#8CBED6,140,190,214,Happy,Monsoon,232,0
3002,User3002,52.0,Male,Mobile,Bottom,Home_Decor,Raspberry pink,#E25098,226,80,152,Neutral,Autumn,122,0
3336,User3336,26.0,Non-Binary,,,Fashion,Bluebonnet,#1C1CF0,28,28,240,Neutral,Summer,271,1
3325,User3325,,Male,,,Tech,Silver pink,#C4AEAD,196,174,173,Calm,Autumn,239,1
6504,User6504,44.0,,,,Food,Burgundy,#800020,128,0,32,Happy,Spring,172,0
2428,User2428,,,Tablet,,Sports,Yellow (process),#FFEF00,255,239,0,Neutral,Summer,264,1
42,User42,,Female,Desktop,Top,Food,Dark powder blue,#003399,0,51,153,Sad,Summer,197,0
4086,User4086,,Female,Desktop,Top,Tech,Seal brown,#59260B,50,20,20,Happy,Autumn,188,1
6811,User6811,24.0,Male,,Bottom,Food,Blue-gray,#6699CC,102,153,204,Sad,Winter,14,1
5338,User5338,,,Mobile,Top,Sports,Vegas gold,#C5B358,197,179,88,Angry,Monsoon,145,1
6487,User6487,19.0,,Tablet,Side,Fashion,Deep magenta,#CC00CC,204,0,204,Neutral,Autumn,26,1
1692,User1692,49.0,Non-Binary,Desktop,Top,Food,Royal blue,#002366,0,35,102,Happy,Autumn,197,0
3236,User3236,56.0,Female,,Bottom,Home_Decor,Melon,#FDBCB4,253,188,180,Sad,Monsoon,96,1
6781,User6781,42.0,,Mobile,,Sports,Medium blue,#0000CD,0,0,205,Neutral,Summer,101,0
6167,User6167,20.0,Male,,Side,Sports,Wisteria,#C9A0DC,201,160,220,Calm,Summer,145,1
250,User250,,Non-Binary,Mobile,Bottom,Home_Decor,Lime (web) (X11 green),#00FF00,0,255,0,Sad,Winter,261,1
7930,User7930,35.0,Female,Mobile,Bottom,Tech,Orioles orange,#FB4F14,251,79,20,Sad,Autumn,42,0
9579,User9579,,Female,Mobile,Top,Home_Decor,Purple Plum,#9C51B6,156,81,182,Angry,Monsoon,251,0
1320,User1320,42.0,,Mobile,Bottom,Tech,Liver (organ),#6C2E1F,108,46,31,Calm,Autumn,260,0
5818,User5818,,,,Top,Fashion,Blue (NCS),#0087BD,0,135,189,Angry,Spring,89,1
1729,User1729,26.0,Female,Mobile,Top,Tech,La Salle Green,#087830,8,120,48,Calm,Autumn,41,1
9296,User9296,,Non-Binary,,Top,Fashion,Dark brown-tangelo,#88654E,136,101,78,Sad,Autumn,189,0
1935,User1935,30.0,Female,Desktop,Bottom,Fashion,Electric lime,#CCFF00,204,255,0,Angry,Spring,102,1
998,User998,,,Tablet,Top,Home_Decor,Sunburnt Cyclops,#FF404C,255,64,76,Neutral,Spring,34,1
404,User404,59.0,Male,,,Fashion,Maximum Purple,#733380,115,51,128,Calm,Monsoon,195,0
1264,User1264,,Non-Binary,,Bottom,Tech,Celadon green,#2F847C,47,132,124,Sad,Summer,283,0
9703,User9703,,Non-Binary,Desktop,Top,Food,Dark spring green,#177245,23,114,69,Happy,Winter,205,0
6237,User6237,,Non-Binary,Mobile,,Sports,Burgundy,#800020,128,0,32,Calm,Spring,193,1
9070,User9070,,Non-Binary,,,Sports,International Klein Blue,#002FA7,0,47,167,Calm,Summer,262,1
813,User813,,,Tablet,Top,Tech,Electric ultramarine,#3F00FF,63,0,255,Neutral,Monsoon,159,1
9675,User9675,21.0,,Desktop,Top,Food,Fuchsia (Crayola),#C154C1,193,84,193,Calm,Autumn,232,0
9234,User9234,20.0,Male,,Bottom,Fashion,Bright pink,#FF007F,255,0,127,Calm,Monsoon,9,1
9070,User9070,,Non-Binary,Tablet,Bottom,Tech,Nyanza,#E9FFDB,233,255,219,Neutral,Monsoon,133,1
5501,User5501,28.0,Non-Binary,Mobile,Bottom,Fashion,Pastel red,#FF6961,255,105,97,Neutral,Spring,78,1
5147,User5147,18.0,,,Top,Home_Decor,Bittersweet shimmer,#BF4F51,191,79,81,Angry,Winter,28,0
9753,User9753,46.0,Male,,Top,Food,Mindaro,#E3F988,227,249,136,Sad,Spring,283,1
3345,User3345,,Male,,Side,Sports,Light gray,#D3D3D3,211,211,211,Sad,Autumn,210,1
5569,User5569,,,Mobile,Bottom,Tech,Sunburnt Cyclops,#FF404C,255,64,76,Angry,Spring,150,1
2023,User2023,,Non-Binary,Desktop,Top,Sports,China rose,#A8516E,168,81,110,Sad,Autumn,93,1
3786,User3786,,,,,Fashion,International orange (aerospace),#FF4F00,255,79,0,Calm,Spring,26,0
9753,User9753,46.0,Male,Tablet,Top,Fashion,Tropical rain forest,#00755E,0,117,94,Angry,Winter,48,1
749,User749,,,Mobile,Top,Home_Decor,Blue yonder,#5072A7,80,114,167,Angry,Summer,41,1
250,User250,,,Mobile,,Fashion,Light apricot,#FDD5B1,253,213,177,Sad,Winter,11,1
6701,User6701,56.0,Non-Binary,,Top,Fashion,Plump Purple,#5946B2,89,70,178,Happy,Spring,284,0
8115,User8115,20.0,Female,Mobile,,Sports,Giants orange,#FE5A1D,254,90,29,Sad,Monsoon,173,1
3990,User3990,28.0,,Tablet,Side,Sports,Pale brown,#987654,152,118,84,Happy,Summer,74,1
9976,User9976,57.0,Male,Tablet,Top,Tech,Cyan cobalt blue,#28589C,40,88,156,Angry,Monsoon,217,0
1034,User1034,,,Desktop,Side,Tech,Fashion fuchsia,#F400A1,244,0,161,Happy,Winter,75,0
9146,User9146,,,Desktop,Top,Fashion,Meat brown,#E5B73B,229,183,59,Calm,Summer,211,1
6202,User6202,,Female,,Bottom,Food,Army green,#4B5320,75,83,32,Neutral,Spring,76,1
5053,User5053,61.0,,,Side,Tech,Carnelian,#B31B1B,179,27,27,Happy,Monsoon,184,1
8115,User8115,,Female,Mobile,Top,Fashion,Twilight lavender,#8A496B,138,73,107,Neutral,Spring,212,1
316,User316,42.0,,Desktop,Top,Sports,Rich lilac,#B666D2,182,102,210,Calm,Autumn,181,1
4543,User4543,23.0,Non-Binary,,Top,Home_Decor,Iguana Green,#71BC78,113,188,120,Neutral,Summer,199,0
5123,User5123,54.0,Non-Binary,Desktop,Top,Sports,Rufous,#A81C07,168,28,7,Calm,Monsoon,243,0
9227,User9227,,Non-Binary,,Side,Sports,Dark goldenrod,#B8860B,184,134,11,Neutral,Winter,158,1
1020,User1020,,,,Side,Home_Decor,Flattery,#6B4423,107,68,35,Neutral,Winter,158,1
6523,User6523,42.0,Female,,Top,Sports,Gargoyle Gas,#FFDF46,255,223,70,Sad,Winter,34,0
3740,User3740,,Non-Binary,Tablet,Side,Tech,UP Forest green,#014421,1,68,33,Happy,Winter,31,1
3846,User3846,38.0,,Tablet,Bottom,Sports,Wild watermelon,#FC6C85,252,108,133,Neutral,Monsoon,244,1
5418,User5418,34.0,Male,Mobile,Top,Home_Decor,Light gray,#D3D3D3,211,211,211,Angry,Autumn,247,1
8863,User8863,54.0,Non-Binary,Tablet,Side,Fashion,Dark blue,#00008B,0,0,139,Sad,Winter,136,0
4756,User4756,59.0,,,,Fashion,Patriarch,#800080,128,0,128,Happy,Winter,183,1
7346,User7346,54.0,,Mobile,Side,Fashion,Kiwi,#8EE53F,142,229,63,Sad,Winter,102,0
6094,User6094,,Non-Binary,,Top,Home_Decor,Paradise pink,#E63E62,230,62,98,Happy,Autumn,241,1
5005,User5005,,Male,,,Home_Decor,Cordovan,#893F45,137,63,69,Calm,Summer,142,1
1190,User1190,,,Tablet,Bottom,Tech,Caput mortuum,#592720,89,39,32,Neutral,Winter,122,1
315,User315,,,Desktop,Side,Home_Decor,Majorelle Blue,#6050DC,96,80,220,Angry,Winter,110,1
1190,User1190,,Non-Binary,,,Fashion,Otter brown,#654321,101,67,33,Sad,Winter,40,1
7878,User7878,60.0,,,Side,Home_Decor,Maximum Purple,#733380,115,51,128,Sad,Summer,50,1
4141,User4141,61.0,,Tablet,Top,Food,Jasmine,#F8DE7E,248,222,126,Sad,Winter,108,0
1020,User1020,,,Mobile,Side,Sports,Maize,#FBEC5D,251,236,93,Sad,Summer,74,1
9888,User9888,49.0,Male,,Top,Tech,Ebony,#555D50,85,93,80,Neutral,Summer,211,1
1741,User1741,45.0,,,Bottom,Fashion,Spanish crimson,#E51A4C,229,26,76,Happy,Spring,225,1
3225,User3225,23.0,,,Bottom,Fashion,Charcoal,#36454F,54,69,79,Neutral,Spring,93,1
1309,User1309,,,,Bottom,Food,Dolphin Gray,#828E84,130,142,132,Calm,Winter,7,0
6299,User6299,38.0,Non-Binary,Tablet,Top,Tech,Deep carrot orange,#E9692C,233,105,44,Neutral,Monsoon,235,0
2466,User2466,,,Desktop,Side,Sports,Pale goldenrod,#EEE8AA,238,232,170,Neutral,Spring,122,0
2732,User2732,,Non-Binary,Desktop,Top,Tech,Sea Foam Green,#9FE2BF,195,226,191,Calm,Spring,118,0
4086,User4086,,Female,Desktop,Top,Tech,Fandango pink,#DE5285,222,82,133,Neutral,Monsoon,206,1
6573,User6573,,Non-Binary,,Side,Fashion,Mikado yellow,#FFC40C,255,196,12,Happy,Autumn,34,1
4957,User4957,58.0,Male,Desktop,Bottom,Home_Decor,UCLA Blue,#536895,83,104,149,Angry,Winter,251,1
6486,User6486,52.0,,Tablet,Top,Sports,Dark moss green,#4A5D23,74,93,35,Calm,Autumn,85,0
7688,User7688,57.0,Male,Mobile,Top,Tech,Maximum Red Purple,#A63A79,166,58,121,Sad,Autumn,250,1
6324,User6324,,,Desktop,,Food,Pastel green,#77DD77,119,221,119,Happy,Summer,188,0
8862,User8862,,,Mobile,Side,Fashion,Illuminating Emerald,#319177,49,145,119,Angry,Summer,277,1
2913,User2913,,Non-Binary,Mobile,,Home_Decor,Sunray,#E3AB57,227,171,87,Happy,Winter,37,1
8957,User8957,,Female,Mobile,Top,Home_Decor,Cerulean frost,#6D9BC3,109,155,195,Happy,Monsoon,106,1
8207,User8207,20.0,,Tablet,Side,Fashion,USAFA blue,#004F98,0,79,152,Sad,Summer,281,0
2311,User2311,,,Desktop,Bottom,Tech,Green (Color Wheel) (X11 green),#00FF00,0,255,0,Angry,Spring,115,1
8649,User8649,,Non-Binary,Mobile,,Fashion,Shampoo,#FFCFF1,255,207,241,Happy,Winter,210,0
5418,User5418,34.0,Male,Mobile,Top,Home_Decor,Green-blue,#1164B4,17,100,180,Sad,Autumn,270,1
6620,User6620,52.0,Female,,Top,Home_Decor,Sandstorm,#ECD540,236,213,64,Calm,Winter,219,1
5732,User5732,,Non-Binary,Tablet,Bottom,Food,Charleston green,#232B2B,35,43,43,Sad,Summer,107,1
7574,User7574,35.0,Male,Desktop,Side,Food,Dark pastel blue,#779ECB,119,158,203,Neutral,Monsoon,299,0
9422,User9422,21.0,,Mobile,,Home_Decor,Liver (organ),#6C2E1F,108,46,31,Sad,Autumn,82,1
979,User979,,,Desktop,Top,Food,Mimi Pink,#FFDAE9,255,218,233,Sad,Monsoon,179,0
7450,User7450,,,Desktop,Side,Food,Cyan cornflower blue,#188BC2,24,139,194,Sad,Winter,56,1
7799,User7799,,,Mobile,,Food,Pullman Green,#3B331C,59,51,28,Happy,Monsoon,179,0
8459,User8459,38.0,Non-Binary,,,Home_Decor,Very light tangelo,#FFB077,255,176,119,Angry,Monsoon,203,1
2129,User2129,47.0,,,,Tech,Antique ruby,#841B2D,132,27,45,Sad,Winter,92,1
3189,User3189,32.0,Male,Mobile,,Tech,Forest green (web),#228B22,34,139,34,Sad,Autumn,175,0
3430,User3430,61.0,Male,,Side,Sports,Cadet,#536872,83,104,114,Neutral,Monsoon,41,1
301,User301,59.0,Male,Tablet,Side,Food,Mountain Meadow,#30BA8F,48,186,143,Neutral,Monsoon,127,1
3803,User3803,,Female,Mobile,Top,Tech,Cordovan,#893F45,137,63,69,Calm,Winter,205,1
5082,User5082,44.0,Female,Mobile,Top,Sports,Heart Gold,#808000,128,128,0,Calm,Spring,68,1
1650,User1650,,,Desktop,Bottom,Fashion,Red devil,#860111,134,1,17,Neutral,Monsoon,192,1
9892,User9892,51.0,,Tablet,Side,Food,Alabaster,#F2F0E6,242,240,230,Angry,Summer,219,1
9397,User9397,19.0,,Tablet,Top,Tech,Medium taupe,#674C47,103,76,71,Calm,Autumn,247,1
8166,User8166,39.0,Non-Binary,Tablet,Side,Tech,Green-cyan,#009966,0,153,102,Angry,Monsoon,154,0
5955,User5955,59.0,,Tablet,,Tech,Neon green,#39FF14,57,255,20,Neutral,Winter,128,1
9842,User9842,43.0,Non-Binary,Mobile,Top,Sports,Flirt,#A2006D,162,0,109,Calm,Summer,202,1
400,User400,52.0,Non-Binary,Tablet,Side,Fashion,Sunny,#F2F27A,242,242,122,Sad,Winter,40,1
3574,User3574,,Female,,Top,Food,Bulgarian rose,#480607,72,6,7,Neutral,Monsoon,282,1
7266,User7266,,,,,Tech,Pink raspberry,#980036,152,0,54,Calm,Summer,39,1
4462,User4462,52.0,,Tablet,Bottom,Home_Decor,Pastel green,#77DD77,119,221,119,Angry,Autumn,117,1
2934,User2934,26.0,,Desktop,Top,Food,Steel Teal,#5F8A8B,95,138,139,Angry,Autumn,179,1
2044,User2044,31.0,,Mobile,Top,Home_Decor,Mimi Pink,#FFDAE9,255,218,233,Calm,Autumn,37,1
6627,User6627,,Non-Binary,,Bottom,Sports,Vanilla,#F3E5AB,243,229,171,Angry,Spring,217,1
1574,User1574,64.0,Male,Mobile,,Tech,Japanese carmine,#9D2933,157,41,51,Calm,Winter,207,0
6708,User6708,,,Desktop,Top,Food,Space cadet,#1D2951,29,41,81,Calm,Monsoon,258,1
6188,User6188,20.0,Male,Desktop,Bottom,Food,Granny Smith Apple,#A8E4A0,168,228,160,Angry,Summer,60,1
9992,User9992,,Male,Desktop,,Tech,Persian pink,#F77FBE,247,127,190,Happy,Winter,17,1
875,User875,,,Mobile,Side,Fashion,Spanish orange,#E86100,232,97,0,Sad,Monsoon,54,0
9485,User9485,,,Tablet,Side,Sports,Venetian red,#C80815,200,8,21,Neutral,Spring,252,0
2006,User2006,27.0,Non-Binary,Desktop,Bottom,Tech,Blue Bolt,#00B9FB,0,185,251,Sad,Monsoon,237,0
6202,User6202,,Female,Tablet,Bottom,Food,Spring bud,#A7FC00,167,252,0,Neutral,Winter,32,1
238,User238,55.0,,,Side,Fashion,Veronica,#A020F0,160,32,240,Neutral,Monsoon,108,0
8888,User8888,35.0,,Mobile,Top,Food,Ruddy,#FF0028,255,0,40,Sad,Summer,100,0
5308,User5308,,Non-Binary,Desktop,,Home_Decor,Rose pink,#FF66CC,255,102,204,Calm,Spring,197,1
6679,User6679,,Male,Tablet,Bottom,Food,Electric yellow,#FFFF33,255,255,51,Angry,Summer,129,1
8226,User8226,,Male,Tablet,,Sports,Cadmium red,#E30022,227,0,34,Happy,Spring,85,1
6581,User6581,33.0,,Mobile,Bottom,Tech,Grizzly,#885818,136,88,24,Happy,Spring,11,1
4314,User4314,39.0,,Tablet,,Food,Dark pastel red,#C23B22,194,59,34,Happy,Monsoon,87,0
2441,User2441,49.0,Male,Mobile,Top,Home_Decor,Mode beige,#967117,150,113,23,Sad,Summer,28,0
798,User798,30.0,Non-Binary,Mobile,,Home_Decor,Majorelle Blue,#6050DC,96,80,220,Sad,Spring,118,0
9888,User9888,,Male,Mobile,Top,Tech,Glaucous,#6082B6,96,130,182,Calm,Spring,19,1
7438,User7438,53.0,Non-Binary,Mobile,Side,Home_Decor,Begonia,#FA6E79,250,110,121,Happy,Monsoon,117,1
7971,User7971,,,,Top,Tech,Titanium yellow,#EEE600,238,230,0,Calm,Winter,254,1
8946,User8946,,,Desktop,,Sports,Kobe,#882D17,136,45,23,Happy,Winter,149,0
7670,User7670,54.0,Female,Tablet,Top,Tech,Cotton candy,#FFBCD9,255,188,217,Sad,Autumn,23,1
2044,User2044,31.0,,Mobile,Top,Fashion,Copper (Crayola),#DA8A67,218,138,103,Angry,Autumn,13,1
749,User749,,,Mobile,Top,Home_Decor,Ivory,#FFFFF0,255,255,240,Angry,Spring,189,1
2129,User2129,47.0,,Tablet,,Home_Decor,Snow,#FFFAFA,255,250,250,Angry,Winter,42,1
3075,User3075,33.0,Non-Binary,Tablet,,Food,Camouflage green,#78866B,120,134,107,Angry,Spring,215,0
9753,User9753,46.0,Male,Tablet,Top,Fashion,Blue-magenta violet,#553592,85,53,146,Neutral,Summer,138,1
9753,User9753,,,Tablet,Top,Food,Caribbean green,#00CC99,0,204,153,Happy,Winter,106,1
1704,User1704,,Female,Tablet,Bottom,Tech,Castleton green,#00563F,0,86,63,Angry,Winter,153,1
5921,User5921,,,,Side,Sports,Bangladesh green,#006A4E,0,106,78,Neutral,Winter,97,1
5431,User5431,,,Desktop,Side,Home_Decor,Raw Sienna,#D68A59,214,138,89,Neutral,Autumn,294,0
5267,User5267,48.0,Non-Binary,Mobile,Top,Sports,Steel blue,#4682B4,70,130,180,Neutral,Monsoon,144,0
3297,User3297,18.0,Female,Tablet,,Tech,Paris Green,#50C878,80,200,120,Calm,Monsoon,299,1
5420,User5420,39.0,Male,,Bottom,Tech,Teal,#008080,0,128,128,Calm,Autumn,266,1
1746,User1746,54.0,Male,,Top,Fashion,Deep violet,#330066,51,0,102,Neutral,Autumn,85,0
8140,User8140,49.0,,,,Food,Pale red-violet,#DB7093,219,112,147,Angry,Autumn,36,0
6462,User6462,36.0,,Tablet,Side,Home_Decor,Arylide yellow,#E9D66B,233,214,107,Happy,Monsoon,192,1
408,User408,,Non-Binary,,Top,Home_Decor,Granite Gray,#676767,103,103,103,Sad,Spring,140,0
707,User707,42.0,Female,Desktop,Top,Sports,Bisque,#FFE4C4,255,228,196,Calm,Autumn,170,0
3421,User3421,,Non-Binary,Tablet,Top,Fashion,Outer Space,#414A4C,65,74,76,Angry,Spring,151,0
6246,User6246,27.0,Male,Mobile,Side,Tech,Yellow rose,#FFF000,255,240,0,Angry,Spring,249,0
3042,User3042,,,,Side,Fashion,Magenta haze,#9F4576,159,69,118,Sad,Summer,187,1
7211,User7211,36.0,Female,Tablet,Bottom,Home_Decor,Maximum Red,#D92121,217,33,33,Sad,Monsoon,13,0
1242,User1242,,Non-Binary,Tablet,Top,Food,Mint green,#98FF98,152,255,152,Angry,Spring,160,0
8373,User8373,29.0,Male,Desktop,Side,Sports,Medium Tuscan red,#79443B,121,68,59,Sad,Monsoon,180,1
7157,User7157,,Female,Mobile,Side,Tech,Polished Pine,#5DA493,93,164,147,Angry,Monsoon,118,0
5890,User5890,56.0,Female,Mobile,Bottom,Tech,Phlox,#DF00FF,223,0,255,Sad,Summer,247,1
6234,User6234,26.0,,Desktop,Bottom,Tech,Periwinkle,#CCCCFF,204,204,255,Sad,Monsoon,171,0
2172,User2172,,,Mobile,Top,Food,Rich lavender,#A76BCF,167,107,207,Angry,Spring,227,0
9075,User9075,,,Mobile,,Home_Decor,Ube,#8878C3,136,120,195,Neutral,Winter,195,1
3144,User3144,24.0,Male,Desktop,Side,Home_Decor,Deep aquamarine,#40826D,64,130,109,Angry,Spring,279,1
9057,User9057,38.0,,Desktop,Side,Fashion,Catalina blue,#062A78,6,42,120,Happy,Spring,293,1
6153,User6153,,,Mobile,,Fashion,Dark byzantium,#5D3954,93,57,84,Sad,Monsoon,68,1
6462,User6462,,,Tablet,Side,Home_Decor,Earth yellow,#E1A95F,225,169,95,Calm,Spring,286,1
3144,User3144,24.0,Male,Desktop,Side,Tech,Roman silver,#838996,131,137,150,Sad,Winter,177,1
6669,User6669,38.0,Female,Mobile,Side,Food,Heliotrope gray,#AA98A9,170,152,168,Happy,Monsoon,261,1
2142,User2142,34.0,Non-Binary,Desktop,Top,Home_Decor,Weldon Blue,#7C98AB,124,152,171,Calm,Autumn,207,1
2156,User2156,46.0,Female,Tablet,,Food,Liver,#674C47,103,76,71,Calm,Spring,81,1
9419,User9419,64.0,,Mobile,Side,Sports,Medium orchid,#BA55D3,186,85,211,Angry,Spring,107,1
5878,User5878,,,,Bottom,Tech,Persian blue,#1C39BB,28,57,187,Neutral,Summer,230,1
9422,User9422,21.0,,Mobile,Side,Sports,Spanish pink,#F7BFBE,247,191,190,Angry,Autumn,230,1
4945,User4945,31.0,Male,,Top,Home_Decor,Spiro Disco Ball,#0FC0FC,15,192,252,Calm,Autumn,231,1
8282,User8282,28.0,,Tablet,Bottom,Fashion,French plum,#811453,129,20,83,Calm,Winter,100,0
7506,User7506,,,Tablet,Bottom,Home_Decor,Fiery Rose,#FF5470,255,84,112,Neutral,Autumn,80,0
1090,User1090,,,Mobile,,Sports,Tulip,#FF878D,255,135,141,Sad,Summer,37,0
1171,User1171,,,,,Food,Sandstorm,#ECD540,236,213,64,Neutral,Winter,86,1
1370,User1370,52.0,,Desktop,Bottom,Home_Decor,Peach-yellow,#FADFAD,250,223,173,Angry,Autumn,73,1
7065,User7065,57.0,,,Side,Fashion,Dark pastel red,#C23B22,194,59,34,Sad,Winter,223,1
2309,User2309,22.0,,Tablet,Bottom,Sports,Pale copper,#DA8A67,218,138,103,Angry,Autumn,124,1
1693,User1693,,Male,Tablet,Side,Home_Decor,Harvard crimson,#C90016,201,0,22,Neutral,Autumn,52,0
9990,User9990,25.0,Male,,Side,Sports,Violet (color wheel),#7F00FF,127,0,255,Sad,Autumn,72,1
6597,User6597,,,Tablet,,Sports,Desert sand,#EDC9AF,237,201,175,Neutral,Spring,89,0
9572,User9572,38.0,,Mobile,Bottom,Tech,French pink,#FD6C9E,253,108,158,Happy,Autumn,280,1
6248,User6248,48.0,,Mobile,Top,Food,Royal azure,#0038A8,0,56,168,Calm,Spring,260,1
7099,User7099,22.0,Female,Mobile,Top,Tech,Lavender (web),#E6E6FA,230,230,250,Sad,Monsoon,209,1
6449,User6449,42.0,,Desktop,Top,Sports,University of California Gold,#B78727,183,135,39,Calm,Summer,237,1
1704,User1704,61.0,Female,Tablet,,Fashion,Violet-red,#F75394,247,83,148,Happy,Winter,69,1
2474,User2474,,Male,Desktop,Top,Fashion,Green (NCS),#009F6B,0,159,107,Sad,Winter,83,0
188,User188,,,Tablet,Bottom,Tech,Fuchsia purple,#CC397B,204,57,123,Calm,Monsoon,18,1
5955,User5955,59.0,,Tablet,Side,Fashion,Taupe gray,#8B8589,139,133,137,Calm,Autumn,173,1
670,User670,,,Desktop,Top,Sports,Blueberry,#4F86F7,79,134,247,Sad,Summer,163,1
8768,User8768,21.0,,Mobile,Top,Home_Decor,Safety orange,#FF7800,255,120,0,Calm,Monsoon,120,0
3345,User3345,39.0,,Desktop,,Sports,Tea rose,#F88379,248,131,121,Calm,Monsoon,196,1
6268,User6268,,,Desktop,Top,Home_Decor,Dark terra cotta,#CC4E5C,204,78,92,Sad,Winter,187,1
4520,User4520,,,Tablet,Bottom,Fashion,British racing green,#004225,0,66,37,Calm,Spring,235,0
6811,User6811,,Male,Mobile,Bottom,Food,Phlox,#DF00FF,223,0,255,Calm,Spring,172,1
7,User7,,Female,Tablet,Bottom,Food,Spring Frost,#87FF2A,135,255,42,Angry,Autumn,19,1
5231,User5231,,Female,Desktop,,Sports,Harlequin,#3FFF00,63,255,0,Angry,Autumn,197,0
2891,User2891,18.0,Female,,,Sports,Jelly Bean,#DA614E,218,97,78,Happy,Monsoon,237,0
1146,User1146,,Female,Mobile,Side,Fashion,Pale lavender,#DCD0FF,220,208,255,Angry,Autumn,267,0
1741,User1741,45.0,,Mobile,Bottom,Food,Slimy Green,#299617,41,150,23,Angry,Spring,58,1
7313,User7313,,Non-Binary,Mobile,Side,Food,Bone,#E3DAC9,227,218,201,Happy,Summer,184,1
5042,User5042,32.0,Male,Desktop,Side,Sports,Peridot,#E6E200,230,226,0,Calm,Winter,8,0
3654,User3654,40.0,,Tablet,Top,Food,Silver sand,#BFC1C2,191,193,194,Calm,Spring,261,0
9290,User9290,61.0,,Desktop,Bottom,Sports,Scarlet,#FD0E35,253,14,53,Angry,Autumn,244,1
9758,User9758,,,Mobile,,Tech,Avocado,#568203,86,130,3,Happy,Winter,167,0
9363,User9363,,,Tablet,,Food,Amaranth purple,#AB274F,171,39,79,Calm,Winter,142,0
7099,User7099,22.0,Female,Mobile,Top,Home_Decor,Medium taupe,#674C47,103,76,71,Neutral,Monsoon,233,1
3333,User3333,30.0,Male,Tablet,,Fashion,Celadon,#ACE1AF,172,225,175,Sad,Autumn,106,1
5574,User5574,,Female,Desktop,Bottom,Sports,Islamic green,#009000,0,144,0,Sad,Monsoon,197,1
7045,User7045,50.0,,Desktop,Side,Food,French plum,#811453,129,20,83,Sad,Winter,34,0
2946,User2946,37.0,Female,Desktop,Bottom,Food,Dark electric blue,#536878,83,104,120,Angry,Monsoon,299,1
6434,User6434,36.0,Male,Mobile,Top,Sports,Titanium yellow,#EEE600,238,230,0,Sad,Autumn,251,0
2023,User2023,19.0,Non-Binary,Desktop,,Home_Decor,Spanish carmine,#D10047,209,0,71,Sad,Spring,225,1
6143,User6143,29.0,Non-Binary,,Bottom,Food,Ebony,#555D50,85,93,80,Neutral,Summer,176,1
5686,User5686,35.0,Male,Tablet,Bottom,Tech,Chartreuse (traditional),#DFFF00,223,255,0,Calm,Spring,164,0
7878,User7878,60.0,,Tablet,Side,Fashion,Chartreuse (traditional),#DFFF00,223,255,0,Neutral,Winter,176,1
5979,User5979,54.0,Male,Desktop,Bottom,Sports,Bright lavender,#BF94E4,191,148,228,Angry,Spring,67,0
9431,User9431,,Male,Mobile,Top,Food,Misty Moss,#BBB477,187,180,119,Sad,Monsoon,65,1
3129,User3129,,,Mobile,Side,Fashion,Electric purple,#BF00FF,191,0,255,Calm,Autumn,69,0
9227,User9227,,,Mobile,,Sports,Sapphire blue,#0067A5,0,103,165,Sad,Spring,173,1
5005,User5005,49.0,,Desktop,Top,Sports,Debian red,#D70A53,215,10,83,Sad,Spring,85,1
10000,User10000,33.0,Female,Desktop,Bottom,Sports,Pakistan green,#006600,0,102,0,Angry,Autumn,251,0
3740,User3740,,Non-Binary,Tablet,Side,Home_Decor,Medium jungle green,#1C352D,28,53,45,Sad,Monsoon,272,1
4889,User4889,,,,Bottom,Tech,Deep Red,#850101,133,1,1,Happy,Summer,262,1
5261,User5261,,Non-Binary,Desktop,Bottom,Sports,Jelly Bean,#DA614E,218,97,78,Calm,Spring,77,0
448,User448,18.0,,Desktop,Side,Home_Decor,Cherry blossom pink,#FFB7C5,255,183,197,Calm,Winter,192,0
9789,User9789,36.0,,,,Sports,Cerise,#DE3163,222,49,99,Happy,Monsoon,29,1
3044,User3044,34.0,Male,Desktop,,Sports,Amaranth deep purple,#9F2B68,159,43,104,Angry,Monsoon,232,1
9747,User9747,,Non-Binary,Mobile,Top,Home_Decor,Dark sea green,#8FBC8F,143,188,143,Sad,Spring,122,0
4558,User4558,31.0,Non-Binary,Tablet,Bottom,Tech,Harlequin green,#46CB18,70,203,24,Sad,Autumn,112,0
6863,User6863,51.0,,Desktop,Side,Fashion,Majorelle Blue,#6050DC,96,80,220,Calm,Spring,246,1
3915,User3915,,Female,Desktop,Side,Food,Spanish bistre,#807532,128,117,50,Angry,Spring,103,1
7422,User7422,20.0,Female,Desktop,Top,Sports,Fern green,#4F7942,79,121,66,Angry,Autumn,26,1
9234,User9234,20.0,,Desktop,Bottom,Tech,Very pale yellow,#FFFFBF,255,255,191,Angry,Winter,60,1
6943,User6943,,,Desktop,Bottom,Food,Royal purple,#7851A9,120,81,169,Sad,Autumn,153,0
1938,User1938,27.0,Male,Mobile,Bottom,Sports,Duke blue,#00009C,0,0,156,Angry,Spring,44,0
2695,User2695,29.0,,Tablet,Top,Food,Napier green,#2A8000,42,128,0,Happy,Summer,154,0
6690,User6690,42.0,Male,Mobile,Top,Home_Decor,Blue (Munsell),#0093AF,0,147,175,Neutral,Autumn,125,0
9894,User9894,,,Mobile,Top,Tech,CG Red,#E03C31,224,60,49,Angry,Winter,264,1
6553,User6553,,,Desktop,Bottom,Tech,KSU Purple,#512888,79,38,131,Neutral,Autumn,30,1
5303,User5303,53.0,Male,Mobile,,Fashion,Cadmium orange,#ED872D,237,135,45,Sad,Autumn,116,0
3042,User3042,,,Mobile,Side,Fashion,Amazonite,#00C4B0,0,196,176,Angry,Monsoon,27,1
5084,User5084,,Non-Binary,Tablet,Side,Food,Burgundy,#800020,128,0,32,Calm,Monsoon,173,1
6654,User6654,33.0,,Desktop,Top,Home_Decor,Chestnut,#954535,149,69,53,Sad,Spring,268,1
5766,User5766,63.0,Male,Desktop,Side,Food,Magenta,#FF00FF,255,0,255,Happy,Spring,120,1
9992,User9992,,Male,,Side,Sports,Cinnamon[citation needed],#D2691E,210,105,30,Happy,Autumn,235,1
2311,User2311,,,Desktop,Bottom,Tech,Amaranth red,#D3212D,211,33,45,Neutral,Summer,193,1
1305,User1305,,Female,Tablet,Top,Food,International orange (aerospace),#FF4F00,255,79,0,Neutral,Spring,261,1
9419,User9419,,,Mobile,,Food,Quartz,#51484F,81,72,79,Calm,Autumn,124,1
3381,User3381,47.0,Male,Tablet,Top,Tech,Brunswick green,#1B4D3E,27,77,62,Calm,Autumn,290,0
7100,User7100,,,,Top,Tech,Sugar Plum,#914E75,145,78,117,Happy,Autumn,277,0
8226,User8226,,,Tablet,Top,Fashion,Electric lime,#CCFF00,204,255,0,Angry,Autumn,156,1
5198,User5198,47.0,,Desktop,Bottom,Fashion,Lavender blue,#CCCCFF,204,204,255,Happy,Autumn,90,1
6980,User6980,,,,Bottom,Tech,Deep Taupe,#7E5E60,126,94,96,Happy,Monsoon,250,1
3352,User3352,,Female,,Side,Food,Old lavender,#796878,121,104,120,Calm,Winter,297,1
4350,User4350,40.0,,Mobile,,Sports,Pink Sherbet,#F78FA7,247,143,167,Neutral,Winter,166,0
5205,User5205,53.0,Non-Binary,Desktop,Top,Food,Terra cotta,#E2725B,226,114,91,Calm,Autumn,104,0
4462,User4462,52.0,,Tablet,Bottom,Sports,Begonia,#FA6E79,250,110,121,Calm,Spring,189,1
3601,User3601,,Non-Binary,,Bottom,Tech,Gold (metallic),#D4AF37,212,175,55,Calm,Summer,280,1
8326,User8326,23.0,Female,,Bottom,Sports,Italian sky blue,#B2FFFF,178,255,255,Happy,Autumn,21,1
5574,User5574,52.0,Female,Desktop,,Fashion,Middle Red Purple,#A55353,0,83,83,Angry,Summer,264,1
3333,User3333,30.0,Male,,,Tech,Blue (Pantone),#0018A8,0,24,168,Happy,Monsoon,249,1
9663,User9663,43.0,,Desktop,Side,Home_Decor,Silver sand,#BFC1C2,191,193,194,Sad,Winter,54,0
6401,User6401,45.0,Female,Mobile,Side,Sports,Green-yellow,#ADFF2F,173,255,47,Calm,Monsoon,276,1
8561,User8561,52.0,Male,Mobile,Bottom,Sports,Cornsilk,#FFF8DC,255,248,220,Calm,Spring,239,1
5756,User5756,,Non-Binary,Tablet,Top,Home_Decor,English vermillion,#CC474B,204,71,75,Sad,Spring,76,1
4548,User4548,,Male,Desktop,Side,Home_Decor,Sky magenta,#CF71AF,207,113,175,Calm,Autumn,48,1
7229,User7229,43.0,,Mobile,Top,Tech,Lavender (web),#E6E6FA,230,230,250,Calm,Spring,84,1
3062,User3062,34.0,,Desktop,Bottom,Food,Turquoise,#40E0D0,64,224,208,Calm,Spring,290,1
9278,User9278,55.0,,,Top,Home_Decor,Crimson red,#990000,153,0,0,Sad,Monsoon,53,0
1729,User1729,26.0,Female,Mobile,Top,Sports,Orange-yellow,#F8D568,248,213,104,Happy,Summer,102,1
255,User255,,,Desktop,Bottom,Home_Decor,Sonic silver,#757575,117,117,117,Calm,Winter,29,1
5569,User5569,,,Mobile,,Tech,Liver chestnut,#987456,152,116,86,Angry,Spring,218,1
3014,User3014,,,,Top,Tech,Purple Plum,#9C51B6,156,81,182,Sad,Spring,60,1
1282,User1282,23.0,,Desktop,,Sports,Italian sky blue,#B2FFFF,178,255,255,Neutral,Monsoon,259,0
7040,User7040,40.0,,Tablet,,Sports,Pink raspberry,#980036,152,0,54,Sad,Winter,160,0
5281,User5281,50.0,Non-Binary,,Bottom,Sports,Persian blue,#1C39BB,28,57,187,Happy,Monsoon,165,0
2467,User2467,41.0,,Mobile,,Food,Wild watermelon,#FC6C85,252,108,133,Sad,Summer,198,0
775,User775,,Female,Mobile,,Sports,Pastel gray,#CFCFC4,207,207,196,Neutral,Monsoon,8,1
7750,User7750,46.0,,Mobile,Side,Tech,Lemon lime,#E3FF00,227,255,0,Angry,Winter,272,1
9702,User9702,,,Desktop,Side,Tech,English violet,#563C5C,86,60,92,Neutral,Winter,40,0
9227,User9227,,Non-Binary,,Side,Home_Decor,American rose,#FF033E,255,3,62,Sad,Spring,20,1
5921,User5921,,,Desktop,Side,Sports,Dark candy apple red,#A40000,164,0,0,Neutral,Summer,141,1
7993,User7993,,Non-Binary,Mobile,Bottom,Food,Peach-orange,#FFCC99,255,204,153,Sad,Autumn,82,1
7322,User7322,,Female,Desktop,Bottom,Fashion,Dark liver,#534B4F,83,75,79,Angry,Spring,77,1
9774,User9774,55.0,Male,,,Home_Decor,Smalt (Dark powder blue),#003399,0,51,153,Angry,Monsoon,249,0
9071,User9071,,Female,,Side,Food,Russian violet,#32174D,50,23,77,Happy,Monsoon,232,0
5510,User5510,31.0,,Tablet,,Sports,Orange (web),#FFA500,255,165,0,Angry,Winter,199,0
6070,User6070,53.0,,,Bottom,Food,Tickle Me Pink,#FC89AC,252,137,172,Calm,Winter,250,0
6676,User6676,60.0,,Desktop,Side,Fashion,Twilight lavender,#8A496B,138,73,107,Neutral,Winter,93,0
5501,User5501,28.0,Non-Binary,Mobile,Bottom,Food,Bittersweet,#FE6F5E,254,111,94,Neutral,Autumn,264,1
2733,User2733,,Non-Binary,Tablet,Bottom,Fashion,Smokey Topaz,#832A0D,131,42,34,Sad,Autumn,290,1
4621,User4621,20.0,,Desktop,Top,Fashion,Wageningen Green,#34B233,52,178,51,Angry,Spring,143,1
5912,User5912,41.0,Non-Binary,Mobile,,Fashion,Atomic tangerine,#FF9966,255,153,102,Happy,Autumn,55,1
7693,User7693,,,Desktop,,Food,Light carmine pink,#E66771,230,103,113,Happy,Winter,151,0
8862,User8862,,,Mobile,Side,Sports,Portland Orange,#FF5A36,255,90,54,Happy,Spring,246,1
2023,User2023,19.0,,Desktop,Top,Tech,Cotton candy,#FFBCD9,255,188,217,Calm,Spring,236,1
7498,User7498,,Male,Mobile,,Tech,Canary,#FFFF99,255,255,153,Angry,Summer,31,1
6657,User6657,22.0,,Desktop,,Food,UA blue,#0033AA,0,51,170,Happy,Autumn,212,1
1113,User1113,60.0,Non-Binary,Desktop,Bottom,Sports,Liseran Purple,#DE6FA1,222,111,161,Calm,Monsoon,142,0
4266,User4266,28.0,,Desktop,Side,Tech,Pale cyan,#87D3F8,135,211,248,Neutral,Monsoon,159,1
7532,User7532,,,,Bottom,Fashion,Deer,#BA8759,186,135,89,Sad,Summer,11,0
9090,User9090,41.0,Male,Desktop,Side,Food,Azure (web color),#F0FFFF,240,255,255,Angry,Winter,119,1
9789,User9789,36.0,,Tablet,,Food,Maroon (HTML/CSS),#800000,128,0,0,Angry,Summer,96,1
4539,User4539,54.0,Male,Mobile,,Home_Decor,Tea rose,#F4C2C2,244,194,194,Neutral,Winter,86,1
9422,User9422,21.0,,Mobile,Side,Home_Decor,Deep Taupe,#7E5E60,126,94,96,Angry,Autumn,17,1
2239,User2239,25.0,Female,Tablet,Bottom,Home_Decor,Yellow Sunshine,#FFF700,255,247,0,Angry,Autumn,76,1
5623,User5623,53.0,,Desktop,Side,Sports,Light steel blue,#B0C4DE,176,196,222,Angry,Spring,95,1
1549,User1549,56.0,,,Top,Food,Dingy Dungeon,#C53151,197,49,81,Angry,Spring,192,1
453,User453,,Female,Tablet,Top,Home_Decor,Begonia,#FA6E79,250,110,121,Calm,Spring,109,1
167,User167,,Non-Binary,Mobile,Side,Food,Pink-orange,#FF9966,255,153,102,Calm,Spring,88,0
3854,User3854,56.0,,Tablet,Bottom,Fashion,Wild watermelon,#FC6C85,252,108,133,Sad,Monsoon,32,1
9990,User9990,25.0,Male,Desktop,Side,Home_Decor,Pansy purple,#78184A,120,24,74,Angry,Spring,283,1
8605,User8605,24.0,Non-Binary,,Top,Food,Arylide yellow,#E9D66B,233,214,107,Neutral,Spring,16,0
8974,User8974,,Male,Tablet,Top,Sports,Diamond,#B9F2FF,185,242,255,Happy,Spring,154,0
7941,User7941,41.0,Female,Desktop,Bottom,Sports,Seal brown,#59260B,50,20,20,Sad,Winter,30,1
3330,User3330,,Male,Desktop,Top,Sports,Café noir,#4B3621,75,54,33,Happy,Spring,218,1
2272,User2272,,,Tablet,Bottom,Home_Decor,Charcoal,#36454F,54,69,79,Happy,Summer,244,1
8900,User8900,30.0,Non-Binary,,Top,Sports,Arctic lime,#D0FF14,208,255,20,Angry,Spring,226,0
8047,User8047,,,Tablet,,Tech,Deep violet,#330066,51,0,102,Neutral,Spring,72,0
3722,User3722,,Non-Binary,,Top,Fashion,Mint,#3EB489,62,180,137,Happy,Monsoon,266,0
3483,User3483,20.0,,Mobile,Side,Food,Bud green,#7BB661,123,182,97,Happy,Spring,115,1
3543,User3543,55.0,,,Top,Tech,Sunny,#F2F27A,242,242,122,Sad,Winter,134,1
4889,User4889,45.0,,Tablet,Bottom,Home_Decor,Shampoo,#FFCFF1,255,207,241,Neutral,Autumn,163,1
412,User412,,Male,Tablet,Top,Food,Ruby red,#9B111E,155,17,30,Neutral,Spring,284,1
9397,User9397,19.0,,Tablet,,Food,Middle Blue,#7ED4E6,126,212,230,Happy,Spring,295,1
1474,User1474,,,,Side,Sports,Battleship grey,#848482,132,132,130,Neutral,Spring,35,1
461,User461,20.0,,Tablet,Side,Food,Dark lava,#483C32,72,60,50,Sad,Monsoon,93,0
8877,User8877,,,Desktop,Top,Food,Purple mountain majesty,#9678B6,150,120,182,Sad,Autumn,122,0
5574,User5574,,,,Bottom,Fashion,Old lavender,#796878,121,104,120,Sad,Monsoon,134,1
4996,User4996,,Female,Tablet,,Home_Decor,Dark imperial blue,#00147E,0,20,126,Angry,Monsoon,211,0
2924,User2924,,,,Bottom,Tech,Cerise pink,#EC3B83,236,59,131,Happy,Monsoon,63,0
9457,User9457,31.0,Female,Tablet,Side,Sports,Baker-Miller pink,#FF91AF,255,145,175,Neutral,Winter,100,0
5329,User5329,,Male,Tablet,,Fashion,Purple pizzazz,#FE4EDA,254,78,218,Sad,Autumn,250,1
1180,User1180,,Male,Mobile,Top,Tech,Raw Sienna,#D68A59,214,138,89,Happy,Winter,149,0
4108,User4108,,,Tablet,Top,Tech,Tuscan red,#7C4848,124,72,72,Happy,Winter,129,1
2559,User2559,,,Desktop,,Fashion,Dark terra cotta,#CC4E5C,204,78,92,Angry,Autumn,26,0
1197,User1197,62.0,Male,Mobile,Top,Sports,Debian red,#D70A53,215,10,83,Neutral,Winter,289,1
6340,User6340,,Male,Tablet,Side,Home_Decor,Light salmon,#FFA07A,255,160,122,Neutral,Autumn,211,0
6188,User6188,,,,Bottom,Fashion,Cyber yellow,#FFD300,255,211,0,Sad,Spring,262,1
4165,User4165,53.0,,Mobile,Top,Fashion,Twilight lavender,#8A496B,138,73,107,Sad,Monsoon,56,0
373,User373,34.0,,,Top,Fashion,Dark red,#8B0000,139,0,0,Happy,Winter,42,1
3109,User3109,,,Tablet,,Sports,Languid lavender,#D6CADD,214,202,221,Neutral,Autumn,157,1
3430,User3430,61.0,Male,Desktop,Side,Fashion,Green-blue,#1164B4,17,100,180,Neutral,Summer,220,1
2722,User2722,39.0,,Desktop,Top,Fashion,Duke blue,#00009C,0,0,156,Sad,Winter,227,1
6862,User6862,,Male,Tablet,,Food,Pastel magenta,#F49AC2,244,154,194,Calm,Winter,147,1
2272,User2272,,,Tablet,,Food,Palatinate purple,#682860,104,40,96,Happy,Autumn,109,1
3336,User3336,,,Desktop,Bottom,Food,Royal azure,#0038A8,0,56,168,Neutral,Summer,14,1
8278,User8278,,,Mobile,Top,Food,Lavender purple,#967BB6,150,123,182,Angry,Summer,246,1
1710,User1710,37.0,,,Side,Fashion,Maroon (X11),#B03060,176,48,96,Angry,Spring,118,1
5890,User5890,,Female,Mobile,Bottom,Food,Gray-asparagus,#465945,70,89,69,Calm,Winter,237,1
2526,User2526,52.0,Non-Binary,,Top,Tech,Grape,#6F2DA8,111,45,168,Sad,Monsoon,73,0
3268,User3268,38.0,Male,Tablet,Bottom,Home_Decor,Medium sea green,#3CB371,60,179,113,Sad,Winter,48,0
805,User805,,,Desktop,,Food,Smokey Topaz,#832A0D,131,42,34,Sad,Monsoon,173,1
3908,User3908,50.0,Female,,,Sports,Grizzly,#885818,136,88,24,Angry,Monsoon,215,1
5301,User5301,,Male,Tablet,,Home_Decor,Earth yellow,#E1A95F,225,169,95,Sad,Autumn,280,1
5110,User5110,,,Tablet,,Tech,Dark imperial blue,#00416A,0,65,106,Angry,Winter,111,1
9083,User9083,,,Tablet,,Home_Decor,Office green,#008000,0,128,0,Calm,Autumn,171,0
2173,User2173,52.0,Male,Mobile,Bottom,Home_Decor,Parrot Pink,#D998A0,217,152,160,Happy,Spring,209,1
6074,User6074,35.0,Male,Mobile,Bottom,Tech,Indigo (web),#4B0082,75,0,130,Neutral,Monsoon,123,1
5557,User5557,,Female,Desktop,Side,Food,Lilac Luster,#AE98AA,174,152,170,Calm,Summer,113,0
5507,User5507,31.0,,,,Tech,Jazzberry jam,#A50B5E,165,11,94,Angry,Monsoon,243,0
1554,User1554,57.0,,Tablet,Side,Sports,USC Gold,#FFCC00,255,204,0,Calm,Spring,12,0
2289,User2289,,Female,,Bottom,Tech,Pale silver,#C9C0BB,201,192,187,Neutral,Monsoon,47,1
4049,User4049,57.0,,Desktop,Top,Fashion,Mughal green,#306030,48,96,48,Happy,Autumn,136,1
2155,User2155,,Female,Desktop,Side,Fashion,French bistre,#856D4D,133,109,77,Neutral,Winter,210,0
2581,User2581,,Female,Mobile,Bottom,Home_Decor,Deep saffron,#FF9933,255,153,51,Angry,Summer,284,1
5709,User5709,52.0,Male,,,Food,Brandeis blue,#0070FF,0,112,255,Neutral,Autumn,243,0
9231,User9231,21.0,,,Top,Food,University of Tennessee Orange,#F77F00,247,127,0,Calm,Winter,281,1
8190,User8190,26.0,,,,Fashion,Middle Green Yellow,#ACBF60,172,191,96,Sad,Summer,50,1
3239,User3239,19.0,,Desktop,Side,Sports,Maize,#FBEC5D,251,236,93,Calm,Spring,202,0
4578,User4578,53.0,,Tablet,Top,Tech,Fandango pink,#DE5285,222,82,133,Angry,Monsoon,125,0
6765,User6765,46.0,Female,Tablet,,Tech,Wine dregs,#673147,103,49,71,Happy,Summer,224,1
9499,User9499,,,Mobile,Bottom,Tech,Blast-off bronze,#A57164,165,113,100,Neutral,Spring,293,1
8515,User8515,,Non-Binary,Mobile,Bottom,Sports,Banana Mania,#FAE7B5,250,231,181,Happy,Winter,98,1
7152,User7152,32.0,,Tablet,Side,Sports,Gunmetal,#2a3439,42,52,57,Angry,Summer,296,1
805,User805,,,Desktop,Bottom,Tech,Tiger's eye,#E08D3C,224,141,60,Neutral,Spring,157,1
315,User315,,Non-Binary,Desktop,Side,Tech,USAFA blue,#004F98,0,79,152,Calm,Winter,17,1
4401,User4401,24.0,Non-Binary,,Top,Sports,Violet,#8F00FF,143,0,255,Calm,Autumn,211,0
7066,User7066,,,,,Tech,Mummy's Tomb,#828E84,130,142,132,Angry,Monsoon,259,0
2032,User2032,,,Desktop,Bottom,Sports,Vivid amber,#CC9900,204,153,0,Neutral,Spring,162,1
606,User606,,Non-Binary,,Bottom,Home_Decor,Cornell Red,#B31B1B,179,27,27,Calm,Autumn,274,1
6193,User6193,29.0,Female,Desktop,Bottom,Fashion,Bright Yellow (Crayola),#FFAA1D,255,170,29,Angry,Winter,72,1
8101,User8101,59.0,,Desktop,Bottom,Fashion,Pastel violet,#CB99C9,203,153,201,Angry,Summer,261,1
1760,User1760,,,Desktop,Side,Sports,Orchid,#DA70D6,218,112,214,Happy,Monsoon,193,0
119,User119,59.0,,Tablet,,Tech,Black leather jacket,#253529,37,53,41,Calm,Winter,7,1
5395,User5395,52.0,Female,Desktop,Bottom,Fashion,Rich black (FOGRA29),#010B13,1,11,19,Neutral,Spring,241,0
2387,User2387,,Non-Binary,Mobile,Top,Food,Violet (RYB),#8601AF,134,1,175,Calm,Monsoon,136,1
234,User234,19.0,,Tablet,,Tech,Teal blue,#367588,54,117,136,Calm,Autumn,175,1
6441,User6441,,,Desktop,Top,Sports,Orchid pink,#F2BDCD,242,189,205,Calm,Monsoon,274,1
4338,User4338,,,,Side,Food,Ruddy pink,#E18E96,225,142,150,Angry,Autumn,93,0
4103,User4103,21.0,Non-Binary,Desktop,Bottom,Sports,Red (pigment),#ED1C24,237,28,36,Sad,Winter,107,0
6167,User6167,20.0,Male,,Side,Tech,Psychedelic purple,#DF00FF,223,0,255,Sad,Summer,129,1
9609,User9609,34.0,,Mobile,Top,Home_Decor,Bottle green,#006A4E,0,106,78,Happy,Monsoon,71,0
7971,User7971,,Non-Binary,Tablet,Top,Home_Decor,Sea Foam Green,#9FE2BF,195,226,191,Calm,Summer,267,1
7163,User7163,29.0,Female,,Bottom,Home_Decor,Rose quartz,#AA98A9,170,152,169,Sad,Summer,12,0
7747,User7747,42.0,,Tablet,Bottom,Tech,Polished Pine,#5DA493,93,164,147,Happy,Monsoon,48,0
5635,User5635,40.0,,Mobile,Bottom,Tech,Light taupe,#B38B6D,179,139,109,Angry,Monsoon,139,0
5878,User5878,,,Tablet,,Food,Medium jungle green,#1C352D,28,53,45,Calm,Summer,252,1
6337,User6337,,,Mobile,,Tech,Pansy purple,#78184A,120,24,74,Neutral,Spring,29,1
518,User518,29.0,Male,,,Tech,Amazon,#3B7A57,59,122,87,Angry,Spring,200,1
1793,User1793,,,Desktop,Side,Food,Cool Black,#002E63,0,46,99,Happy,Monsoon,196,0
1526,User1526,50.0,,Mobile,Top,Food,French rose,#F64A8A,246,74,138,Angry,Summer,126,0
9412,User9412,34.0,,Mobile,Bottom,Sports,Raw Sienna,#D68A59,214,138,89,Neutral,Summer,264,1
928,User928,,Male,Desktop,Side,Fashion,Light cornflower blue,#93CCEA,147,204,234,Angry,Winter,51,1
606,User606,,Non-Binary,Desktop,,Fashion,Dark magenta,#8B008B,139,0,139,Happy,Summer,213,1
4017,User4017,38.0,Female,Desktop,Bottom,Sports,Old mauve,#673147,103,49,71,Neutral,Spring,93,0
5909,User5909,,,Tablet,,Home_Decor,Raw umber,#826644,130,102,68,Neutral,Winter,7,1
2876,User2876,23.0,Non-Binary,,Top,Tech,Battleship grey,#848482,132,132,130,Angry,Spring,149,1
3336,User3336,26.0,Non-Binary,Desktop,,Food,Teal blue,#367588,54,117,136,Neutral,Autumn,26,1
4726,User4726,29.0,Non-Binary,,Top,Food,Ceil,#92A1CF,146,161,207,Angry,Monsoon,43,0
8949,User8949,26.0,,Mobile,Side,Home_Decor,British racing green,#004225,0,66,37,Calm,Autumn,299,1
4228,User4228,,,Desktop,Side,Food,Dark byzantium,#5D3954,93,57,84,Neutral,Monsoon,111,1
9412,User9412,34.0,,Mobile,Bottom,Home_Decor,Dark pastel purple,#966FD6,150,111,214,Angry,Spring,104,1
2555,User2555,,Non-Binary,Tablet,Bottom,Sports,Middle Yellow,#FFEB00,255,235,0,Calm,Spring,276,1
5198,User5198,47.0,Male,Desktop,Bottom,Home_Decor,Daffodil,#FFFF31,255,255,49,Neutral,Autumn,233,1
4981,User4981,,Male,,Bottom,Fashion,Baker-Miller pink,#FF91AF,255,145,175,Calm,Monsoon,289,1
9892,User9892,51.0,,Tablet,Side,Home_Decor,Aztec Gold,#C39953,195,153,83,Neutral,Monsoon,210,1
5520,User5520,,Non-Binary,,Bottom,Sports,Bulgarian rose,#480607,72,6,7,Happy,Winter,75,1
6161,User6161,,Female,Tablet,Bottom,Home_Decor,India green,#138808,19,136,8,Happy,Summer,173,1
5694,User5694,64.0,Male,,Top,Sports,Jasper,#D73B3E,215,59,62,Angry,Winter,189,0
5569,User5569,,,Mobile,Bottom,Fashion,Light crimson,#F56991,245,105,145,Sad,Spring,212,1
5308,User5308,,,Desktop,Side,Tech,Unbleached silk,#FFDDCA,255,221,202,Happy,Autumn,275,1
8373,User8373,29.0,Male,Desktop,,Sports,Dark pink,#E75480,231,84,128,Sad,Monsoon,139,1
5748,User5748,,,,Side,Tech,Olive,#808000,128,128,0,Calm,Winter,150,1
5053,User5053,61.0,,Tablet,Side,Sports,Pale magenta-pink,#FF99CC,255,153,204,Calm,Autumn,153,1
9637,User9637,36.0,Female,Tablet,Bottom,Home_Decor,Blue (Crayola),#1F75FE,31,117,254,Sad,Autumn,120,0
8174,User8174,20.0,Female,Mobile,Bottom,Tech,Peach-orange,#FFCC99,255,204,153,Angry,Summer,191,1
8230,User8230,19.0,Male,Mobile,,Sports,Vista blue,#7C9ED9,124,158,217,Neutral,Monsoon,24,0
8373,User8373,29.0,Male,,Side,Sports,OU Crimson Red,#990000,153,0,0,Sad,Autumn,248,1
7919,User7919,,Female,Desktop,Side,Tech,Brilliant lavender,#F4BBFF,244,187,255,Sad,Monsoon,71,0
9499,User9499,,Female,Mobile,Bottom,Sports,Russian green,#679267,103,146,103,Sad,Winter,66,1
1273,User1273,,Non-Binary,Mobile,Bottom,Tech,Rose vale,#AB4E52,171,78,82,Sad,Autumn,278,1
255,User255,,,Desktop,,Fashion,Blue-magenta violet,#553592,85,53,146,Sad,Autumn,114,1
6100,User6100,,,Desktop,Bottom,Food,Indigo,#4B0082,75,0,130,Angry,Winter,60,1
4483,User4483,,Non-Binary,,Top,Fashion,Sea green,#2E8B57,46,139,87,Happy,Monsoon,89,1
5066,User5066,46.0,Non-Binary,Mobile,Side,Tech,Liver chestnut,#987456,152,116,86,Neutral,Monsoon,268,1
7498,User7498,,Male,,Side,Home_Decor,Fern green,#4F7942,79,121,66,Happy,Autumn,111,1
6884,User6884,,Male,Desktop,,Home_Decor,Light green,#90EE90,144,238,144,Sad,Winter,16,0
6296,User6296,,,,Bottom,Food,Coyote brown,#81613C,129,97,60,Happy,Spring,180,1
9420,User9420,,Non-Binary,Tablet,Side,Tech,Black Coral,#54626F,84,98,111,Angry,Monsoon,31,1
7511,User7511,31.0,Female,Desktop,Side,Sports,Fuchsia rose,#C74375,199,67,117,Calm,Spring,295,1
6236,User6236,,,Tablet,Top,Fashion,Big dip o’ruby,#9C2542,156,37,66,Happy,Autumn,134,0
8948,User8948,,,Mobile,Bottom,Fashion,Gargoyle Gas,#FFDF46,255,223,70,Neutral,Spring,231,1
6708,User6708,,,Desktop,Top,Food,English violet,#563C5C,86,60,92,Angry,Spring,140,1
1908,User1908,26.0,,Mobile,Bottom,Food,Otter brown,#654321,101,67,33,Calm,Monsoon,24,1
5574,User5574,52.0,,Desktop,,Food,Persian pink,#F77FBE,247,127,190,Angry,Autumn,268,1
1291,User1291,,Male,Tablet,Bottom,Food,Medium taupe,#674C47,103,76,71,Sad,Spring,163,0
24,User24,,,,Side,Food,French violet,#8806CE,136,6,206,Calm,Monsoon,164,1
7278,User7278,,,Tablet,Side,Food,Waterspout,#A4F4F9,164,244,249,Neutral,Spring,30,0
1454,User1454,,Female,Tablet,Top,Sports,Limerick,#9DC209,157,194,9,Calm,Monsoon,85,1
3325,User3325,,Male,Mobile,Bottom,Sports,Magenta (Pantone),#D0417E,208,65,126,Neutral,Autumn,22,1
5067,User5067,,Female,Tablet,Top,Fashion,Gray-blue,#8C92AC,140,146,172,Sad,Winter,73,0
1077,User1077,,Non-Binary,Desktop,Top,Fashion,Shadow,#8A795D,138,121,93,Neutral,Monsoon,134,1
8530,User8530,,Female,Mobile,Top,Food,Wild Strawberry,#FF43A4,255,67,164,Angry,Monsoon,139,1
9136,User9136,,,Desktop,Side,Fashion,Lavender blush,#FFF0F5,255,240,245,Happy,Spring,222,1
5783,User5783,,,Desktop,Bottom,Food,French mauve,#D473D4,212,115,212,Angry,Autumn,19,1
6573,User6573,55.0,Non-Binary,Desktop,Side,Sports,Golden poppy,#FCC200,252,194,0,Angry,Summer,190,1
1649,User1649,,Non-Binary,Mobile,,Home_Decor,Light Thulian pink,#E68FAC,230,143,172,Calm,Summer,199,0
171,User171,,Male,,Side,Sports,Light coral,#F08080,240,128,128,Sad,Winter,195,0
9734,User9734,,,Mobile,Bottom,Tech,Salmon,#FA8072,250,128,114,Happy,Autumn,238,0
3014,User3014,,,Mobile,Top,Sports,Liver chestnut,#987456,152,116,86,Neutral,Monsoon,70,1
2733,User2733,,Non-Binary,,Bottom,Tech,Mint cream,#F5FFFA,245,255,250,Calm,Summer,85,1
9753,User9753,46.0,,Tablet,Top,Fashion,Dark electric blue,#536878,83,104,120,Sad,Winter,40,1
6153,User6153,30.0,,,Side,Sports,Medium sea green,#3CB371,60,179,113,Happy,Autumn,239,1
6337,User6337,,,Mobile,Top,Home_Decor,Light red ochre,#E97451,233,116,81,Angry,Winter,21,1
4228,User4228,,,Desktop,Side,Sports,Classic rose,#FBCCE7,251,204,231,Sad,Summer,6,1
8041,User8041,,,Mobile,Bottom,Sports,Eucalyptus,#44D7A8,68,215,168,Sad,Spring,37,1
6030,User6030,,Female,,Side,Sports,Pullman Green,#3B331C,59,51,28,Sad,Spring,138,0
6849,User6849,39.0,,Mobile,Top,Food,Green (Munsell),#00A877,0,168,119,Angry,Autumn,271,1
2372,User2372,59.0,Female,,Side,Sports,Red (pigment),#ED1C24,237,28,36,Neutral,Winter,9,0
1534,User1534,47.0,Non-Binary,Desktop,Side,Sports,Light moss green,#ADDFAD,173,223,173,Calm,Monsoon,290,0
4385,User4385,,Non-Binary,Desktop,,Home_Decor,Royal yellow,#FADA5E,250,218,94,Neutral,Summer,95,0
9660,User9660,,,Desktop,Top,Tech,Blush,#DE5D83,222,93,131,Happy,Spring,156,1
775,User775,,Female,Mobile,Top,Tech,Prune,#701C1C,112,28,28,Calm,Spring,122,1
5980,User5980,40.0,Female,,Side,Home_Decor,Magenta haze,#9F4576,159,69,118,Happy,Winter,65,1
4230,User4230,35.0,Female,Tablet,Top,Fashion,Vivid violet,#9F00FF,159,0,255,Angry,Spring,30,1
7016,User7016,24.0,,,Top,Sports,Saddle brown,#8B4513,139,69,19,Neutral,Winter,113,0
400,User400,52.0,Non-Binary,Tablet,Side,Fashion,Cerulean frost,#6D9BC3,109,155,195,Sad,Summer,299,1
3060,User3060,,Male,Tablet,Bottom,Home_Decor,Copper red,#CB6D51,203,109,81,Calm,Winter,214,1
4853,User4853,,,Tablet,,Fashion,Mint cream,#F5FFFA,245,255,250,Sad,Spring,263,1
1225,User1225,,,Tablet,Side,Tech,Tea rose,#F4C2C2,244,194,194,Happy,Winter,298,1
8361,User8361,41.0,Female,,Side,Food,Brown Yellow,#cc9966,204,153,102,Sad,Spring,46,1
518,User518,29.0,Male,Tablet,Bottom,Fashion,Bone,#E3DAC9,227,218,201,Sad,Autumn,17,1
9267,User9267,,,Desktop,,Food,English red,#AB4B52,171,75,82,Angry,Spring,93,1
6092,User6092,,Male,Mobile,Bottom,Fashion,Deep saffron,#FF9933,255,153,51,Angry,Spring,92,0
5832,User5832,28.0,Non-Binary,,Side,Home_Decor,Brilliant lavender,#F4BBFF,244,187,255,Neutral,Spring,191,1
4347,User4347,53.0,Female,Mobile,,Food,Ultra red,#FC6C85,252,108,133,Happy,Autumn,67,0
6957,User6957,36.0,Female,Desktop,Top,Fashion,Rajah,#FBAB60,251,171,96,Angry,Monsoon,47,0
9220,User9220,21.0,,Mobile,Side,Home_Decor,Amaranth purple,#AB274F,171,39,79,Angry,Spring,237,1
6958,User6958,18.0,Non-Binary,Mobile,Side,Tech,Cedar Chest,#C95A49,201,90,73,Neutral,Monsoon,238,0
6268,User6268,,,Desktop,Top,Sports,Dark taupe,#483C32,72,60,50,Calm,Summer,79,1
9075,User9075,36.0,Female,Mobile,,Home_Decor,Camouflage green,#78866B,120,134,107,Neutral,Winter,257,1
1305,User1305,,Female,Tablet,Top,Home_Decor,Rose bonbon,#F9429E,249,66,158,Sad,Monsoon,153,1
4717,User4717,59.0,,Tablet,Top,Tech,French lime,#9EFD38,158,253,56,Sad,Summer,186,0
4108,User4108,36.0,,Tablet,Top,Food,Purple pizzazz,#FE4EDA,254,78,218,Angry,Winter,211,1
7028,User7028,,,Mobile,Side,Fashion,Bronze,#CD7F32,205,127,50,Angry,Spring,185,0
4006,User4006,,Non-Binary,Mobile,Side,Food,Mint cream,#F5FFFA,245,255,250,Neutral,Spring,177,0
5114,User5114,34.0,,Mobile,Bottom,Home_Decor,Princess Perfume,#FF85CF,255,133,207,Neutral,Spring,245,0
5626,User5626,,,Tablet,Top,Fashion,Bleu de France,#318CE7,49,140,231,Happy,Autumn,168,0
100,User100,,Non-Binary,Tablet,,Sports,Coffee,#6F4E37,111,78,55,Sad,Autumn,67,0
9499,User9499,,Female,Mobile,Bottom,Sports,Cerulean blue,#2A52BE,42,82,190,Neutral,Autumn,239,1
7229,User7229,43.0,Non-Binary,Mobile,Top,Fashion,Italian sky blue,#B2FFFF,178,255,255,Calm,Autumn,129,1
3740,User3740,,Non-Binary,Tablet,Side,Home_Decor,Copper (Crayola),#DA8A67,218,138,103,Happy,Summer,261,1
7145,User7145,,,Desktop,Side,Tech,Palatinate blue,#273BE2,39,59,226,Neutral,Summer,96,0
3906,User3906,,Non-Binary,Tablet,,Food,Polished Pine,#5DA493,93,164,147,Angry,Spring,229,1
9070,User9070,,Non-Binary,Tablet,Bottom,Food,Dark imperial blue,#00416A,0,65,106,Neutral,Winter,199,1
5921,User5921,,,Desktop,,Tech,Light salmon pink,#FF9999,255,153,153,Angry,Autumn,211,1
3246,User3246,,Female,,Top,Tech,Pale turquoise,#AFEEEE,175,238,238,Angry,Winter,292,1
4889,User4889,,,Tablet,Bottom,Sports,Amaranth deep purple,#9F2B68,159,43,104,Sad,Summer,219,1
2934,User2934,,Non-Binary,Desktop,Top,Tech,Beau blue,#BCD4E6,188,212,230,Sad,Autumn,190,1
5520,User5520,,Non-Binary,Desktop,Bottom,Fashion,Yellow Orange,#FFAE42,255,174,66,Neutral,Summer,130,1
6449,User6449,42.0,,Desktop,Top,Sports,Dark midnight blue,#003366,0,51,102,Neutral,Summer,286,1
1136,User1136,58.0,,Mobile,Side,Home_Decor,Russian violet,#32174D,50,23,77,Calm,Monsoon,259,1
2431,User2431,54.0,Male,Desktop,Top,Sports,Orange (web),#FFA500,255,165,0,Happy,Summer,65,1
6331,User6331,,,Desktop,,Sports,Stil de grain yellow,#FADA5E,250,218,94,Happy,Spring,205,0
2311,User2311,,,Desktop,Bottom,Food,Orange-yellow,#F8D568,248,213,104,Neutral,Summer,73,1
5053,User5053,61.0,,Tablet,Side,Tech,Catalina blue,#062A78,6,42,120,Sad,Autumn,289,1
3236,User3236,56.0,Female,Mobile,Bottom,Fashion,Honolulu blue,#006DB0,0,109,176,Calm,Spring,67,1
1529,User1529,20.0,,,Top,Tech,Cal Poly Pomona green,#1E4D2B,30,77,43,Happy,Summer,138,1
2297,User2297,,Male,Tablet,,Food,Coral pink,#F88379,248,131,121,Neutral,Spring,243,1
8081,User8081,,,,Bottom,Tech,Violet (RYB),#8601AF,134,1,175,Sad,Summer,256,1
9206,User9206,25.0,Male,Mobile,Side,Fashion,Imperial red,#ED2939,237,41,57,Sad,Spring,191,0
2043,User2043,,Non-Binary,,,Tech,Eucalyptus,#44D7A8,68,215,168,Sad,Winter,25,0
6893,User6893,,,Mobile,,Food,Ocean Green,#48BF91,72,191,145,Angry,Monsoon,295,1
1053,User1053,50.0,,Tablet,Bottom,Fashion,Topaz,#FFC87C,255,200,124,Sad,Spring,50,0
3645,User3645,34.0,,,Side,Tech,American rose,#FF033E,255,3,62,Neutral,Autumn,198,0
6037,User6037,,,Desktop,Bottom,Food,Madder Lake,#CC3336,204,51,54,Calm,Monsoon,61,0
5418,User5418,,Male,Mobile,,Food,Smokey Topaz,#832A0D,131,42,34,Neutral,Monsoon,46,1
4539,User4539,54.0,Male,Mobile,Bottom,Sports,Light khaki,#F0E68C,240,230,140,Sad,Summer,239,1
2455,User2455,56.0,Male,Tablet,Bottom,Fashion,Spanish viridian,#007F5C,0,127,92,Calm,Spring,20,0
4228,User4228,,,Desktop,Side,Fashion,Green-cyan,#009966,0,153,102,Happy,Monsoon,137,1
2173,User2173,52.0,Male,Mobile,Bottom,Tech,Dartmouth green,#00703C,0,112,60,Happy,Autumn,5,1
6296,User6296,,,Desktop,Bottom,Sports,Fern green,#4F7942,79,121,66,Neutral,Autumn,236,1
8789,User8789,44.0,Female,Desktop,Top,Fashion,Green (Munsell),#00A877,0,168,119,Calm,Autumn,154,1
1148,User1148,25.0,,Mobile,Bottom,Food,Purple Plum,#9C51B6,156,81,182,Neutral,Summer,126,1
564,User564,36.0,,Desktop,Bottom,Fashion,Light green,#90EE90,144,238,144,Calm,Winter,286,0
6066,User6066,,,Desktop,,Sports,Very light azure,#74BBFB,116,187,251,Calm,Spring,294,1
6409,User6409,52.0,Male,Desktop,Top,Home_Decor,Medium purple,#9370DB,147,112,219,Neutral,Monsoon,217,1
6248,User6248,48.0,Female,Mobile,,Food,Deep aquamarine,#40826D,64,130,109,Calm,Spring,285,1
8557,User8557,,,Mobile,Side,Fashion,Liver,#674C47,103,76,71,Sad,Monsoon,144,0
2330,User2330,27.0,,Tablet,Top,Food,Raspberry rose,#B3446C,179,68,108,Calm,Summer,163,0
5276,User5276,42.0,,Tablet,Side,Tech,Firebrick,#B22222,178,34,34,Calm,Spring,31,1
4281,User4281,55.0,,,,Food,Persimmon,#EC5800,236,88,0,Neutral,Summer,166,0
522,User522,24.0,,Mobile,Top,Fashion,Brink pink,#FB607F,251,96,127,Happy,Summer,122,0
4108,User4108,36.0,,,,Tech,Purple (X11),#A020F0,160,32,240,Angry,Spring,79,1
8373,User8373,29.0,Male,Desktop,Side,Tech,Inchworm,#B2EC5D,178,236,93,Calm,Spring,97,1
5909,User5909,45.0,,,Top,Tech,Baby blue,#89CFF0,137,207,240,Angry,Monsoon,38,1
2032,User2032,,,,,Home_Decor,Vivid tangerine,#FFA089,255,160,137,Calm,Autumn,119,1
1908,User1908,26.0,Male,,Bottom,Home_Decor,Little boy blue,#6CA0DC,108,160,220,Neutral,Summer,117,1
3750,User3750,25.0,,Tablet,Side,Tech,Flax,#EEDC82,238,220,130,Neutral,Winter,64,0
7878,User7878,60.0,,Tablet,Side,Fashion,Dolphin Gray,#828E84,130,142,132,Calm,Monsoon,286,1
1762,User1762,41.0,,,Side,Tech,Italian sky blue,#B2FFFF,178,255,255,Neutral,Monsoon,241,1
8101,User8101,59.0,,,,Tech,Catawba,#703642,112,54,66,Neutral,Autumn,130,1
5053,User5053,61.0,,Tablet,Side,Food,Iceberg,#71A6D2,113,166,210,Calm,Autumn,49,1
8983,User8983,45.0,,,,Food,Harlequin green,#46CB18,70,203,24,Happy,Summer,292,0
8593,User8593,41.0,Male,,Bottom,Food,Medium orchid,#BA55D3,186,85,211,Calm,Monsoon,233,0
4021,User4021,38.0,,Mobile,Side,Sports,Mikado yellow,#FFC40C,255,196,12,Happy,Monsoon,201,1
4834,User4834,,,Desktop,Bottom,Food,Carmine (M&P),#D70040,215,0,64,Neutral,Winter,216,0
7739,User7739,58.0,,,,Food,Dark green,#013220,1,50,32,Happy,Summer,75,0
5748,User5748,,,,,Fashion,Mellow yellow,#F8DE7E,248,222,126,Neutral,Summer,239,1
293,User293,35.0,Non-Binary,Desktop,Side,Home_Decor,Bole,#79443B,121,68,59,Happy,Autumn,283,0
6153,User6153,30.0,,Mobile,Side,Home_Decor,Otter brown,#654321,101,67,33,Happy,Summer,171,1
9234,User9234,20.0,Male,Desktop,Bottom,Home_Decor,Sheen Green,#8FD400,143,212,0,Calm,Winter,199,1
6886,User6886,43.0,Male,Mobile,Bottom,Sports,Mango Tango,#FF8243,255,130,67,Happy,Summer,177,1
9418,User9418,20.0,Male,,,Tech,Bitter lime,#BFFF00,191,255,0,Neutral,Spring,199,1
503,User503,43.0,,Desktop,,Food,Pale aqua,#BCD4E6,188,212,230,Calm,Spring,67,1
1399,User1399,,Female,Mobile,Bottom,Fashion,Dark vanilla,#D1BEA8,209,190,168,Happy,Winter,74,1
4945,User4945,,,Tablet,Top,Sports,Irresistible,#B3446C,179,68,108,Calm,Autumn,227,1
7526,User7526,,,Tablet,Side,Home_Decor,Dark yellow,#9B870C,155,135,12,Angry,Monsoon,287,1
5574,User5574,52.0,Female,Desktop,Bottom,Sports,Hot pink,#FF69B4,255,105,180,Calm,Summer,83,1
1905,User1905,62.0,,,Bottom,Fashion,China rose,#A8516E,168,81,110,Angry,Autumn,40,1
5501,User5501,28.0,Non-Binary,Mobile,Bottom,Sports,Light orchid,#E6A8D7,230,168,215,Angry,Autumn,199,1
7961,User7961,64.0,Female,Mobile,Side,Home_Decor,Dark sienna,#3C1414,60,20,20,Calm,Summer,221,0
6251,User6251,44.0,Non-Binary,Mobile,Side,Tech,Aero,#7CB9E8,124,185,232,Neutral,Monsoon,292,1
4756,User4756,59.0,Non-Binary,Mobile,,Home_Decor,Cerulean frost,#6D9BC3,109,155,195,Neutral,Summer,153,1
8817,User8817,53.0,Male,Tablet,Bottom,Home_Decor,Army green,#4B5320,75,83,32,Neutral,Monsoon,277,1
6421,User6421,,Female,Desktop,Side,Home_Decor,Baby pink,#F4C2C2,244,194,194,Sad,Winter,205,0
7544,User7544,,Female,Mobile,,Sports,Queen blue,#436B95,67,107,149,Angry,Monsoon,158,1
5371,User5371,62.0,,,Top,Fashion,Jungle green,#29AB87,41,171,135,Calm,Autumn,26,0
8324,User8324,49.0,,Desktop,Bottom,Home_Decor,Light steel blue,#B0C4DE,176,196,222,Neutral,Winter,219,0
6862,User6862,,Male,Tablet,,Sports,Pale gold,#E6BE8A,230,190,138,Neutral,Spring,126,1
8018,User8018,,,Desktop,Side,Fashion,Tart Orange,#FB4D46,251,77,70,Calm,Winter,270,1
7348,User7348,29.0,,Desktop,Top,Tech,Light cobalt blue,#88ACE0,136,172,224,Angry,Monsoon,265,0
4073,User4073,,Male,Desktop,Top,Home_Decor,Blue,#0000FF,0,0,255,Calm,Winter,59,1
6880,User6880,,Female,Mobile,Side,Food,Vivid yellow,#FFE302,255,227,2,Sad,Winter,286,1
518,User518,,Male,,Bottom,Sports,Persian rose,#FE28A2,254,40,162,Sad,Spring,264,1
2173,User2173,52.0,Male,Mobile,Bottom,Tech,Sizzling Sunrise,#FFDB00,255,219,0,Calm,Monsoon,287,1
2370,User2370,54.0,Non-Binary,Tablet,Bottom,Tech,Wisteria,#C9A0DC,201,160,220,Angry,Autumn,234,0
7765,User7765,,,,Side,Tech,Ivory,#FFFFF0,255,255,240,Neutral,Winter,130,0
6288,User6288,61.0,Non-Binary,Tablet,Bottom,Sports,Picton blue,#45B1E8,69,177,232,Sad,Summer,263,1
3117,User3117,21.0,,Tablet,,Fashion,Deep Green,#056608,5,102,8,Sad,Autumn,54,1
2309,User2309,22.0,Male,Tablet,Bottom,Food,Magenta (dye),#CA1F7B,202,31,123,Angry,Winter,228,1
7757,User7757,61.0,Non-Binary,Tablet,Side,Fashion,Taupe gray,#8B8589,139,133,137,Sad,Autumn,286,0
9397,User9397,19.0,,Tablet,Top,Home_Decor,Dark purple,#301934,48,25,52,Sad,Summer,150,1
6708,User6708,,,Desktop,Top,Food,Medium red-violet,#BB3385,187,51,133,Angry,Autumn,49,1
7858,User7858,,Non-Binary,Tablet,Top,Fashion,Shamrock green,#009E60,0,158,96,Calm,Autumn,266,0
2733,User2733,,Non-Binary,Tablet,,Home_Decor,Thulian pink,#DE6FA1,222,111,161,Neutral,Summer,238,1
6296,User6296,29.0,,Desktop,Bottom,Food,Very light malachite green,#64E986,100,233,134,Neutral,Summer,57,1
3403,User3403,56.0,Female,Desktop,Top,Sports,Coral,#FF7F50,255,127,80,Sad,Summer,239,1
5699,User5699,19.0,,Tablet,Top,Home_Decor,Dark pink,#E75480,231,84,128,Neutral,Spring,200,1
3740,User3740,,Non-Binary,Tablet,,Fashion,Olive,#808000,128,128,0,Calm,Summer,8,1
5783,User5783,,,Desktop,,Food,Golden poppy,#FCC200,252,194,0,Sad,Autumn,64,1
6928,User6928,41.0,Non-Binary,Tablet,Side,Home_Decor,Viridian,#40826D,64,130,109,Neutral,Summer,177,0
6193,User6193,29.0,Female,Desktop,Bottom,Home_Decor,Ash grey,#B2BEB5,178,190,181,Happy,Winter,76,1
2059,User2059,58.0,,,,Sports,Jonquil,#F4CA16,244,202,22,Happy,Summer,79,0
7097,User7097,28.0,Female,Tablet,Side,Home_Decor,Kobi,#E79FC4,231,159,196,Happy,Summer,26,0
2721,User2721,,Male,Mobile,Side,Food,Spanish violet,#4C2882,76,40,130,Happy,Monsoon,213,0
3352,User3352,,Female,Desktop,Side,Tech,Yellow (Pantone),#FEDF00,254,223,0,Happy,Autumn,55,1
3604,User3604,49.0,Male,Tablet,,Food,Persian pink,#F77FBE,247,127,190,Sad,Autumn,149,1
1454,User1454,,Female,Tablet,Top,Food,China pink,#DE6FA1,222,111,161,Angry,Winter,276,1
2656,User2656,,,Mobile,Side,Sports,Polished Pine,#5DA493,93,164,147,Angry,Spring,48,0
8808,User8808,55.0,,Tablet,Side,Sports,Electric indigo,#6F00FF,111,0,255,Sad,Monsoon,111,0
6129,User6129,36.0,Male,Tablet,Bottom,Home_Decor,Medium turquoise,#48D1CC,72,209,204,Sad,Winter,154,1
1635,User1635,54.0,Female,Tablet,,Sports,Rich carmine,#D70040,215,0,64,Calm,Winter,98,1
6762,User6762,28.0,,Tablet,Bottom,Home_Decor,Persimmon,#EC5800,236,88,0,Angry,Autumn,268,0
5952,User5952,,Male,Tablet,Bottom,Tech,Pale violet-red,#DB7093,219,112,147,Happy,Monsoon,114,0
9516,User9516,,Female,,,Fashion,Old moss green,#867E36,134,126,54,Sad,Autumn,22,1
973,User973,,,Mobile,Bottom,Sports,Grape,#6F2DA8,111,45,168,Happy,Spring,242,1
5414,User5414,,Female,Desktop,,Sports,Pullman Green,#3B331C,59,51,28,Angry,Autumn,243,1
5110,User5110,44.0,Female,Tablet,Top,Tech,Pale goldenrod,#EEE8AA,238,232,170,Neutral,Summer,216,1
4228,User4228,,,Desktop,Side,Sports,Yellow Orange,#FFAE42,255,174,66,Neutral,Autumn,235,1
5030,User5030,54.0,,Tablet,Top,Tech,Cultured,#F5F5F5,245,245,245,Sad,Summer,298,1
5389,User5389,,,Desktop,,Home_Decor,Azure (web color),#F0FFFF,240,255,255,Calm,Winter,85,0
8956,User8956,,,Tablet,Top,Sports,Honeydew,#F0FFF0,240,255,240,Happy,Spring,259,1
4756,User4756,,Non-Binary,Mobile,Bottom,Sports,Light blue,#ADD8E6,173,216,230,Sad,Summer,236,1
5939,User5939,18.0,Female,Desktop,,Home_Decor,Silver sand,#BFC1C2,191,193,194,Calm,Spring,213,0
6593,User6593,,,Mobile,Top,Sports,Sea Serpent,#4BC7CF,75,199,207,Happy,Autumn,25,0
5751,User5751,41.0,Female,Desktop,Side,Food,Wageningen Green,#34B233,52,178,51,Angry,Autumn,242,0
9888,User9888,49.0,Male,,Top,Tech,Rackley,#5D8AA8,93,138,168,Neutral,Winter,265,1
8892,User8892,40.0,Male,,Side,Fashion,Drab,#967117,150,113,23,Calm,Autumn,277,0
7993,User7993,,Non-Binary,,,Food,Metallic Seaweed,#0A7E8C,10,126,140,Happy,Summer,284,1
1549,User1549,56.0,,Desktop,,Fashion,Medium orchid,#BA55D3,186,85,211,Sad,Winter,154,1
5194,User5194,53.0,Male,Mobile,,Food,Lime (color wheel),#BFFF00,191,255,0,Happy,Spring,156,1
6258,User6258,,,Tablet,,Food,Dark lavender,#734F96,115,79,150,Sad,Winter,286,1
3375,User3375,,Non-Binary,Mobile,Bottom,Food,Eggshell,#F0EAD6,240,234,214,Neutral,Spring,65,1
1988,User1988,,,Tablet,Side,Tech,Violet (RYB),#8601AF,134,1,175,Neutral,Monsoon,140,0
5921,User5921,,,Desktop,Side,Fashion,Lava,#CF1020,207,16,32,Happy,Summer,16,1
5881,User5881,26.0,Non-Binary,Tablet,Top,Home_Decor,Han blue,#446CCF,68,108,207,Happy,Summer,18,1
24,User24,,,Tablet,Side,Home_Decor,United Nations blue,#5B92E5,91,146,229,Sad,Spring,34,1
141,User141,58.0,Male,Tablet,Side,Sports,Egyptian blue,#1034A6,16,52,166,Sad,Autumn,291,0
9934,User9934,29.0,,,Top,Tech,Denim,#1560BD,21,96,189,Calm,Autumn,224,0
3562,User3562,,,,,Tech,Pale violet-red,#DB7093,219,112,147,Calm,Monsoon,242,0
5941,User5941,,Non-Binary,Desktop,Side,Tech,Nyanza,#E9FFDB,233,255,219,Calm,Spring,31,0
1710,User1710,,,Tablet,Side,Food,Little boy blue,#6CA0DC,108,160,220,Happy,Monsoon,261,1
4621,User4621,20.0,,Desktop,Top,Tech,Mexican pink,#E4007C,228,0,124,Calm,Spring,146,1
5182,User5182,43.0,Non-Binary,Mobile,Bottom,Home_Decor,Dolphin Gray,#828E84,130,142,132,Happy,Monsoon,254,0
3771,User3771,28.0,,,,Tech,Ball blue,#21ABCD,33,171,205,Neutral,Spring,78,0
6495,User6495,,Non-Binary,Tablet,,Food,Green-cyan,#009966,0,153,102,Angry,Summer,203,1
3325,User3325,,Male,Mobile,,Fashion,Coffee,#6F4E37,111,78,55,Neutral,Monsoon,18,1
1905,User1905,62.0,,Mobile,Bottom,Tech,Cedar Chest,#C95A49,201,90,73,Happy,Monsoon,104,1
8832,User8832,,,,Side,Fashion,Magnolia,#F8F4FF,248,244,255,Happy,Spring,95,1
5110,User5110,44.0,Female,Tablet,,Sports,Vivid malachite,#00CC33,0,204,51,Angry,Winter,195,1
7874,User7874,33.0,Non-Binary,Tablet,,Food,Baker-Miller pink,#FF91AF,255,145,175,Sad,Winter,110,0
7526,User7526,,,Tablet,Side,Tech,Teal blue,#367588,54,117,136,Sad,Summer,11,1
7450,User7450,,,,Side,Sports,Rich brilliant lavender,#F1A7FE,241,167,254,Sad,Autumn,85,1
5269,User5269,,,,Side,Sports,Mango Tango,#FF8243,255,130,67,Calm,Autumn,257,0
5909,User5909,45.0,,Tablet,Top,Fashion,Burnished Brown,#A17A74,161,122,116,Sad,Summer,144,1
1524,User1524,24.0,Male,Mobile,Bottom,Home_Decor,Plum (web),#DDA0DD,221,160,221,Calm,Autumn,11,1
674,User674,,,Tablet,Side,Home_Decor,Pastel gray,#CFCFC4,207,207,196,Calm,Spring,156,1
5980,User5980,40.0,,Desktop,Side,Home_Decor,Phthalo blue,#000F89,0,15,137,Sad,Winter,294,1
5566,User5566,,Non-Binary,Mobile,Bottom,Home_Decor,Rocket metallic,#8A7F80,138,127,128,Sad,Summer,130,1
8515,User8515,,Non-Binary,,Bottom,Food,Red (RYB),#FE2712,254,39,18,Angry,Spring,289,1
2336,User2336,32.0,,,Side,Tech,Violet (RYB),#8601AF,134,1,175,Angry,Summer,286,1
5629,User5629,,,,,Tech,Dust storm,#E5CCC9,229,204,201,Calm,Winter,78,1
1586,User1586,38.0,Non-Binary,Desktop,Top,Food,Pearly purple,#B768A2,183,104,162,Angry,Autumn,49,1
427,User427,34.0,,Desktop,Side,Fashion,Pale cerulean,#9BC4E2,155,196,226,Calm,Spring,21,0
5623,User5623,53.0,,Desktop,Side,Tech,Deep carmine,#A9203E,169,32,62,Happy,Winter,237,1
928,User928,,Male,,,Sports,Cerulean,#007BA7,0,123,167,Calm,Summer,168,1
188,User188,56.0,Female,Tablet,,Tech,Byzantium,#702963,112,41,99,Calm,Monsoon,67,1
1931,User1931,,,Mobile,Bottom,Food,Ecru,#C2B280,194,178,128,Angry,Spring,97,1
3171,User3171,42.0,,Tablet,,Fashion,MSU Green,#18453B,24,69,59,Happy,Summer,96,0
5498,User5498,,Female,Tablet,Side,Tech,Kelly green,#4CBB17,76,187,23,Neutral,Summer,46,1
1334,User1334,21.0,Female,Mobile,Top,Food,Iceberg,#71A6D2,113,166,210,Neutral,Winter,245,0
998,User998,,,Tablet,Top,Sports,Smashed Pumpkin,#FF6D3A,255,109,58,Neutral,Summer,259,1
2272,User2272,52.0,,Tablet,Bottom,Home_Decor,Persian indigo,#32127A,50,18,122,Happy,Spring,75,1
553,User553,60.0,Non-Binary,Tablet,Top,Sports,Electric ultramarine,#3F00FF,63,0,255,Sad,Spring,220,0
5498,User5498,,Female,Tablet,Side,Sports,Lemon curry,#CCA01D,204,160,29,Happy,Summer,60,1
7152,User7152,32.0,,Tablet,,Fashion,Oxford Blue,#002147,0,33,71,Angry,Winter,83,1
1027,User1027,55.0,Female,,Bottom,Tech,Tangerine yellow,#FFCC00,255,204,0,Calm,Spring,125,0
9766,User9766,31.0,Male,Desktop,Bottom,Home_Decor,Maroon (HTML/CSS),#800000,128,0,0,Calm,Monsoon,206,1
9966,User9966,,,Mobile,,Food,Phlox,#DF00FF,223,0,255,Angry,Autumn,261,1
9611,User9611,,Male,Desktop,Side,Home_Decor,Vivid cerise,#DA1D81,218,29,129,Angry,Winter,134,1
3746,User3746,,Male,Desktop,Top,Tech,Azureish white,#DBE9F4,219,233,244,Calm,Winter,46,1
1529,User1529,20.0,Female,Mobile,Top,Fashion,Deep spring bud,#556B2F,85,107,47,Sad,Autumn,78,1
2595,User2595,,,,Bottom,Tech,French rose,#F64A8A,246,74,138,Sad,Autumn,238,1
5623,User5623,,,Desktop,Side,Food,Blue Bolt,#00B9FB,0,185,251,Sad,Spring,13,1
3297,User3297,18.0,Female,Tablet,Bottom,Home_Decor,Big Foot Feet,#E88E5A,232,142,90,Angry,Summer,35,1
6202,User6202,,Female,Tablet,Bottom,Sports,Cinnamon[citation needed],#D2691E,210,105,30,Calm,Summer,100,1
9136,User9136,,Non-Binary,,,Tech,Xanadu,#738678,115,134,120,Calm,Monsoon,262,1
4849,User4849,50.0,Male,Desktop,Side,Fashion,Yellow (NCS),#FFD300,255,211,0,Calm,Summer,284,0
2137,User2137,,Male,,Side,Fashion,Dark terra cotta,#CC4E5C,204,78,92,Happy,Monsoon,233,1
674,User674,,,Tablet,Side,Home_Decor,UP Maroon,#7B1113,123,17,19,Happy,Monsoon,249,1
2542,User2542,,Non-Binary,Mobile,Side,Sports,Persian indigo,#32127A,50,18,122,Neutral,Winter,202,1
7828,User7828,29.0,,Tablet,Bottom,Food,Marigold,#EAA221,234,162,33,Happy,Winter,236,1
4677,User4677,41.0,,Mobile,Side,Sports,Android green,#A4C639,164,198,57,Sad,Spring,55,0
3236,User3236,56.0,Female,Mobile,,Home_Decor,Dark lava,#483C32,72,60,50,Sad,Autumn,221,1
3644,User3644,,Female,,Side,Sports,Raisin black,#242124,36,33,36,Sad,Autumn,178,1
5878,User5878,,,Tablet,Bottom,Home_Decor,Old gold,#CFB53B,207,181,59,Sad,Monsoon,79,1
6467,User6467,30.0,Non-Binary,Desktop,,Sports,Spanish sky blue,#00FFFF,0,255,255,Neutral,Autumn,103,1
6165,User6165,,Male,Mobile,Side,Tech,GO green,#00AB66,0,171,102,Sad,Monsoon,5,0
3246,User3246,,Female,Mobile,Top,Fashion,June bud,#BDDA57,189,218,87,Angry,Autumn,128,1
8147,User8147,32.0,Female,Desktop,,Home_Decor,French wine,#AC1E44,172,30,68,Angry,Spring,121,1
3391,User3391,26.0,,Mobile,Side,Home_Decor,Deep Space Sparkle,#4A646C,74,100,108,Angry,Winter,199,0
1729,User1729,26.0,Female,Mobile,Top,Fashion,Palm Leaf,#6F9940,130,142,132,Happy,Winter,237,1
9057,User9057,38.0,,Desktop,Side,Food,Deep koamaru,#333366,51,51,102,Calm,Monsoon,133,1
9064,User9064,41.0,,Mobile,,Home_Decor,Coral Reef,#FD7C6E,253,124,110,Neutral,Autumn,67,1
3422,User3422,,,,Top,Tech,Navy,#000080,0,0,128,Angry,Summer,240,0
6679,User6679,26.0,Male,,Bottom,Sports,Old mauve,#673147,103,49,71,Angry,Spring,234,1
5566,User5566,,,Mobile,Bottom,Tech,Rosewood,#65000B,101,0,11,Sad,Autumn,194,1
3336,User3336,26.0,Non-Binary,Desktop,Bottom,Home_Decor,Fresh Air,#A6E7FF,166,231,255,Angry,Summer,193,1
2117,User2117,39.0,,Tablet,Bottom,Food,Pink raspberry,#980036,152,0,54,Sad,Spring,172,0
3297,User3297,18.0,Female,,Bottom,Home_Decor,Green (Munsell),#00A877,0,168,119,Sad,Spring,99,1
1995,User1995,53.0,Male,Desktop,Top,Food,Quartz,#51484F,81,72,79,Calm,Winter,161,0
1914,User1914,42.0,Male,,,Fashion,Green-yellow,#ADFF2F,173,255,47,Happy,Monsoon,295,1
3297,User3297,,Female,Tablet,Bottom,Sports,Green (Pantone),#00AD43,0,173,67,Sad,Autumn,143,1
1487,User1487,,Male,,,Tech,Old mauve,#673147,103,49,71,Sad,Spring,195,0
6602,User6602,,Female,Desktop,,Food,Lavender gray,#C4C3D0,196,195,208,Calm,Autumn,60,1
8684,User8684,,Non-Binary,Tablet,Top,Tech,Cadmium orange,#ED872D,237,135,45,Sad,Spring,11,1
8174,User8174,20.0,Female,Mobile,,Fashion,Fuchsia (Crayola),#C154C1,193,84,193,Neutral,Winter,55,1
5439,User5439,38.0,,Tablet,,Home_Decor,Pixie Powder,#391285,57,18,133,Happy,Monsoon,43,1
1178,User1178,,Male,,,Food,Bluebonnet,#1C1CF0,28,28,240,Neutral,Summer,76,1
804,User804,24.0,,Mobile,,Sports,Rich electric blue,#0892D0,8,146,208,Angry,Summer,260,0
6365,User6365,,,Tablet,Bottom,Food,CG Blue,#007AA5,0,122,165,Happy,Winter,95,1
9157,User9157,,,Mobile,,Home_Decor,Vivid yellow,#FFE302,255,227,2,Angry,Spring,153,1
6278,User6278,,,Desktop,,Home_Decor,Han purple,#5218FA,82,24,250,Sad,Winter,34,0
188,User188,56.0,Female,Tablet,Bottom,Sports,Violet (web),#EE82EE,238,130,238,Calm,Monsoon,127,1
9253,User9253,33.0,,Mobile,Side,Sports,Medium blue,#0000CD,0,0,205,Neutral,Summer,241,0
1296,User1296,34.0,,Tablet,,Fashion,Tea green,#D0F0C0,208,240,192,Angry,Autumn,284,1
7471,User7471,,Female,Mobile,Bottom,Tech,Brilliant rose,#FF55A3,255,85,163,Sad,Summer,129,1
3861,User3861,,Non-Binary,Mobile,Bottom,Food,Deep aquamarine,#40826D,64,130,109,Neutral,Monsoon,138,0
9418,User9418,20.0,,Tablet,Side,Fashion,Illuminating Emerald,#319177,49,145,119,Neutral,Spring,10,1
6708,User6708,,,Desktop,,Tech,Battery Charged Blue,#1DACD6,29,172,214,Angry,Winter,201,1
2272,User2272,,,,Bottom,Fashion,Dollar bill,#85BB65,133,187,101,Sad,Summer,194,1
3908,User3908,50.0,Female,,Bottom,Sports,Amaranth purple,#AB274F,171,39,79,Calm,Summer,295,1
1077,User1077,,Non-Binary,Desktop,Top,Sports,Manatee,#979AAA,151,154,170,Angry,Autumn,240,1
9064,User9064,41.0,Female,Mobile,,Home_Decor,Beige,#F5F5DC,245,245,220,Neutral,Winter,83,1
1910,User1910,63.0,Male,Desktop,Side,Food,June bud,#BDDA57,189,218,87,Neutral,Autumn,39,1
6100,User6100,,,,Bottom,Food,Pumpkin,#FF7518,255,117,24,Happy,Autumn,76,1
7670,User7670,,,Tablet,,Food,Shamrock green,#009E60,0,158,96,Sad,Spring,47,1
6167,User6167,20.0,Male,Mobile,Side,Fashion,Champagne pink,#F1DDCF,241,221,207,Happy,Summer,295,1
9807,User9807,35.0,,Tablet,Bottom,Fashion,Pale taupe,#BC987E,188,152,126,Calm,Winter,137,1
2295,User2295,53.0,,Tablet,Bottom,Food,Lime (web) (X11 green),#00FF00,0,255,0,Angry,Spring,291,0
222,User222,,,Tablet,,Home_Decor,Rich lilac,#B666D2,182,102,210,Neutral,Spring,110,0
1935,User1935,30.0,,Desktop,Bottom,Tech,Maximum Blue,#47ABCC,71,171,204,Sad,Spring,163,1
2137,User2137,,Male,Tablet,Side,Fashion,Imperial purple,#66023C,102,2,60,Neutral,Monsoon,12,1
7322,User7322,,Female,Desktop,Bottom,Food,Vanilla,#F3E5AB,243,229,171,Happy,Monsoon,266,1
2223,User2223,27.0,Male,Desktop,,Sports,Pewter Blue,#8BA8B7,139,168,183,Happy,Spring,84,0
7248,User7248,,Non-Binary,Mobile,Top,Fashion,Navajo white,#FFDEAD,255,222,173,Angry,Monsoon,48,1
7962,User7962,58.0,,,Top,Tech,Sunset,#FAD6A5,250,214,165,Sad,Winter,181,1
7076,User7076,,Non-Binary,,Side,Fashion,Café noir,#4B3621,75,54,33,Sad,Summer,68,0
4230,User4230,35.0,Female,,Top,Tech,Safety yellow,#EED202,238,210,2,Angry,Winter,292,1
2156,User2156,46.0,Female,Tablet,Side,Tech,Dark cyan,#008B8B,0,139,139,Happy,Summer,117,1
1369,User1369,,,Desktop,Bottom,Fashion,Carnelian,#B31B1B,179,27,27,Happy,Monsoon,212,1
7002,User7002,,,Tablet,Side,Tech,Pink lavender,#D8B2D1,216,178,209,Happy,Winter,230,0
3403,User3403,56.0,Female,Desktop,Top,Fashion,Turquoise blue,#00FFEF,0,255,239,Neutral,Autumn,282,1
8684,User8684,,,Tablet,Top,Fashion,Mauvelous,#EF98AA,239,152,170,Calm,Spring,291,1
8101,User8101,59.0,,Desktop,Bottom,Home_Decor,Peridot,#E6E200,230,226,0,Happy,Summer,284,1
9408,User9408,,,Desktop,Bottom,Sports,Gargoyle Gas,#FFDF46,255,223,70,Calm,Summer,7,0
2290,User2290,41.0,,Tablet,Top,Tech,Smoky Topaz,#933D41,147,61,65,Calm,Autumn,37,1
2289,User2289,,Female,Desktop,Bottom,Fashion,Daffodil,#FFFF31,255,255,49,Sad,Autumn,218,1
5295,User5295,56.0,Non-Binary,Desktop,Side,Tech,Purple (HTML),#800080,128,0,128,Angry,Spring,34,0
9499,User9499,,Female,Mobile,Bottom,Fashion,Jonquil,#F4CA16,244,202,22,Neutral,Monsoon,29,1
387,User387,22.0,,Mobile,Side,Fashion,Pale violet,#CC99FF,204,153,255,Calm,Winter,32,0
6202,User6202,,Female,Tablet,Bottom,Fashion,Rose,#FF007F,255,0,127,Neutral,Winter,101,1
6112,User6112,34.0,,Desktop,Bottom,Sports,UP Maroon,#7B1113,123,17,19,Sad,Winter,91,0
1420,User1420,62.0,Non-Binary,Desktop,,Tech,French wine,#AC1E44,172,30,68,Happy,Monsoon,30,1
8459,User8459,,,Tablet,Bottom,Sports,Pink Sherbet,#F78FA7,247,143,167,Calm,Spring,124,1
7674,User7674,43.0,Female,,,Sports,Palatinate purple,#682860,104,40,96,Angry,Winter,205,1
1721,User1721,34.0,,Mobile,Bottom,Sports,Sky blue,#87CEEB,135,206,235,Sad,Summer,19,1
2116,User2116,,,Mobile,Top,Sports,Pale chestnut,#DDADAF,221,173,175,Neutral,Summer,258,0
4266,User4266,,,Desktop,Side,Home_Decor,Yankees blue,#1C2841,28,40,65,Happy,Summer,115,1
7652,User7652,,Male,Mobile,Bottom,Tech,Catalina blue,#062A78,6,42,120,Neutral,Autumn,12,1
2124,User2124,,,Desktop,Top,Tech,Light blue,#ADD8E6,173,216,230,Angry,Autumn,132,1
1138,User1138,33.0,Female,Desktop,,Fashion,Electric violet,#8F00FF,143,0,255,Calm,Monsoon,190,0
2691,User2691,,Non-Binary,Desktop,Bottom,Tech,Purple Heart,#69359C,105,53,156,Angry,Winter,18,1
3062,User3062,34.0,Male,,Bottom,Sports,Medium sea green,#3CB371,60,179,113,Neutral,Autumn,234,1
4086,User4086,,Female,Desktop,,Food,Bleu de France,#318CE7,49,140,231,Neutral,Summer,95,1
9267,User9267,20.0,,Desktop,Top,Tech,Fire engine red,#CE2029,206,32,41,Angry,Autumn,8,1
2021,User2021,41.0,Male,Mobile,Bottom,Food,Lincoln green,#195905,25,89,5,Angry,Summer,156,1
375,User375,26.0,Non-Binary,Mobile,Top,Home_Decor,Flavescent,#F7E98E,247,233,142,Angry,Winter,223,1
8115,User8115,,Female,,,Fashion,Sunray,#E3AB57,227,171,87,Happy,Monsoon,80,1
6049,User6049,,Male,Tablet,Side,Fashion,Desert sand,#EDC9AF,237,201,175,Neutral,Spring,288,0
6345,User6345,,,Mobile,Top,Fashion,Silver sand,#BFC1C2,191,193,194,Sad,Spring,220,0
9775,User9775,31.0,Female,Tablet,Side,Home_Decor,Selective yellow,#FFBA00,255,186,0,Happy,Summer,163,0
5482,User5482,34.0,,Mobile,Bottom,Sports,CG Blue,#007AA5,0,122,165,Happy,Autumn,255,0
2596,User2596,52.0,,Mobile,,Food,Navajo white,#FFDEAD,255,222,173,Happy,Autumn,71,0
692,User692,,Non-Binary,Desktop,,Tech,Tangelo,#F94D00,249,77,0,Sad,Summer,226,0
5030,User5030,,,Tablet,Top,Sports,Hot pink,#FF69B4,255,105,180,Angry,Winter,196,1
2839,User2839,54.0,,,Bottom,Fashion,Vivid malachite,#00CC33,0,204,51,Neutral,Summer,223,0
2157,User2157,42.0,,Desktop,Side,Fashion,Cadmium orange,#ED872D,237,135,45,Calm,Winter,21,0
8692,User8692,,Male,Mobile,Bottom,Sports,Light slate gray,#778899,119,136,153,Calm,Monsoon,111,1
6086,User6086,,Male,Desktop,Bottom,Food,Turquoise green,#A0D6B4,160,214,180,Neutral,Monsoon,231,1
6479,User6479,,Male,Tablet,Side,Sports,Urobilin,#E1AD21,225,173,33,Sad,Summer,85,1
8957,User8957,,,,Top,Home_Decor,Black Shadows,#BFAFB2,191,175,178,Calm,Monsoon,271,1
2336,User2336,32.0,,Tablet,,Fashion,Spicy mix,#8B5f4D,139,95,77,Happy,Autumn,170,1
9833,User9833,34.0,Female,Desktop,Side,Food,Alizarin crimson,#E32636,227,38,54,Calm,Winter,238,0
2977,User2977,52.0,Female,Desktop,Bottom,Tech,Red (Pantone),#ED2939,237,41,57,Neutral,Spring,166,0
4906,User4906,,Male,,,Fashion,Old rose,#C08081,192,128,129,Happy,Spring,179,0
8760,User8760,,,Tablet,,Sports,Purple navy,#4E5180,78,81,128,Calm,Monsoon,164,0
6906,User6906,,Non-Binary,Mobile,Top,Food,Middle Green Yellow,#ACBF60,172,191,96,Neutral,Winter,189,1
9504,User9504,,Male,Tablet,Top,Fashion,Pastel yellow,#FDFD96,253,253,150,Sad,Autumn,178,1
8737,User8737,43.0,Male,Mobile,Side,Tech,Tufts Blue,#3E8EDE,62,142,222,Neutral,Spring,242,0
6620,User6620,52.0,Female,Tablet,Top,Tech,Liver (dogs),#B86D29,184,109,41,Sad,Autumn,167,1
8753,User8753,,Non-Binary,Tablet,Top,Sports,Rust,#B7410E,183,65,14,Happy,Autumn,242,1
2275,User2275,28.0,,Mobile,Bottom,Home_Decor,Sapphire blue,#0067A5,0,103,165,Neutral,Spring,110,0
5420,User5420,,Male,Mobile,Bottom,Sports,Dark imperial blue,#00147E,0,20,126,Angry,Spring,122,1
6143,User6143,29.0,Non-Binary,,Bottom,Food,Rhythm,#777696,119,118,150,Angry,Monsoon,236,1
9157,User9157,,,Mobile,Bottom,Sports,Pomp and Power,#86608E,134,96,142,Angry,Winter,80,1
2876,User2876,23.0,Non-Binary,,Top,Food,Light salmon pink,#FF9999,255,153,153,Angry,Summer,9,1
4266,User4266,,,Desktop,,Home_Decor,Deep carmine,#A9203E,169,32,62,Angry,Winter,222,1
5878,User5878,,,,,Sports,Light gray,#D3D3D3,211,211,211,Sad,Summer,286,1
3330,User3330,,Male,Desktop,Top,Tech,Fluorescent pink,#FF1493,255,20,147,Neutral,Spring,240,1
4019,User4019,,Male,Tablet,Top,Food,Topaz,#FFC87C,255,200,124,Happy,Autumn,36,0
5586,User5586,,Female,,,Food,Purple (X11),#A020F0,160,32,240,Angry,Winter,181,0
6272,User6272,,,Desktop,,Tech,Pacific Blue,#1CA9C9,28,169,201,Angry,Autumn,123,0
5279,User5279,,,Desktop,Bottom,Sports,Harvard crimson,#C90016,201,0,22,Happy,Winter,194,0
1945,User1945,20.0,Female,Tablet,Side,Home_Decor,Red-brown,#A52A2A,165,42,42,Happy,Winter,106,1
9966,User9966,,,,Top,Fashion,Shadow,#8A795D,138,121,93,Angry,Autumn,83,1
1148,User1148,25.0,,Mobile,Bottom,Sports,Rackley,#5D8AA8,93,138,168,Sad,Monsoon,143,1
8846,User8846,60.0,Non-Binary,Tablet,,Sports,Waterspout,#A4F4F9,164,244,249,Happy,Spring,230,0
1305,User1305,,,,Top,Food,Queen pink,#E8CCD7,232,204,215,Neutral,Monsoon,270,1
6959,User6959,39.0,Male,Desktop,Top,Food,Purple mountain majesty,#9678B6,150,120,182,Neutral,Monsoon,228,1
7971,User7971,,Non-Binary,Tablet,,Home_Decor,Burlywood,#DEB887,222,184,135,Sad,Winter,64,1
6657,User6657,22.0,,Desktop,Bottom,Home_Decor,UP Forest green,#014421,1,68,33,Calm,Spring,268,1
5955,User5955,59.0,,Tablet,Side,Home_Decor,Vivid auburn,#922724,146,39,36,Sad,Winter,52,1
4945,User4945,31.0,,Tablet,Top,Tech,Black leather jacket,#253529,37,53,41,Angry,Summer,85,1
28,User28,44.0,,,Bottom,Fashion,Wisteria,#C9A0DC,201,160,220,Calm,Winter,12,0
6743,User6743,,,Mobile,Side,Fashion,Smokey Topaz,#832A0D,131,42,34,Angry,Autumn,253,1
6209,User6209,,Female,Tablet,Top,Home_Decor,Princeton orange,#F58025,245,128,37,Neutral,Winter,248,0
9550,User9550,,Non-Binary,Desktop,Top,Food,Candy pink,#E4717A,228,113,122,Happy,Summer,169,1
9676,User9676,,,Mobile,Top,Fashion,Charcoal,#36454F,54,69,79,Angry,Winter,191,1
7511,User7511,31.0,,Desktop,Side,Sports,Vivid violet,#9F00FF,159,0,255,Neutral,Summer,253,1
301,User301,59.0,Male,Tablet,Side,Tech,Fuchsia rose,#C74375,199,67,117,Sad,Spring,131,1
9572,User9572,38.0,,,Bottom,Food,Vivid mulberry,#B80CE3,184,12,227,Angry,Winter,92,1
5878,User5878,,,,Bottom,Tech,Light hot pink,#FFB3DE,255,179,222,Neutral,Summer,49,1
6540,User6540,61.0,,Tablet,,Sports,Otter brown,#654321,101,67,33,Happy,Spring,286,0
6479,User6479,,Male,,Side,Fashion,Yellow (NCS),#FFD300,255,211,0,Angry,Autumn,250,1
6849,User6849,39.0,,,Top,Tech,Violet (RYB),#8601AF,134,1,175,Neutral,Monsoon,222,1
5569,User5569,,,Mobile,Bottom,Tech,Lemon chiffon,#FFFACD,255,250,205,Angry,Summer,19,1
6980,User6980,62.0,,Desktop,,Tech,Pearl,#EAE0C8,234,224,200,Happy,Autumn,260,1
2595,User2595,,Female,Desktop,Bottom,Sports,Deep spring bud,#556B2F,85,107,47,Angry,Spring,181,1
8127,User8127,,,,Bottom,Food,Cyclamen,#F56FA1,245,111,161,Angry,Autumn,219,1
7526,User7526,,,Tablet,Side,Food,Dirt,#9B7653,155,118,83,Neutral,Winter,29,1
327,User327,,,Desktop,Side,Sports,Yellow-green,#9ACD32,154,205,50,Calm,Monsoon,296,0
7065,User7065,57.0,,Desktop,Side,Tech,Purple navy,#4E5180,78,81,128,Angry,Summer,121,1
1706,User1706,,,,Bottom,Tech,Sky blue,#87CEEB,135,206,235,Calm,Spring,84,1
2428,User2428,,,Tablet,Side,Home_Decor,Olivine,#9AB973,154,185,115,Sad,Monsoon,179,1
2691,User2691,,Non-Binary,Desktop,,Fashion,Polished Pine,#5DA493,93,164,147,Angry,Spring,236,1
7131,User7131,,Female,Tablet,Bottom,Fashion,Gray-asparagus,#465945,70,89,69,Calm,Autumn,44,0
6849,User6849,,,Mobile,Top,Food,Spring green,#00FF7F,0,255,127,Sad,Spring,175,1
3178,User3178,62.0,,Mobile,,Sports,Smitten,#C84186,200,65,134,Neutral,Spring,121,0
9419,User9419,64.0,,Mobile,Side,Tech,Deep sky blue,#00BFFF,0,191,255,Angry,Autumn,188,1
9311,User9311,,Non-Binary,Desktop,Side,Fashion,Jet,#343434,52,52,52,Neutral,Autumn,85,1
6487,User6487,,Male,,Side,Sports,Mode beige,#967117,150,113,23,Sad,Monsoon,75,1
5572,User5572,48.0,,,Top,Sports,Cyclamen,#F56FA1,245,111,161,Neutral,Summer,144,0
6862,User6862,,Male,Tablet,Side,Tech,Avocado,#568203,86,130,3,Neutral,Autumn,197,1
6449,User6449,42.0,,Desktop,Top,Sports,Medium Tuscan red,#79443B,121,68,59,Happy,Monsoon,175,1
1943,User1943,52.0,,Desktop,Bottom,Fashion,Pictorial carmine,#C30B4E,195,11,78,Sad,Spring,105,0
7322,User7322,,,Desktop,Bottom,Home_Decor,Portland Orange,#FF5A36,255,90,54,Neutral,Spring,74,1
5878,User5878,,,,Bottom,Fashion,Japanese indigo,#264348,38,67,72,Calm,Winter,178,1
5376,User5376,,,,Top,Home_Decor,Neon Carrot,#FFA343,255,163,67,Sad,Autumn,193,0
373,User373,34.0,Female,Mobile,Top,Sports,Golden poppy,#FCC200,252,194,0,Happy,Monsoon,219,1
8095,User8095,22.0,Female,Tablet,Side,Fashion,Spanish carmine,#D10047,209,0,71,Angry,Monsoon,29,0
5414,User5414,,Female,Desktop,,Tech,Kobicha,#6B4423,107,68,35,Neutral,Summer,93,1
7962,User7962,58.0,,Tablet,Top,Sports,Cobalt Blue,#0047AB,0,71,171,Calm,Monsoon,135,1
1178,User1178,,,Desktop,Bottom,Tech,Azureish white,#DBE9F4,219,233,244,Happy,Autumn,200,1
4049,User4049,57.0,,Desktop,Top,Home_Decor,Deep puce,#A95C68,169,92,104,Sad,Monsoon,290,1
9397,User9397,19.0,,Tablet,Top,Food,Blue sapphire,#126180,18,97,128,Neutral,Winter,229,1
1273,User1273,,Non-Binary,Mobile,,Food,Castleton green,#00563F,0,86,63,Happy,Spring,153,1
7677,User7677,,Male,Tablet,Top,Home_Decor,Phthalo green,#123524,18,53,36,Happy,Spring,75,0
5569,User5569,,,,Bottom,Food,Spanish viridian,#007F5C,0,127,92,Calm,Monsoon,133,1
8278,User8278,,,Mobile,Top,Sports,Papaya whip,#FFEFD5,255,239,213,Angry,Monsoon,294,1
5100,User5100,42.0,,Mobile,Side,Sports,Jazzberry jam,#A50B5E,165,11,94,Angry,Monsoon,91,1
5756,User5756,51.0,Non-Binary,Tablet,,Fashion,Sinopia,#CB410B,203,65,11,Angry,Monsoon,22,1
2755,User2755,,Male,Mobile,Bottom,Sports,Lime (color wheel),#BFFF00,191,255,0,Sad,Winter,47,0
1225,User1225,,,Tablet,Side,Food,Arctic lime,#D0FF14,208,255,20,Happy,Autumn,80,1
3429,User3429,59.0,,Tablet,Side,Tech,Sheen Green,#8FD400,143,212,0,Sad,Winter,45,1
8515,User8515,,Non-Binary,Mobile,Bottom,Fashion,Light pink,#FFB6C1,255,182,193,Happy,Winter,284,1
6746,User6746,,,Desktop,Top,Tech,Safety orange (blaze orange),#FF6700,255,103,0,Calm,Winter,284,0
3032,User3032,31.0,Male,Desktop,Side,Food,Apricot,#FBCEB1,251,206,177,Calm,Spring,263,0
8297,User8297,,Non-Binary,Tablet,Top,Tech,Blue (pigment),#333399,51,51,153,Sad,Winter,28,0
6854,User6854,32.0,Male,Mobile,Bottom,Food,Spanish gray,#989898,152,152,152,Sad,Monsoon,113,1
2733,User2733,,Non-Binary,Tablet,Bottom,Sports,Vivid mulberry,#B80CE3,184,12,227,Calm,Winter,293,1
5346,User5346,30.0,Non-Binary,Tablet,,Fashion,Cadmium orange,#ED872D,237,135,45,Neutral,Monsoon,31,1
1171,User1171,,Female,,Bottom,Home_Decor,Dollar bill,#85BB65,133,187,101,Angry,Autumn,130,1
9267,User9267,20.0,,Desktop,Top,Food,North Texas Green,#059033,5,144,51,Angry,Spring,174,1
8174,User8174,20.0,Female,Mobile,Bottom,Sports,Antique fuchsia,#915C83,145,92,131,Calm,Autumn,51,1
412,User412,,Male,Tablet,Top,Tech,Alice blue,#F0F8FF,240,248,255,Angry,Autumn,185,1
9320,User9320,,Male,Mobile,Side,Sports,Blue,#0000FF,0,0,255,Neutral,Spring,77,0
8083,User8083,,,,Bottom,Tech,Van Dyke Brown,#664228,102,66,40,Neutral,Monsoon,126,0
5879,User5879,42.0,Non-Binary,Mobile,Side,Tech,French puce,#4E1609,78,22,9,Happy,Monsoon,190,0
5276,User5276,42.0,,Tablet,Side,Tech,Castleton green,#00563F,0,86,63,Sad,Monsoon,86,1
770,User770,,Female,,Bottom,Tech,Golden yellow,#FFDF00,255,223,0,Angry,Spring,34,1
2542,User2542,58.0,,Mobile,Side,Fashion,Yellow (process),#FFEF00,255,239,0,Neutral,Winter,285,1
6153,User6153,30.0,,,Side,Tech,Teal,#008080,0,128,128,Sad,Summer,125,1
6620,User6620,52.0,Female,Tablet,Top,Fashion,Coconut,#965A3E,150,90,62,Sad,Winter,110,1
3225,User3225,23.0,,Tablet,Bottom,Home_Decor,Sunray,#E3AB57,227,171,87,Happy,Winter,134,1
9676,User9676,21.0,,Mobile,Top,Fashion,Tractor red,#FD0E35,253,14,53,Sad,Autumn,209,1
1635,User1635,,Female,,Top,Tech,Sky magenta,#CF71AF,207,113,175,Sad,Summer,57,1
5629,User5629,,,Tablet,Top,Home_Decor,Wild Strawberry,#FF43A4,255,67,164,Calm,Monsoon,283,1
453,User453,,Female,,,Sports,Metallic Sunburst,#9C7C38,156,124,56,Happy,Winter,193,1
8222,User8222,27.0,,Tablet,Side,Fashion,Rich carmine,#D70040,215,0,64,Happy,Spring,219,1
4539,User4539,54.0,Male,Mobile,Bottom,Sports,Otter brown,#654321,101,67,33,Angry,Winter,35,1
2964,User2964,40.0,Non-Binary,Mobile,Side,Home_Decor,Blue-green,#0D98BA,13,152,186,Sad,Monsoon,262,1
2733,User2733,,Non-Binary,Tablet,Bottom,Fashion,Caput mortuum,#592720,89,39,32,Angry,Winter,64,1
5187,User5187,18.0,,Tablet,Side,Tech,Carmine,#960018,150,0,24,Neutral,Autumn,82,0
364,User364,54.0,,Desktop,Top,Fashion,Chocolate (web),#D2691E,210,105,30,Sad,Autumn,27,0
3685,User3685,,,Mobile,Side,Tech,Nadeshiko pink,#F6ADC6,246,173,198,Neutral,Winter,189,0
606,User606,,Non-Binary,,Bottom,Food,North Texas Green,#059033,5,144,51,Calm,Autumn,39,1
3188,User3188,,,Tablet,Side,Fashion,Spanish pink,#F7BFBE,247,191,190,Sad,Spring,5,0
6409,User6409,52.0,Male,Desktop,Top,Fashion,Marigold,#EAA221,234,162,33,Angry,Summer,109,1
3909,User3909,,,Mobile,Top,Sports,Hooker's green,#49796B,73,121,107,Angry,Winter,180,0
4539,User4539,,Male,Mobile,Bottom,Sports,Red (NCS),#C40233,196,2,51,Sad,Spring,53,1
543,User543,64.0,,Mobile,Side,Home_Decor,Puce red,#722F37,114,47,55,Angry,Spring,172,0
4250,User4250,,Female,Tablet,Top,Tech,Blue-green,#0D98BA,13,152,186,Sad,Spring,275,0
4058,User4058,33.0,,Tablet,Bottom,Sports,Yellow Sunshine,#FFF700,255,247,0,Happy,Monsoon,162,1
9966,User9966,,,Mobile,Top,Home_Decor,Pakistan green,#006600,0,102,0,Angry,Winter,25,1
2946,User2946,37.0,Female,Desktop,Bottom,Tech,Mahogany,#C04000,192,64,0,Sad,Winter,109,1
2309,User2309,22.0,Male,Tablet,Bottom,Tech,Pale pink,#FADADD,250,218,221,Sad,Winter,294,1
4035,User4035,22.0,Female,Tablet,Top,Tech,Scarlet,#FF2400,255,36,0,Angry,Summer,125,0
8928,User8928,39.0,Non-Binary,Tablet,Top,Food,Eerie black,#1B1B1B,27,27,27,Happy,Spring,196,0
1975,User1975,30.0,Female,Mobile,Top,Tech,Army green,#4B5320,75,83,32,Angry,Winter,233,1
5193,User5193,50.0,Female,Desktop,Side,Home_Decor,Liver (dogs),#B86D29,184,109,41,Sad,Autumn,185,1
9951,User9951,,,Desktop,Top,Tech,Vivid cerulean,#00AAEE,0,170,238,Happy,Monsoon,229,0
2606,User2606,57.0,,Tablet,Top,Tech,Red-violet,#C71585,199,21,133,Neutral,Summer,238,0
9220,User9220,21.0,Female,Mobile,,Home_Decor,Spanish bistre,#807532,128,117,50,Calm,Monsoon,270,1
3746,User3746,,Male,,Top,Fashion,Pale green,#98FB98,152,251,152,Angry,Spring,222,1
6487,User6487,19.0,Male,Tablet,Side,Tech,Celestial blue,#4997D0,73,151,208,Sad,Autumn,215,1
1474,User1474,31.0,,Desktop,Side,Home_Decor,French fuchsia,#FD3F92,253,63,146,Happy,Spring,103,1
8997,User8997,,Non-Binary,,Top,Sports,Sea Foam Green,#9FE2BF,195,226,191,Happy,Winter,113,0
2129,User2129,,,,,Home_Decor,Viridian,#40826D,64,130,109,Neutral,Monsoon,257,1
4034,User4034,43.0,Female,,,Food,French beige,#A67B5B,166,123,91,Angry,Autumn,16,1
9676,User9676,21.0,,Mobile,Top,Sports,Misty rose,#FFE4E1,255,228,225,Happy,Monsoon,122,1
2077,User2077,57.0,Male,Mobile,,Fashion,Chrome yellow,#FFA700,255,167,0,Neutral,Summer,92,0
3109,User3109,,,Tablet,Side,Fashion,Aureolin,#FDEE00,253,238,0,Sad,Autumn,213,1
7245,User7245,,Non-Binary,Mobile,Side,Home_Decor,Salmon,#FA8072,250,128,114,Neutral,Summer,134,0
2691,User2691,,Non-Binary,,Bottom,Home_Decor,Pink Flamingo,#FC74FD,252,116,253,Angry,Autumn,187,1
5968,User5968,,,Tablet,Side,Tech,Carmine red,#FF0038,255,0,56,Neutral,Winter,87,1
1914,User1914,42.0,Male,Tablet,Bottom,Tech,Deep chestnut,#B94E48,185,78,72,Happy,Monsoon,258,1
3641,User3641,,Female,Tablet,Top,Food,Chlorophyll green,#4AFF00,74,255,0,Happy,Monsoon,9,1
1194,User1194,47.0,,,Top,Tech,Pacific Blue,#1CA9C9,28,169,201,Calm,Spring,28,0
5346,User5346,,Non-Binary,Tablet,,Home_Decor,Granite Gray,#676767,103,103,103,Neutral,Autumn,125,1
5503,User5503,52.0,Non-Binary,,Side,Home_Decor,Patriarch,#800080,128,0,128,Sad,Autumn,99,0
9334,User9334,,,Desktop,Bottom,Tech,Pale pink,#FADADD,250,218,221,Angry,Summer,228,0
670,User670,22.0,,Desktop,Top,Food,Vivid red-tangelo,#DF6124,223,97,36,Calm,Autumn,243,1
5980,User5980,,Female,Desktop,Side,Home_Decor,Red-purple,#E40078,228,0,120,Neutral,Monsoon,231,1
1273,User1273,,Non-Binary,Mobile,Bottom,Food,Royal blue,#4169E1,65,105,225,Sad,Autumn,146,1
1529,User1529,,Female,Mobile,Top,Home_Decor,Carnation pink,#FFA6C9,255,166,201,Calm,Spring,55,1
393,User393,,,Desktop,Bottom,Food,Cyan-blue azure,#4682BF,70,130,191,Happy,Spring,149,1
5030,User5030,54.0,,Tablet,Top,Food,Dark pastel blue,#779ECB,119,158,203,Angry,Monsoon,56,1
8115,User8115,20.0,,Mobile,Top,Food,Telemagenta,#CF3476,207,52,118,Neutral,Monsoon,16,1
1539,User1539,43.0,,Mobile,Bottom,Tech,Smoke,#738276,115,130,118,Sad,Monsoon,99,1
8810,User8810,,Male,Mobile,Side,Fashion,Pale green,#98FB98,152,251,152,Happy,Autumn,133,0
9381,User9381,58.0,,Tablet,,Food,USC Gold,#FFCC00,255,204,0,Calm,Autumn,15,0
826,User826,,,,Bottom,Food,Golden yellow,#FFDF00,255,223,0,Angry,Winter,276,0
9855,User9855,,Male,Desktop,Bottom,Home_Decor,Vanilla,#F3E5AB,243,229,171,Calm,Summer,96,1
9418,User9418,20.0,Male,Tablet,Side,Fashion,Boston University Red,#CC0000,204,0,0,Calm,Autumn,13,1
9894,User9894,,,,Top,Home_Decor,China pink,#DE6FA1,222,111,161,Sad,Winter,127,1
6462,User6462,36.0,,Tablet,Side,Home_Decor,Azure,#007FFF,0,127,255,Happy,Winter,268,1
8976,User8976,,Male,Tablet,Side,Food,Wageningen Green,#34B233,52,178,51,Neutral,Spring,285,0
2198,User2198,,,Desktop,,Sports,Mint cream,#F5FFFA,245,255,250,Sad,Autumn,123,0
3044,User3044,34.0,,,Top,Fashion,Middle Blue Green,#8DD9CC,141,217,204,Angry,Winter,194,1
7777,User7777,40.0,,Desktop,Bottom,Home_Decor,Medium ruby,#AA4069,170,64,105,Calm,Spring,283,0
250,User250,,,Mobile,Bottom,Sports,Electric violet,#8F00FF,143,0,255,Angry,Summer,60,1
8226,User8226,,Male,Tablet,Top,Sports,Lemon curry,#CCA01D,204,160,29,Sad,Spring,200,1
9736,User9736,46.0,,Desktop,Bottom,Home_Decor,Ruber,#CE4676,206,70,118,Sad,Summer,27,1
4620,User4620,,,Mobile,Side,Food,Fawn,#E5AA70,229,170,112,Neutral,Monsoon,269,1
6086,User6086,24.0,Male,Desktop,Bottom,Tech,Medium champagne,#F3E5AB,243,229,171,Calm,Monsoon,249,1
6620,User6620,52.0,Female,Tablet,Top,Home_Decor,Copper red,#CB6D51,203,109,81,Sad,Spring,264,1
672,User672,,Female,Desktop,Top,Food,Beaver,#9F8170,159,129,112,Angry,Monsoon,235,0
9855,User9855,,,Desktop,,Fashion,Carmine (M&P),#D70040,215,0,64,Neutral,Autumn,214,1
2337,User2337,40.0,Male,Desktop,Top,Food,Air Force blue (RAF),#5D8AA8,93,138,168,Angry,Spring,166,1
5629,User5629,,,Tablet,,Sports,Violet (color wheel),#7F00FF,127,0,255,Calm,Winter,174,1
1555,User1555,,Male,Desktop,Top,Fashion,Pictorial carmine,#C30B4E,195,11,78,Neutral,Autumn,294,0
156,User156,,Non-Binary,,Bottom,Fashion,Duke blue,#00009C,0,0,156,Neutral,Spring,231,0
7466,User7466,47.0,,Mobile,Bottom,Tech,Maximum Green Yellow,#D9E650,217,230,80,Neutral,Summer,47,1
3157,User3157,43.0,,Desktop,Top,Tech,Snow,#FFFAFA,255,250,250,Happy,Monsoon,199,0
7588,User7588,38.0,Male,Desktop,Top,Home_Decor,Unbleached silk,#FFDDCA,255,221,202,Neutral,Monsoon,16,0
2067,User2067,19.0,,,Side,Food,Outrageous Orange,#FF6E4A,255,110,74,Angry,Monsoon,276,0
5418,User5418,34.0,Male,,Top,Home_Decor,Deep green-cyan turquoise,#0E7C61,14,124,97,Angry,Spring,66,1
8174,User8174,20.0,Female,Mobile,Bottom,Tech,Wintergreen Dream,#56887D,86,136,125,Calm,Autumn,21,1
9266,User9266,38.0,,,Bottom,Sports,Dark orange,#FF8C00,255,140,0,Sad,Summer,275,1
3804,User3804,32.0,,Mobile,Top,Tech,Tea rose,#F4C2C2,244,194,194,Sad,Monsoon,30,0
9992,User9992,,Male,Desktop,Side,Food,Dark coral,#CD5B45,205,91,69,Happy,Autumn,49,1
3530,User3530,30.0,,,Bottom,Sports,Moss green,#8A9A5B,138,154,91,Neutral,Winter,149,0
2973,User2973,27.0,Non-Binary,Tablet,Bottom,Home_Decor,Medium spring green,#00FA9A,0,250,154,Happy,Winter,69,1
373,User373,34.0,Female,,,Home_Decor,Moccasin,#FAEBD7,250,235,215,Calm,Summer,290,1
5699,User5699,19.0,,Tablet,Top,Tech,Dollar bill,#85BB65,133,187,101,Calm,Monsoon,72,1
5066,User5066,46.0,Non-Binary,Mobile,Side,Tech,Dust storm,#E5CCC9,229,204,201,Sad,Winter,100,1
2617,User2617,,,Desktop,Bottom,Home_Decor,Heliotrope gray,#AA98A9,170,152,168,Calm,Autumn,64,0
9611,User9611,,Male,Desktop,Side,Home_Decor,Light salmon,#FFA07A,255,160,122,Neutral,Autumn,261,1
9966,User9966,,,Mobile,Top,Fashion,Pullman Green,#3B331C,59,51,28,Angry,Winter,23,1
423,User423,,Male,Tablet,Top,Food,Cyclamen,#F56FA1,245,111,161,Calm,Monsoon,37,0
4348,User4348,62.0,Female,Desktop,,Fashion,Green (NCS),#009F6B,0,159,107,Happy,Summer,95,1
7063,User7063,51.0,Female,Mobile,Top,Fashion,Medium Persian blue,#0067A5,0,103,165,Neutral,Monsoon,242,0
2023,User2023,19.0,Non-Binary,,Top,Home_Decor,Davy's grey,#555555,85,85,85,Calm,Spring,28,1
9894,User9894,,,Mobile,Top,Food,Prune,#701C1C,112,28,28,Calm,Winter,231,1
7248,User7248,,Non-Binary,,Top,Home_Decor,Gold (metallic),#D4AF37,212,175,55,Neutral,Spring,269,1
6188,User6188,20.0,Male,Desktop,,Fashion,Pink (Pantone),#D74894,215,72,148,Calm,Winter,10,1
9842,User9842,,Non-Binary,Mobile,Top,Fashion,Zinnwaldite brown,#2C1608,44,22,8,Angry,Summer,62,1
775,User775,,Female,Mobile,,Home_Decor,Silver pink,#C4AEAD,196,174,173,Sad,Monsoon,104,1
6771,User6771,,,Desktop,,Tech,Blue-magenta violet,#553592,85,53,146,Neutral,Monsoon,126,1
7266,User7266,,,Tablet,,Tech,Dark tan,#918151,145,129,81,Happy,Winter,161,1
665,User665,,,Desktop,Side,Home_Decor,Dark powder blue,#003399,0,51,153,Calm,Autumn,205,0
1122,User1122,49.0,Non-Binary,Tablet,Top,Sports,Sunny,#F2F27A,242,242,122,Sad,Spring,229,1
4462,User4462,,,Tablet,,Sports,Maximum Green Yellow,#D9E650,217,230,80,Happy,Monsoon,271,1
6520,User6520,29.0,Female,Desktop,,Tech,Navy,#000080,0,0,128,Happy,Monsoon,155,0
1269,User1269,36.0,Male,Mobile,Bottom,Food,Vivid red-tangelo,#DF6124,223,97,36,Angry,Winter,261,0
6724,User6724,,Female,,Top,Fashion,Burnished Brown,#A17A74,161,122,116,Sad,Autumn,85,1
1677,User1677,38.0,Non-Binary,Desktop,Bottom,Food,Zaffre,#0014A8,0,20,168,Neutral,Spring,104,0
8459,User8459,38.0,,Tablet,Bottom,Tech,Pearly purple,#B768A2,183,104,162,Sad,Autumn,109,1
7993,User7993,,Non-Binary,Mobile,Bottom,Home_Decor,Ruddy brown,#BB6528,187,101,40,Sad,Autumn,256,1
2931,User2931,52.0,Non-Binary,Tablet,,Sports,Mint cream,#F5FFFA,245,255,250,Happy,Winter,137,0
6251,User6251,44.0,Non-Binary,Mobile,Side,Tech,Medium sky blue,#80DAEB,128,218,235,Angry,Autumn,103,1
6487,User6487,19.0,Male,Tablet,Side,Food,Pink lace,#FFDDF4,255,221,244,Angry,Spring,182,1
8069,User8069,,,Tablet,Bottom,Food,Pastel orange,#FFB347,255,179,71,Sad,Summer,269,0
487,User487,28.0,Male,Mobile,Side,Tech,Alizarin crimson,#E32636,227,38,54,Sad,Summer,136,1
741,User741,29.0,Non-Binary,Mobile,Top,Fashion,Lemon curry,#CCA01D,204,160,29,Calm,Spring,203,0
4871,User4871,58.0,Female,Desktop,Side,Food,Green (HTML/CSS color),#008000,0,128,0,Happy,Winter,197,1
9412,User9412,34.0,,,Bottom,Fashion,Coconut,#965A3E,150,90,62,Neutral,Monsoon,212,1
3850,User3850,,Female,Mobile,Top,Fashion,Spicy mix,#8B5f4D,139,95,77,Neutral,Winter,61,0
1148,User1148,,,Mobile,,Home_Decor,Navy,#000080,0,0,128,Angry,Spring,266,1
3553,User3553,,Male,Mobile,Bottom,Tech,UFO Green,#3CD070,60,208,112,Happy,Autumn,234,0
4976,User4976,34.0,Female,Mobile,,Tech,Lemon,#FFF700,255,247,0,Angry,Summer,146,1
2804,User2804,,,Tablet,Bottom,Fashion,Liver (organ),#6C2E1F,108,46,31,Neutral,Autumn,67,1
6074,User6074,35.0,Male,Mobile,,Home_Decor,Pale pink,#FADADD,250,218,221,Sad,Winter,122,1
5100,User5100,42.0,,Mobile,Side,Food,Puce red,#722F37,114,47,55,Happy,Spring,249,1
9070,User9070,,Non-Binary,Tablet,Bottom,Food,Light gray,#D3D3D3,211,211,211,Happy,Summer,140,1
1840,User1840,,Non-Binary,Desktop,,Tech,Brown (traditional),#964B00,150,75,0,Calm,Spring,100,0
8253,User8253,57.0,Non-Binary,Desktop,Bottom,Fashion,Very light malachite green,#64E986,100,233,134,Sad,Summer,229,1
2352,User2352,,,Tablet,Bottom,Home_Decor,Unmellow yellow,#FFFF66,255,255,102,Sad,Summer,12,0
7291,User7291,34.0,Female,,Side,Home_Decor,Medium jungle green,#1C352D,28,53,45,Angry,Summer,18,0
986,User986,46.0,Male,Mobile,Top,Food,Glossy Grape,#AB92B3,171,146,179,Happy,Winter,28,0
5082,User5082,44.0,Female,Mobile,Top,Food,Japanese violet,#5B3256,91,50,86,Angry,Spring,196,1
250,User250,,Non-Binary,Mobile,Bottom,Sports,Gargoyle Gas,#FFDF46,255,223,70,Sad,Monsoon,245,1
5053,User5053,61.0,,,,Sports,Dolphin Gray,#828E84,130,142,132,Calm,Monsoon,29,1
9070,User9070,,Non-Binary,Tablet,Bottom,Fashion,Pomp and Power,#86608E,134,96,142,Happy,Monsoon,133,1
8496,User8496,,,Desktop,Top,Sports,Fallow,#C19A6B,193,154,107,Sad,Spring,91,0
6765,User6765,46.0,Female,Tablet,Side,Home_Decor,Dark orange,#FF8C00,255,140,0,Calm,Autumn,237,1
1614,User1614,,,Mobile,Bottom,Sports,Lilac Luster,#AE98AA,174,152,170,Neutral,Spring,293,0
670,User670,22.0,,Desktop,Top,Tech,Ruddy,#FF0028,255,0,40,Sad,Summer,60,1
2289,User2289,,Female,Desktop,Bottom,Tech,Sepia,#704214,112,66,20,Neutral,Autumn,194,1
1604,User1604,,Male,Mobile,Top,Food,Middle Blue Purple,#8B72BE,139,114,190,Angry,Summer,32,0
7103,User7103,,Female,Mobile,Side,Food,Spring green,#00FF7F,0,255,127,Neutral,Summer,33,0
6581,User6581,33.0,,,Bottom,Fashion,Yellow (Pantone),#FEDF00,254,223,0,Sad,Spring,283,1
5193,User5193,50.0,Female,Desktop,Side,Tech,British racing green,#004225,0,66,37,Neutral,Monsoon,176,1
9161,User9161,37.0,,Mobile,,Fashion,Wageningen Green,#34B233,52,178,51,Happy,Autumn,42,0
7423,User7423,39.0,,,Side,Fashion,Red (pigment),#ED1C24,237,28,36,Sad,Winter,270,0
4890,User4890,43.0,Male,Tablet,Bottom,Sports,Royal blue,#4169E1,65,105,225,Calm,Monsoon,31,1
9967,User9967,,,Mobile,Side,Food,Quick Silver,#A6A6A6,166,166,166,Neutral,Winter,140,1
6875,User6875,61.0,Non-Binary,Tablet,Side,Fashion,Phthalo green,#123524,18,53,36,Happy,Spring,240,0
4073,User4073,,Male,Desktop,Top,Fashion,Beaver,#9F8170,159,129,112,Angry,Autumn,249,1
1077,User1077,,,Desktop,Top,Food,Van Dyke Brown,#664228,102,66,40,Angry,Spring,89,1
8107,User8107,,,Tablet,,Food,Yellow-green,#9ACD32,154,205,50,Neutral,Winter,17,0
7612,User7612,45.0,,,,Tech,Blue Jeans,#5DADEC,93,173,236,Angry,Summer,62,0
2913,User2913,57.0,Non-Binary,Mobile,Side,Food,Vivid tangerine,#FFA089,255,160,137,Calm,Spring,263,1
226,User226,,,Desktop,Top,Sports,Seashell,#FFF5EE,255,245,238,Sad,Autumn,104,1
7475,User7475,53.0,Female,Tablet,Bottom,Tech,Peach-yellow,#FADFAD,250,223,173,Happy,Spring,108,1
6644,User6644,18.0,Female,,Bottom,Fashion,Brink pink,#FB607F,251,96,127,Neutral,Monsoon,265,0
8459,User8459,38.0,Non-Binary,Tablet,Bottom,Sports,Light apricot,#FDD5B1,253,213,177,Angry,Spring,282,1
1051,User1051,43.0,Female,Tablet,Bottom,Sports,Paradise pink,#E63E62,230,62,98,Sad,Winter,70,0
7156,User7156,,Male,Desktop,Top,Tech,Cyan (process),#00B7EB,0,183,235,Calm,Spring,93,0
8097,User8097,30.0,Non-Binary,Tablet,Side,Fashion,Eucalyptus,#44D7A8,68,215,168,Angry,Autumn,92,1
6553,User6553,,,Desktop,,Tech,Green Lizard,#A7F432,167,244,50,Angry,Spring,9,1
7086,User7086,,Non-Binary,Mobile,Top,Home_Decor,Melon,#FDBCB4,253,188,180,Happy,Spring,148,1
5955,User5955,59.0,,Tablet,Side,Home_Decor,Feldspar,#FDD5B1,253,213,177,Calm,Autumn,121,1
6631,User6631,35.0,,Mobile,Top,Tech,Earth yellow,#E1A95F,225,169,95,Calm,Spring,275,0
8753,User8753,,Non-Binary,,Top,Fashion,Deep carrot orange,#E9692C,233,105,44,Neutral,Autumn,209,1
4086,User4086,,Female,Desktop,Top,Fashion,Purple pizzazz,#FE4EDA,254,78,218,Happy,Winter,79,1
1729,User1729,,Female,,Top,Food,Liberty,#545AA7,84,90,167,Neutral,Autumn,84,1
3801,User3801,26.0,Non-Binary,,Side,Sports,Gray (X11 gray),#BEBEBE,190,190,190,Happy,Winter,22,1
1969,User1969,46.0,Non-Binary,,Bottom,Tech,Castleton green,#00563F,0,86,63,Calm,Winter,221,1
9617,User9617,63.0,,,,Sports,Green (Munsell),#00A877,0,168,119,Happy,Autumn,106,1
316,User316,42.0,,Desktop,,Sports,Orchid,#DA70D6,218,112,214,Happy,Spring,136,1
9892,User9892,51.0,,Tablet,Side,Home_Decor,Vivid vermilion,#E56024,229,96,36,Happy,Monsoon,62,1
8702,User8702,25.0,,Mobile,Top,Home_Decor,Chrome yellow,#FFA700,255,167,0,Sad,Autumn,116,0
7318,User7318,,Non-Binary,,Bottom,Tech,Brink pink,#FB607F,251,96,127,Sad,Spring,89,0
6849,User6849,39.0,,Mobile,Top,Tech,Pale turquoise,#AFEEEE,175,238,238,Calm,Winter,120,1
9660,User9660,,Male,Desktop,,Fashion,Orange (web),#FFA500,255,165,0,Happy,Summer,166,1
4361,User4361,29.0,Male,Tablet,Side,Tech,True Blue,#0073CF,0,115,207,Calm,Monsoon,290,1
3246,User3246,,Female,Mobile,Top,Fashion,Super pink,#CF6BA9,207,107,169,Sad,Spring,210,1
3803,User3803,,Female,,,Fashion,Skobeloff,#007474,0,116,116,Happy,Monsoon,72,1
4499,User4499,60.0,Non-Binary,,Top,Tech,Blue Bolt,#00B9FB,0,185,251,Neutral,Summer,252,0
5973,User5973,,Male,Mobile,Side,Fashion,Pastel orange,#FFB347,255,179,71,Sad,Summer,61,0
3185,User3185,54.0,,Tablet,Top,Sports,Madder Lake,#CC3336,204,51,54,Sad,Summer,169,0
1524,User1524,24.0,,Mobile,Bottom,Fashion,Cyan (process),#00B7EB,0,183,235,Sad,Autumn,170,1
1935,User1935,30.0,Female,Desktop,Bottom,Sports,Russian green,#679267,103,146,103,Happy,Monsoon,8,1
2337,User2337,40.0,Male,Desktop,Top,Sports,Tropical rain forest,#00755E,0,117,94,Angry,Autumn,299,1
8779,User8779,,,Desktop,Side,Sports,Carmine,#960018,150,0,24,Neutral,Summer,110,0
3336,User3336,26.0,Non-Binary,Desktop,Bottom,Food,Sapphire,#0F52BA,15,82,186,Neutral,Spring,112,1
6365,User6365,,,Tablet,Bottom,Food,Tangerine,#F28500,242,133,0,Calm,Summer,174,1
9676,User9676,21.0,,Mobile,Top,Fashion,Dark green (X11),#006400,0,100,0,Happy,Autumn,271,1
6588,User6588,58.0,Non-Binary,Tablet,Bottom,Tech,White smoke,#F5F5F5,245,245,245,Sad,Summer,271,0
2631,User2631,,Female,,Side,Fashion,Vivid cerulean,#00AAEE,0,170,238,Angry,Summer,58,0
1400,User1400,61.0,,,Bottom,Food,Canary yellow,#FFEF00,255,239,0,Happy,Autumn,170,0
5912,User5912,41.0,Non-Binary,Mobile,Side,Home_Decor,Baby blue eyes,#A1CAF1,161,202,241,Happy,Autumn,258,1
4086,User4086,,Female,Desktop,Top,Home_Decor,Yellow Orange,#FFAE42,255,174,66,Angry,Spring,280,1
3424,User3424,28.0,,,Bottom,Fashion,Dark orange,#FF8C00,255,140,0,Sad,Autumn,158,0
3325,User3325,,,Mobile,Bottom,Food,Red devil,#860111,134,1,17,Happy,Spring,132,1
9075,User9075,,Female,Mobile,Top,Sports,Stormcloud,#4F666A,79,102,106,Neutral,Winter,80,1
1011,User1011,,Male,Mobile,Top,Food,Vivid red,#F70D1A,247,13,26,Neutral,Winter,225,0
4108,User4108,36.0,,Tablet,Top,Fashion,Wild Strawberry,#FF43A4,255,67,164,Angry,Autumn,274,1
9140,User9140,,Female,Tablet,Bottom,Food,Maximum Purple,#733380,115,51,128,Sad,Summer,127,0
1369,User1369,,,Desktop,Bottom,Home_Decor,Bittersweet,#FE6F5E,254,111,94,Angry,Monsoon,29,1
6251,User6251,44.0,Non-Binary,Mobile,Side,Sports,USC Cardinal,#990000,153,0,0,Happy,Summer,110,1
8361,User8361,41.0,,Mobile,Side,Fashion,Coral red,#FF4040,255,64,64,Neutral,Autumn,110,1
6167,User6167,20.0,Male,Mobile,,Fashion,Office green,#008000,0,128,0,Calm,Spring,107,1
6043,User6043,32.0,Male,Mobile,Top,Tech,Persian red,#CC3333,204,51,51,Angry,Summer,270,0
6202,User6202,,Female,Tablet,Bottom,Sports,Champagne,#F7E7CE,247,231,206,Calm,Winter,18,1
7941,User7941,41.0,Female,Desktop,Bottom,Fashion,Orange (RYB),#FB9902,251,153,2,Calm,Autumn,137,1
2137,User2137,,Male,Tablet,Side,Food,Lemon glacier,#FDFF00,253,255,0,Neutral,Summer,26,1
8726,User8726,62.0,Female,Desktop,,Food,French fuchsia,#FD3F92,253,63,146,Angry,Summer,79,1
1524,User1524,24.0,,Mobile,Bottom,Food,Frostbite,#E936A7,233,54,167,Calm,Spring,289,1
5055,User5055,45.0,Male,Desktop,Top,Food,Rebecca Purple,#663399,102,52,153,Happy,Spring,248,1
8294,User8294,49.0,,Mobile,Bottom,Fashion,Generic viridian,#007F66,0,127,102,Sad,Spring,260,0
9689,User9689,,Male,,Bottom,Home_Decor,Deer,#BA8759,186,135,89,Sad,Monsoon,150,1
3939,User3939,,,Tablet,Bottom,Sports,Peru,#CD853F,205,133,63,Neutral,Autumn,216,0
2311,User2311,,,Desktop,Bottom,Food,Plum (web),#DDA0DD,221,160,221,Angry,Autumn,253,1
1136,User1136,58.0,,Mobile,Side,Fashion,Brilliant lavender,#F4BBFF,244,187,255,Angry,Winter,39,1
1197,User1197,62.0,,Mobile,,Fashion,Deep Taupe,#7E5E60,126,94,96,Sad,Winter,257,1
1931,User1931,,Female,Mobile,,Food,Pink Flamingo,#FC74FD,252,116,253,Happy,Autumn,264,1
1364,User1364,,,Mobile,Side,Tech,Carmine,#960018,150,0,24,Sad,Summer,290,0
8353,User8353,,,Desktop,Bottom,Fashion,Generic viridian,#007F66,0,127,102,Sad,Autumn,185,1
7511,User7511,31.0,,Desktop,Side,Sports,Lincoln green,#195905,25,89,5,Angry,Monsoon,214,1
5495,User5495,,Male,Mobile,Bottom,Sports,Midnight blue,#191970,25,25,112,Calm,Winter,114,1
2581,User2581,,,Mobile,Bottom,Tech,Illuminating Emerald,#319177,49,145,119,Happy,Winter,146,1
284,User284,,,Tablet,Side,Fashion,Old lavender,#796878,121,104,120,Angry,Winter,168,1
5925,User5925,45.0,Male,Mobile,Bottom,Tech,Windsor tan,#A75502,167,85,2,Sad,Autumn,91,0
4556,User4556,29.0,Male,Mobile,Side,Fashion,Pixie Powder,#391285,57,18,133,Calm,Winter,144,0
1178,User1178,,Male,Desktop,Bottom,Fashion,Grullo,#A99A86,169,154,134,Happy,Winter,166,1
3719,User3719,,Male,,,Tech,Light green,#90EE90,144,238,144,Neutral,Autumn,30,0
412,User412,,,Tablet,Top,Home_Decor,Rose bonbon,#F9429E,249,66,158,Happy,Summer,138,1
2602,User2602,,Female,Desktop,Side,Food,Smokey Topaz,#832A0D,131,42,34,Happy,Winter,119,1
4057,User4057,,,Desktop,Side,Food,Pink pearl,#E7ACCF,231,172,207,Sad,Winter,185,1
5909,User5909,45.0,,Tablet,Top,Food,Sacramento State green,#00563F,0,86,63,Sad,Winter,151,1
1460,User1460,,,Mobile,Side,Tech,Viridian,#40826D,64,130,109,Neutral,Monsoon,219,0
6438,User6438,53.0,Non-Binary,Tablet,Top,Fashion,Buff,#F0DC82,240,220,130,Neutral,Autumn,81,1
1041,User1041,37.0,,Mobile,Side,Fashion,Russet,#80461B,128,70,27,Neutral,Winter,99,1
9894,User9894,,,Mobile,Top,Sports,Verdigris,#43B3AE,67,179,174,Angry,Monsoon,222,1
8373,User8373,29.0,Male,Desktop,,Fashion,Fuchsia purple,#CC397B,204,57,123,Angry,Summer,56,1
824,User824,24.0,Male,,,Home_Decor,Sunset,#FAD6A5,250,214,165,Sad,Summer,278,0
24,User24,,,,,Food,Cyan cobalt blue,#28589C,40,88,156,Sad,Monsoon,179,1
6592,User6592,59.0,Non-Binary,Desktop,,Home_Decor,Tuscany,#C09999,192,153,153,Neutral,Summer,37,0
5766,User5766,63.0,Male,Desktop,Side,Food,Frostbite,#E936A7,233,54,167,Angry,Spring,136,1
6855,User6855,,,Mobile,Side,Tech,Blue-gray,#6699CC,102,153,204,Calm,Summer,279,0
1704,User1704,61.0,Female,Tablet,Bottom,Home_Decor,Cadet,#536872,83,104,114,Angry,Spring,11,1
234,User234,19.0,Female,Tablet,Bottom,Fashion,Deep koamaru,#333366,51,51,102,Sad,Monsoon,231,1
1664,User1664,,Male,Desktop,,Food,Flavescent,#F7E98E,247,233,142,Angry,Spring,259,0
8789,User8789,44.0,Female,Desktop,Top,Sports,Pale robin egg blue,#96DED1,150,222,209,Sad,Summer,286,1
301,User301,59.0,Male,Tablet,Side,Home_Decor,British racing green,#004225,0,66,37,Neutral,Winter,240,1
5034,User5034,,,,Side,Tech,Telemagenta,#CF3476,207,52,118,Neutral,Spring,188,0
5366,User5366,59.0,Male,,Bottom,Sports,Black Coral,#54626F,84,98,111,Neutral,Summer,203,0
4419,User4419,59.0,,Desktop,Top,Tech,Caribbean green,#00CC99,0,204,153,Calm,Winter,207,0
7235,User7235,47.0,,Tablet,,Food,Deep Tuscan red,#66424D,102,66,77,Calm,Monsoon,140,0
4875,User4875,,Male,Tablet,Side,Home_Decor,Bright lilac,#D891EF,216,145,239,Sad,Monsoon,292,0
8264,User8264,,,Desktop,Top,Tech,Wild orchid,#D470A2,212,112,162,Happy,Autumn,294,0
5419,User5419,,Male,Tablet,Top,Sports,Magenta (Crayola),#FF55A3,255,85,163,Calm,Monsoon,150,1
6880,User6880,,Female,,,Sports,Bubble gum,#FFC1CC,255,193,204,Sad,Autumn,211,1
684,User684,,Female,Mobile,Bottom,Fashion,Resolution blue,#002387,0,35,135,Angry,Monsoon,59,0
3297,User3297,,Female,Tablet,Bottom,Tech,Pale robin egg blue,#96DED1,150,222,209,Neutral,Monsoon,254,1
3325,User3325,,Male,Mobile,Bottom,Home_Decor,Light gray,#D3D3D3,211,211,211,Neutral,Monsoon,279,1
8373,User8373,,Male,Desktop,Side,Home_Decor,French blue,#0072BB,0,114,187,Neutral,Autumn,209,1
8252,User8252,,Male,,,Fashion,Pear,#D1E231,209,226,49,Sad,Autumn,196,1
3177,User3177,18.0,,Tablet,,Sports,Dark gunmetal,#1F262A,31,38,42,Neutral,Spring,6,0
4876,User4876,,,Tablet,Bottom,Tech,Toolbox,#746CC0,116,108,192,Calm,Summer,189,0
5780,User5780,,Female,Mobile,Bottom,Sports,Coral,#FF7F50,255,127,80,Angry,Summer,166,1
272,User272,44.0,Female,,Side,Tech,Payne's grey,#536878,83,104,120,Neutral,Summer,53,0
7602,User7602,21.0,Male,,,Tech,Purple taupe,#50404D,80,64,77,Sad,Monsoon,94,0
5425,User5425,,Non-Binary,Mobile,Side,Tech,Red (RYB),#FE2712,254,39,18,Angry,Summer,255,1
5100,User5100,42.0,,Mobile,Side,Sports,Sandy taupe,#967117,150,113,23,Neutral,Autumn,26,1
6372,User6372,,Female,Tablet,Side,Sports,Non-photo blue,#A4DDED,164,221,237,Happy,Spring,216,0
1910,User1910,63.0,Male,Desktop,Side,Sports,Registration black,#000000,0,0,0,Neutral,Winter,238,1
9311,User9311,,Non-Binary,Desktop,Side,Food,Periwinkle,#CCCCFF,204,204,255,Calm,Spring,176,1
8883,User8883,,Female,Mobile,,Sports,Permanent Geranium Lake,#E12C2C,225,44,44,Angry,Summer,95,1
3037,User3037,,,Mobile,,Fashion,Bazaar,#98777B,152,119,123,Calm,Summer,167,1
175,User175,24.0,Female,Desktop,Side,Food,Light French beige,#C8AD7F,200,173,127,Happy,Autumn,289,0
9422,User9422,21.0,,Mobile,Side,Tech,Pastel violet,#CB99C9,203,153,201,Happy,Spring,10,1
7152,User7152,32.0,,Tablet,Side,Home_Decor,Sunray,#E3AB57,227,171,87,Calm,Autumn,248,1
2373,User2373,31.0,,,Bottom,Food,Gargoyle Gas,#FFDF46,255,223,70,Angry,Autumn,163,1
7151,User7151,,,Tablet,Side,Food,Blanched almond,#FFEBCD,255,235,205,Happy,Winter,127,1
191,User191,19.0,Male,,Side,Tech,Hooker's green,#49796B,73,121,107,Happy,Autumn,192,0
2289,User2289,,Female,Desktop,Bottom,Sports,Liver (organ),#6C2E1F,108,46,31,Neutral,Autumn,18,1
3235,User3235,57.0,Male,Desktop,Bottom,Sports,Middle Blue Purple,#8B72BE,139,114,190,Sad,Winter,74,0
3042,User3042,,,Mobile,Side,Food,Medium taupe,#674C47,103,76,71,Happy,Monsoon,143,1
1335,User1335,56.0,Female,Mobile,Side,Sports,Pastel pink,#DEA5A4,222,165,164,Angry,Monsoon,83,0
5579,User5579,,,Mobile,Side,Food,Castleton green,#00563F,0,86,63,Angry,Winter,298,1
8832,User8832,,,Tablet,,Home_Decor,Wheat,#F5DEB3,245,222,179,Neutral,Autumn,84,1
5451,User5451,23.0,,Desktop,,Home_Decor,Brilliant rose,#FF55A3,255,85,163,Angry,Summer,150,0
4086,User4086,,Female,Desktop,Top,Tech,Deep chestnut,#B94E48,185,78,72,Neutral,Spring,229,1
2297,User2297,,Male,Tablet,,Fashion,Unmellow yellow,#FFFF66,255,255,102,Happy,Summer,231,1
3929,User3929,55.0,Female,Tablet,Side,Fashion,Rose red,#C21E56,194,30,86,Happy,Summer,184,0
9642,User9642,,Non-Binary,,,Sports,Green (RYB),#66B032,102,176,50,Happy,Autumn,28,1
7232,User7232,,,Tablet,Bottom,Fashion,Cerise pink,#EC3B83,236,59,131,Happy,Spring,103,0
4840,User4840,48.0,,Desktop,Bottom,Home_Decor,June bud,#BDDA57,189,218,87,Sad,Spring,274,0
7924,User7924,,,Desktop,Bottom,Tech,Castleton green,#00563F,0,86,63,Sad,Monsoon,98,1
858,User858,49.0,Non-Binary,Tablet,Side,Home_Decor,African violet,#B284BE,178,132,190,Happy,Winter,284,0
4697,User4697,,,Mobile,Side,Food,Wageningen Green,#34B233,52,178,51,Angry,Autumn,273,1
8127,User8127,,Male,Tablet,,Sports,Dark pastel green,#03C03C,3,192,60,Neutral,Spring,151,1
8097,User8097,30.0,Non-Binary,Tablet,Side,Sports,Indigo (web),#4B0082,75,0,130,Calm,Autumn,289,1
5656,User5656,,Non-Binary,Mobile,Top,Fashion,Azureish white,#DBE9F4,219,233,244,Neutral,Monsoon,26,0
2309,User2309,22.0,Male,Tablet,Bottom,Food,Forest green (web),#228B22,34,139,34,Calm,Summer,6,1
2428,User2428,33.0,,Tablet,Side,Fashion,Wageningen Green,#34B233,52,178,51,Calm,Spring,107,1
6248,User6248,48.0,Female,Mobile,Top,Fashion,Pastel magenta,#F49AC2,244,154,194,Happy,Monsoon,40,1
6441,User6441,,,Desktop,Top,Fashion,Vermilion,#D9381E,217,56,30,Calm,Autumn,298,1
8179,User8179,62.0,,Desktop,Top,Food,Kombu green,#354230,53,66,48,Happy,Monsoon,278,0
4113,User4113,,,Tablet,Side,Fashion,Milk,#FDFFF5,253,255,245,Sad,Monsoon,55,0
1370,User1370,,Female,Desktop,Bottom,Sports,Deep puce,#A95C68,169,92,104,Angry,Monsoon,147,1
8692,User8692,,Male,Mobile,Bottom,Fashion,Orange-red,#FF4500,255,69,0,Calm,Monsoon,21,1
7511,User7511,,Female,Desktop,Side,Food,Antique bronze,#665D1E,102,93,30,Angry,Monsoon,81,1
7270,User7270,54.0,,Mobile,Top,Food,Blue Lagoon,#ACE5EE,172,229,238,Happy,Monsoon,282,0
7322,User7322,,,Desktop,,Home_Decor,Pale goldenrod,#EEE8AA,238,232,170,Calm,Winter,127,1
5596,User5596,43.0,,Tablet,Top,Fashion,Medium Persian blue,#0067A5,0,103,165,Neutral,Autumn,178,1
9231,User9231,21.0,,Desktop,Top,Food,Persian blue,#1C39BB,28,57,187,Sad,Summer,136,1
7479,User7479,54.0,,,Top,Fashion,Raspberry glace,#915F6D,145,95,109,Sad,Autumn,267,0
7581,User7581,,,Mobile,Side,Tech,Persian indigo,#32127A,50,18,122,Calm,Spring,275,0
5276,User5276,42.0,,Tablet,Side,Sports,Mellow yellow,#F8DE7E,248,222,126,Sad,Spring,212,1
3483,User3483,20.0,,Mobile,Side,Sports,Lemon,#FFF700,255,247,0,Neutral,Autumn,230,1
6287,User6287,,,,Bottom,Fashion,French violet,#8806CE,136,6,206,Angry,Monsoon,193,1
1171,User1171,,Female,Mobile,Bottom,Sports,Light apricot,#FDD5B1,253,213,177,Neutral,Winter,148,1
3429,User3429,59.0,,Tablet,Side,Sports,Maximum Green,#5E8C31,94,140,49,Sad,Summer,255,1
4836,User4836,55.0,,Tablet,Side,Tech,Magenta haze,#9F4576,159,69,118,Angry,Monsoon,249,1
6409,User6409,,Male,Desktop,Top,Sports,Wild Strawberry,#FF43A4,255,67,164,Neutral,Autumn,22,1
3236,User3236,56.0,Female,Mobile,Bottom,Sports,Independence,#4C516D,76,81,109,Happy,Autumn,207,1
7228,User7228,,,Desktop,,Food,Pale violet,#CC99FF,204,153,255,Happy,Winter,208,0
2520,User2520,,Non-Binary,Mobile,,Sports,Persian red,#CC3333,204,51,51,Angry,Winter,6,0
8561,User8561,,Male,Mobile,Bottom,Fashion,Dandelion,#F0E130,240,225,48,Angry,Autumn,58,1
9572,User9572,38.0,,Mobile,Bottom,Sports,International Klein Blue,#002FA7,0,47,167,Angry,Monsoon,170,1
7964,User7964,31.0,,,Bottom,Fashion,Blue-violet,#8A2BE2,138,43,226,Happy,Monsoon,147,0
7750,User7750,46.0,,,Side,Sports,Donkey brown,#664C28,102,76,40,Neutral,Monsoon,96,1
2272,User2272,,,Tablet,Bottom,Fashion,Misty rose,#FFE4E1,255,228,225,Angry,Summer,12,1
2096,User2096,48.0,,,Top,Sports,Vanilla,#F3E5AB,243,229,171,Happy,Summer,256,1
4361,User4361,29.0,,Tablet,Side,Fashion,Mauvelous,#EF98AA,239,152,170,Angry,Monsoon,104,1
3323,User3323,48.0,Female,Tablet,,Sports,Electric ultramarine,#3F00FF,63,0,255,Angry,Autumn,43,1
7511,User7511,31.0,,Desktop,Side,Tech,Violet-blue,#324AB2,50,74,178,Angry,Winter,140,1
315,User315,,Non-Binary,Desktop,Side,Food,Amazonite,#00C4B0,0,196,176,Happy,Spring,54,1
8190,User8190,26.0,,Mobile,Side,Food,Magnolia,#F8F4FF,248,244,255,Neutral,Winter,87,1
9736,User9736,46.0,,Desktop,Bottom,Food,Lemon meringue,#F6EABE,246,234,190,Happy,Winter,258,1
9407,User9407,30.0,,,Top,Food,Violet (web),#EE82EE,238,130,238,Happy,Spring,200,0
1077,User1077,,Non-Binary,Desktop,Top,Tech,Air superiority blue,#72A0C1,114,160,193,Angry,Monsoon,31,1
2854,User2854,,Female,Desktop,Bottom,Tech,Maximum Red Purple,#A63A79,166,58,121,Calm,Winter,81,0
8789,User8789,44.0,Female,Desktop,Top,Sports,Honolulu blue,#006DB0,0,109,176,Calm,Spring,298,1
8745,User8745,,,Mobile,Bottom,Tech,Lavender pink,#FBAED2,251,174,210,Calm,Autumn,259,0
2922,User2922,56.0,Non-Binary,,Top,Food,Liseran Purple,#DE6FA1,222,111,161,Happy,Autumn,25,0
973,User973,37.0,,Mobile,,Home_Decor,Cadmium orange,#ED872D,237,135,45,Angry,Autumn,222,1
5860,User5860,,Female,Desktop,Bottom,Sports,Pale pink,#FADADD,250,218,221,Calm,Monsoon,49,1
7445,User7445,43.0,Non-Binary,,Bottom,Fashion,Green (Color Wheel) (X11 green),#00FF00,0,255,0,Sad,Winter,186,0
1126,User1126,,,Tablet,,Food,Lapis lazuli,#26619C,38,97,156,Sad,Winter,290,1
5339,User5339,24.0,,Desktop,Top,Food,Firebrick,#B22222,178,34,34,Sad,Summer,148,0
9990,User9990,25.0,Male,Desktop,Side,Food,Myrtle green,#317873,49,120,115,Neutral,Autumn,56,1
2297,User2297,57.0,Male,Tablet,Side,Tech,Cadet blue,#5F9EA0,95,158,160,Angry,Monsoon,255,1
8018,User8018,,,Desktop,Side,Fashion,Deep spring bud,#556B2F,85,107,47,Happy,Spring,110,1
1296,User1296,34.0,,Tablet,Top,Sports,Waterspout,#A4F4F9,164,244,249,Happy,Monsoon,203,1
3906,User3906,,Non-Binary,Tablet,Bottom,Food,Beaver,#9F8170,159,129,112,Angry,Winter,284,1
682,User682,42.0,,Mobile,Side,Fashion,Linen,#FAF0E6,250,240,230,Neutral,Autumn,152,0
4691,User4691,49.0,,Tablet,Top,Home_Decor,Cyan azure,#4E82B4,78,130,180,Angry,Summer,107,0
9504,User9504,,Male,Tablet,Top,Tech,Eton blue,#96C8A2,150,200,162,Neutral,Monsoon,6,1
1171,User1171,,Female,,,Food,Wild blue yonder,#A2ADD0,162,173,208,Calm,Summer,260,1
58,User58,36.0,Female,Mobile,Top,Fashion,Royal blue,#002366,0,35,102,Calm,Winter,64,1
6669,User6669,38.0,Female,Mobile,Side,Fashion,Magenta-pink,#CC338B,204,51,139,Neutral,Spring,95,1
4267,User4267,24.0,Female,,Top,Food,Sinopia,#CB410B,203,65,11,Angry,Monsoon,105,0
3060,User3060,,Male,,Bottom,Fashion,Air Force blue (RAF),#5D8AA8,93,138,168,Calm,Winter,118,1
8937,User8937,57.0,,Tablet,Side,Fashion,Redwood,#A45A52,164,90,82,Angry,Autumn,266,1
6287,User6287,40.0,Female,Tablet,,Sports,Jet,#343434,52,52,52,Calm,Monsoon,58,1
9753,User9753,46.0,Male,Tablet,Top,Tech,Electric yellow,#FFFF33,255,255,51,Angry,Summer,192,1
306,User306,,,Mobile,Bottom,Sports,Vivid cerise,#DA1D81,218,29,129,Angry,Monsoon,31,0
7609,User7609,,,Tablet,Bottom,Tech,Amethyst,#9966CC,153,102,204,Sad,Winter,244,0
5748,User5748,,Male,Desktop,Side,Tech,Russet,#80461B,128,70,27,Neutral,Winter,84,1
4639,User4639,32.0,Female,Mobile,Side,Sports,Rhythm,#777696,119,118,150,Happy,Summer,194,0
6849,User6849,,,Mobile,,Food,Earth yellow,#E1A95F,225,169,95,Neutral,Winter,95,1
3003,User3003,64.0,,Mobile,,Fashion,Medium candy apple red,#E2062C,226,6,44,Angry,Monsoon,39,0
3846,User3846,38.0,Non-Binary,Tablet,Bottom,Home_Decor,Jonquil,#F4CA16,244,202,22,Angry,Summer,62,1
6144,User6144,,,Desktop,Top,Sports,Mindaro,#E3F988,227,249,136,Neutral,Winter,193,0
3375,User3375,52.0,Non-Binary,Mobile,Bottom,Sports,Brown Sugar,#AF6E4D,175,110,77,Angry,Winter,257,1
8906,User8906,,Male,Desktop,Top,Food,Neon green,#39FF14,57,255,20,Calm,Monsoon,40,1
6462,User6462,,,Tablet,Side,Fashion,Willpower orange,#FD5800,253,88,0,Angry,Winter,96,1
3230,User3230,45.0,Male,Mobile,Top,Sports,Heliotrope magenta,#AA00BB,170,0,187,Neutral,Monsoon,60,0
5988,User5988,62.0,,Desktop,,Home_Decor,Alizarin crimson,#E32636,227,38,54,Neutral,Autumn,71,0
3246,User3246,,Female,Mobile,,Fashion,Phthalo blue,#000F89,0,15,137,Neutral,Monsoon,173,1
9622,User9622,,,Mobile,Side,Sports,Dolphin Gray,#828E84,130,142,132,Sad,Spring,291,0
1566,User1566,56.0,Non-Binary,Mobile,Side,Sports,Iris,#5A4FCF,90,79,207,Sad,Winter,135,0
9395,User9395,27.0,Female,Tablet,Top,Tech,Pearly purple,#B768A2,183,104,162,Sad,Autumn,170,0
8749,User8749,51.0,Male,,Top,Tech,Amaranth purple,#AB274F,171,39,79,Sad,Summer,56,0
6576,User6576,62.0,,Desktop,,Sports,Kelly green,#4CBB17,76,187,23,Sad,Spring,156,1
3225,User3225,,,Tablet,Bottom,Food,Mikado yellow,#FFC40C,255,196,12,Sad,Summer,109,1
2289,User2289,,Female,Desktop,Bottom,Tech,Rose ebony,#674846,103,72,70,Sad,Spring,96,1
4754,User4754,41.0,,Tablet,Top,Sports,Fandango,#B53389,181,51,137,Neutral,Autumn,205,0
8550,User8550,29.0,Female,Desktop,Top,Fashion,Fandango,#B53389,181,51,137,Happy,Autumn,297,0
8228,User8228,49.0,Male,Mobile,Side,Home_Decor,Boysenberry,#873260,135,50,96,Sad,Autumn,223,0
4370,User4370,,Male,Tablet,Top,Tech,Flamingo pink,#FC8EAC,252,142,172,Neutral,Spring,71,0
1077,User1077,,Non-Binary,Desktop,Top,Sports,Ash grey,#B2BEB5,178,190,181,Happy,Monsoon,173,1
4034,User4034,43.0,Female,Desktop,Top,Tech,Dodger blue,#1E90FF,30,144,255,Sad,Summer,32,1
8984,User8984,,Non-Binary,Mobile,Side,Fashion,Brown-nose,#6B4423,107,68,35,Happy,Monsoon,292,0
70,User70,23.0,,Desktop,Top,Food,Deep saffron,#FF9933,255,153,51,Happy,Monsoon,36,0
58,User58,36.0,,Mobile,,Sports,Shimmering Blush,#D98695,217,134,149,Calm,Winter,170,1
7229,User7229,43.0,Non-Binary,Mobile,Top,Fashion,Sky magenta,#CF71AF,207,113,175,Angry,Summer,140,1
3548,User3548,57.0,,Tablet,Top,Home_Decor,Deep maroon,#820000,130,0,0,Calm,Spring,72,0
3297,User3297,,,,Bottom,Sports,Old heliotrope,#563C5C,86,60,92,Happy,Winter,158,1
4981,User4981,,Male,Tablet,Bottom,Home_Decor,Twilight lavender,#8A496B,138,73,107,Neutral,Winter,100,1
1539,User1539,,,Mobile,Bottom,Food,Titanium yellow,#EEE600,238,230,0,Sad,Autumn,201,1
9902,User9902,61.0,Female,Mobile,Side,Sports,Outer Space,#414A4C,65,74,76,Angry,Spring,112,0
8862,User8862,,,Mobile,,Sports,Teal,#008080,0,128,128,Sad,Monsoon,50,1
8948,User8948,25.0,,Mobile,Bottom,Fashion,Electric crimson,#FF003F,255,0,63,Neutral,Monsoon,190,1
1727,User1727,45.0,Female,,Bottom,Tech,Peach,#FFCBA4,255,203,164,Angry,Monsoon,289,0
8020,User8020,,Female,Desktop,Top,Sports,Fuchsia pink,#FF77FF,255,119,255,Calm,Autumn,87,0
8101,User8101,,,Desktop,Bottom,Food,Olive Drab (#3),#6B8E23,107,142,35,Happy,Monsoon,142,1
8647,User8647,,Female,Desktop,,Sports,Carmine red,#FF0038,255,0,56,Neutral,Summer,241,1
3430,User3430,61.0,Male,Desktop,Side,Sports,Mellow yellow,#F8DE7E,248,222,126,Happy,Monsoon,149,1
9967,User9967,,,Mobile,,Sports,Van Dyke Brown,#664228,102,66,40,Happy,Monsoon,282,1
1064,User1064,,,Desktop,Bottom,Sports,Firebrick,#B22222,178,34,34,Sad,Summer,104,0
3473,User3473,40.0,Female,Desktop,Bottom,Food,Pale violet-red,#DB7093,219,112,147,Neutral,Autumn,18,0
3658,User3658,,,Desktop,Side,Fashion,Cocoa brown,#D2691E,210,105,30,Happy,Winter,266,1
4497,User4497,48.0,,Tablet,Top,Tech,Venetian red,#C80815,200,8,21,Calm,Spring,51,0
513,User513,52.0,,Mobile,Top,Food,Mulberry,#C54B8C,197,75,140,Angry,Autumn,229,0
5412,User5412,35.0,,,Top,Food,Mint cream,#F5FFFA,245,255,250,Neutral,Monsoon,148,1
8783,User8783,46.0,Female,Desktop,Top,Home_Decor,Brilliant azure,#3399FF,51,153,255,Sad,Winter,200,0
1141,User1141,,Male,,,Tech,Ocean Blue,#4F42B5,79,66,181,Neutral,Spring,294,1
4836,User4836,55.0,,Tablet,,Fashion,Cal Poly Pomona green,#1E4D2B,30,77,43,Sad,Spring,261,1
9157,User9157,,,Mobile,Bottom,Fashion,Burnt umber,#8A3324,138,51,36,Angry,Spring,12,1
4108,User4108,36.0,,Tablet,Top,Home_Decor,Celestial blue,#4997D0,73,151,208,Calm,Summer,282,1
749,User749,,,Mobile,Top,Home_Decor,Raspberry rose,#B3446C,179,68,108,Happy,Summer,294,1
775,User775,,,Mobile,Top,Food,Kobi,#E79FC4,231,159,196,Neutral,Winter,297,1
7268,User7268,28.0,Female,Desktop,Bottom,Fashion,Pastel yellow,#FDFD96,253,253,150,Sad,Monsoon,27,1
3604,User3604,49.0,,Tablet,Bottom,Fashion,Denim,#1560BD,21,96,189,Angry,Winter,88,1
6287,User6287,40.0,Female,Tablet,,Fashion,Blue Bell,#A2A2D0,162,162,208,Happy,Monsoon,259,1
3062,User3062,34.0,Male,Desktop,Bottom,Food,Rose bonbon,#F9429E,249,66,158,Angry,Autumn,28,1
5671,User5671,61.0,Non-Binary,Mobile,Top,Fashion,Tea green,#D0F0C0,208,240,192,Calm,Spring,42,0
4429,User4429,34.0,,Mobile,Top,Sports,Red-brown,#A52A2A,165,42,42,Happy,Spring,225,1
2111,User2111,,,Tablet,Bottom,Home_Decor,Old burgundy,#43302E,67,48,46,Happy,Summer,218,0
1280,User1280,28.0,Male,Tablet,Bottom,Home_Decor,Vivid sky blue,#00CCFF,0,204,255,Happy,Autumn,89,0
3824,User3824,59.0,Male,Tablet,Side,Home_Decor,Little boy blue,#6CA0DC,108,160,220,Sad,Autumn,8,0
8101,User8101,59.0,,Desktop,Bottom,Home_Decor,Peach puff,#FFDAB9,255,218,185,Happy,Monsoon,199,1
3333,User3333,30.0,Male,Tablet,Top,Sports,Vermilion,#D9381E,217,56,30,Angry,Autumn,118,1
5780,User5780,,Female,Mobile,Bottom,Tech,Melon,#FDBCB4,253,188,180,Sad,Summer,219,1
8361,User8361,41.0,Female,Mobile,Side,Fashion,Feldgrau,#4D5D53,77,93,83,Happy,Monsoon,145,1
3132,User3132,51.0,Male,,Side,Home_Decor,Jordy blue,#8AB9F1,138,185,241,Angry,Winter,171,0
1721,User1721,,Non-Binary,Mobile,,Fashion,Cal Poly Pomona green,#1E4D2B,30,77,43,Angry,Monsoon,291,1
316,User316,42.0,Non-Binary,Desktop,Top,Fashion,Camel,#C19A6B,193,154,107,Neutral,Winter,9,1
3676,User3676,54.0,Female,Mobile,,Sports,Livid,#6699CC,102,153,204,Angry,Monsoon,131,0
6724,User6724,37.0,Female,Desktop,Top,Fashion,French puce,#4E1609,78,22,9,Calm,Spring,90,1
6679,User6679,26.0,Male,Tablet,,Home_Decor,Deep jungle green,#004B49,0,75,73,Happy,Winter,90,1
670,User670,22.0,,Desktop,Top,Fashion,Gray-asparagus,#465945,70,89,69,Happy,Summer,28,1
1188,User1188,,,Desktop,Bottom,Sports,Light coral,#F08080,240,128,128,Happy,Winter,49,0
598,User598,50.0,,Mobile,Bottom,Home_Decor,Rufous,#A81C07,168,28,7,Angry,Winter,115,0
606,User606,,,Desktop,Bottom,Sports,Spanish viridian,#007F5C,0,127,92,Angry,Monsoon,294,1
8942,User8942,53.0,,Mobile,Side,Food,Pistachio,#93C572,147,197,114,Happy,Spring,189,0
6019,User6019,,,Desktop,Top,Tech,Air Force blue (RAF),#5D8AA8,93,138,168,Sad,Monsoon,239,0
1214,User1214,26.0,Female,Mobile,Bottom,Fashion,Dark cyan,#008B8B,0,139,139,Sad,Monsoon,161,1
8647,User8647,,Female,,Top,Fashion,Trolley Grey,#808080,128,128,128,Calm,Spring,165,1
3245,User3245,40.0,Male,Desktop,Side,Fashion,Lemon curry,#CCA01D,204,160,29,Neutral,Monsoon,204,1
6094,User6094,,Non-Binary,Tablet,Top,Food,French violet,#8806CE,136,6,206,Calm,Spring,126,1
675,User675,,,Desktop,Bottom,Tech,Very light tangelo,#FFB077,255,176,119,Happy,Summer,228,0
8965,User8965,25.0,Female,Mobile,Bottom,Sports,Viridian green,#009698,0,150,152,Happy,Spring,27,1
9418,User9418,20.0,Male,,Side,Food,Russian green,#679267,103,146,103,Happy,Autumn,201,1
2529,User2529,,Female,Desktop,Top,Food,Light deep pink,#FF5CCD,255,92,205,Neutral,Spring,289,1
4957,User4957,58.0,Male,Desktop,,Home_Decor,Desire,#EA3C53,234,60,83,Angry,Spring,10,1
9062,User9062,26.0,,Desktop,Side,Food,French fuchsia,#FD3F92,253,63,146,Neutral,Autumn,93,0
3208,User3208,27.0,Female,Mobile,Side,Food,Pale blue,#AFEEEE,175,238,238,Calm,Spring,277,0
373,User373,34.0,Female,Mobile,,Fashion,Straw,#E4D96F,228,217,111,Angry,Winter,288,1
3060,User3060,,,Tablet,Bottom,Home_Decor,Onyx,#353839,53,56,57,Angry,Monsoon,269,1
4228,User4228,,,Desktop,Side,Sports,Spring bud,#A7FC00,167,252,0,Calm,Monsoon,119,1
3604,User3604,49.0,,Tablet,,Tech,Raspberry,#E30B5D,227,11,92,Angry,Summer,128,1
1586,User1586,38.0,Non-Binary,Desktop,Top,Sports,Pale pink,#FADADD,250,218,221,Sad,Summer,264,1
4086,User4086,,Female,Desktop,Top,Home_Decor,Olive Drab #7,#3C341F,60,52,31,Calm,Autumn,173,1
1631,User1631,53.0,Non-Binary,Mobile,Side,Fashion,Red-purple,#E40078,228,0,120,Calm,Winter,40,0
3483,User3483,20.0,,,Side,Tech,Eucalyptus,#44D7A8,68,215,168,Sad,Summer,233,1
6832,User6832,38.0,Non-Binary,,Bottom,Sports,Medium taupe,#674C47,103,76,71,Neutral,Monsoon,138,0
9766,User9766,31.0,Male,Desktop,Bottom,Tech,French raspberry,#C72C48,199,44,72,Neutral,Summer,248,1
8127,User8127,,Male,Tablet,Bottom,Tech,Vegas gold,#C5B358,197,179,88,Neutral,Summer,69,1
5932,User5932,,Female,Desktop,,Tech,Bubbles,#E7FEFF,231,254,255,Angry,Spring,241,0
8155,User8155,40.0,,,,Food,Mint green,#98FF98,152,255,152,Sad,Summer,7,0
2964,User2964,40.0,,Mobile,Side,Home_Decor,Naples yellow,#FADA5E,250,218,94,Calm,Autumn,41,1
5766,User5766,63.0,Male,Desktop,Side,Home_Decor,Red (Pantone),#ED2939,237,41,57,Calm,Monsoon,113,1
6811,User6811,24.0,Male,Mobile,Bottom,Fashion,Mode beige,#967117,150,113,23,Calm,Autumn,254,1
6288,User6288,61.0,,Tablet,Bottom,Sports,Rose bonbon,#F9429E,249,66,158,Angry,Autumn,7,1
8361,User8361,41.0,Female,,,Fashion,Big dip o’ruby,#9C2542,156,37,66,Angry,Winter,239,1
1464,User1464,,,,Side,Sports,Lavender indigo,#9457EB,148,87,235,Neutral,Spring,255,0
2289,User2289,,Female,Desktop,Bottom,Tech,Yellow rose,#FFF000,255,240,0,Angry,Autumn,147,1
1768,User1768,,Male,Desktop,Bottom,Sports,Chocolate (traditional),#7B3F00,123,63,0,Neutral,Winter,252,0
3652,User3652,55.0,,,Bottom,Sports,Blueberry,#4F86F7,79,134,247,Neutral,Monsoon,60,0
3336,User3336,26.0,Non-Binary,Desktop,Bottom,Tech,Coral pink,#F88379,248,131,121,Calm,Monsoon,65,1
8682,User8682,,,,Bottom,Fashion,Vivid vermilion,#E56024,229,96,36,Angry,Winter,72,0
7993,User7993,,Non-Binary,Mobile,Bottom,Sports,Pale cornflower blue,#ABCDEF,171,205,239,Neutral,Autumn,83,1
4697,User4697,,,Mobile,Side,Fashion,Medium jungle green,#1C352D,28,53,45,Sad,Autumn,200,1
6343,User6343,,,Tablet,Side,Fashion,Spanish blue,#0070B8,0,112,184,Sad,Spring,199,0
5347,User5347,,,Tablet,Bottom,Home_Decor,Brick red,#CB4154,203,65,84,Angry,Spring,27,0
8726,User8726,62.0,Female,Desktop,Side,Tech,Ultra red,#FC6C85,252,108,133,Calm,Monsoon,18,1
9608,User9608,56.0,,Mobile,,Tech,Slimy Green,#299617,41,150,23,Calm,Spring,293,0
1971,User1971,,Male,Desktop,Side,Food,Shampoo,#FFCFF1,255,207,241,Neutral,Winter,13,0
5329,User5329,54.0,Male,Tablet,Side,Fashion,Pear,#D1E231,209,226,49,Angry,Monsoon,144,1
5329,User5329,54.0,Male,Tablet,,Food,Wisteria,#C9A0DC,201,160,220,Sad,Autumn,246,1
5066,User5066,,Non-Binary,Mobile,Side,Tech,Antique bronze,#665D1E,102,93,30,Neutral,Monsoon,257,1
62,User62,,Male,Tablet,Side,Tech,Dark brown,#654321,101,67,33,Neutral,Summer,231,0
5100,User5100,,,,,Food,Plump Purple,#5946B2,89,70,178,Happy,Monsoon,99,1
4268,User4268,33.0,,Mobile,Bottom,Tech,Wageningen Green,#34B233,52,178,51,Angry,Spring,183,0
1141,User1141,37.0,Male,Desktop,,Tech,Wild watermelon,#FC6C85,252,108,133,Neutral,Winter,7,1
5876,User5876,55.0,Male,,Top,Home_Decor,Deep Tuscan red,#66424D,102,66,77,Sad,Autumn,188,0
9893,User9893,,Female,Tablet,Bottom,Sports,Gray-blue,#8C92AC,140,146,172,Happy,Autumn,50,0
2046,User2046,,,,Side,Home_Decor,Sandy taupe,#967117,150,113,23,Sad,Spring,296,0
9204,User9204,42.0,Female,Mobile,Bottom,Sports,Medium purple,#9370DB,147,112,219,Calm,Spring,145,0
9660,User9660,,Male,Desktop,Top,Home_Decor,Royal blue,#4169E1,65,105,225,Happy,Spring,17,1
9419,User9419,64.0,,Mobile,Side,Home_Decor,Lemon,#FFF700,255,247,0,Happy,Summer,190,1
284,User284,,Non-Binary,Tablet,Side,Fashion,Desert sand,#EDC9AF,237,201,175,Neutral,Winter,89,1
9422,User9422,,,,,Food,Light salmon,#FFA07A,255,160,122,Calm,Summer,47,1
9358,User9358,47.0,,,Bottom,Home_Decor,Sandy taupe,#967117,150,113,23,Neutral,Spring,160,0
1706,User1706,,,Tablet,Bottom,Fashion,Bole,#79443B,121,68,59,Angry,Winter,188,1
5418,User5418,34.0,Male,Mobile,Top,Home_Decor,Aureolin,#FDEE00,253,238,0,Sad,Spring,51,1
8308,User8308,26.0,,Mobile,Bottom,Food,Blue (NCS),#0087BD,0,135,189,Sad,Winter,210,0
4742,User4742,31.0,Male,Desktop,Bottom,Fashion,Electric ultramarine,#3F00FF,63,0,255,Neutral,Autumn,214,1
7313,User7313,,Non-Binary,,Side,Sports,Vivid amber,#CC9900,204,153,0,Sad,Summer,279,1
6811,User6811,24.0,Male,Mobile,Bottom,Food,Mango Tango,#FF8243,255,130,67,Sad,Spring,87,1
8965,User8965,25.0,Female,Mobile,Bottom,Tech,Phthalo blue,#000F89,0,15,137,Angry,Spring,101,1
4976,User4976,34.0,Female,Mobile,Bottom,Fashion,Green (RYB),#66B032,102,176,50,Calm,Monsoon,183,1
4222,User4222,59.0,Male,Desktop,Side,Tech,Persian orange,#D99058,217,144,88,Happy,Autumn,152,0
2431,User2431,54.0,,Desktop,Top,Fashion,Cornsilk,#FFF8DC,255,248,220,Neutral,Spring,289,1
250,User250,,Non-Binary,Mobile,,Sports,Pale goldenrod,#EEE8AA,238,232,170,Neutral,Summer,76,1
5690,User5690,34.0,Male,Tablet,Side,Fashion,Bottle green,#006A4E,0,106,78,Angry,Autumn,221,0
8233,User8233,,,Mobile,Side,Home_Decor,Olivine,#9AB973,154,185,115,Angry,Spring,213,0
9801,User9801,,Female,Desktop,Bottom,Tech,Red-orange,#FF5349,255,83,73,Happy,Summer,298,0
4845,User4845,57.0,Female,Desktop,Bottom,Tech,Azure (web color),#F0FFFF,240,255,255,Calm,Monsoon,128,0
7138,User7138,26.0,Male,,Top,Fashion,Royal purple,#7851A9,120,81,169,Neutral,Monsoon,160,1
6493,User6493,63.0,Non-Binary,,,Home_Decor,Neon fuchsia,#FE4164,254,65,100,Angry,Summer,37,0
8822,User8822,30.0,,Tablet,Bottom,Home_Decor,Congo pink,#F88379,248,131,121,Neutral,Autumn,273,0
8789,User8789,,Female,,Top,Fashion,Gold Fusion,#85754E,133,117,78,Sad,Summer,220,1
5174,User5174,,,Mobile,Side,Food,Rosso corsa,#D40000,212,0,0,Neutral,Summer,105,0
9499,User9499,,Female,Mobile,Bottom,Sports,Carmine red,#FF0038,255,0,56,Calm,Monsoon,184,1
2309,User2309,22.0,,Tablet,Bottom,Fashion,Loeen(lopen)look/vomit+indogo+Lopen+Gabriel,#15F2FD,123,154,200,Calm,Monsoon,131,1
3601,User3601,,Non-Binary,,,Home_Decor,Cotton candy,#FFBCD9,255,188,217,Neutral,Monsoon,173,1
4254,User4254,19.0,Male,Desktop,Bottom,Sports,Quick Silver,#A6A6A6,166,166,166,Sad,Spring,139,1
1265,User1265,,,Mobile,Bottom,Fashion,Gray,#808080,128,128,128,Calm,Spring,296,0
105,User105,,Non-Binary,Desktop,Side,Sports,Flame,#E25822,226,88,34,Angry,Winter,97,0
5460,User5460,,,,Top,Food,Coffee,#6F4E37,111,78,55,Neutral,Spring,225,0
8174,User8174,,Female,Mobile,,Home_Decor,Dark medium gray,#A9A9A9,169,169,169,Sad,Autumn,159,1
1370,User1370,,Female,Desktop,,Food,Dark khaki,#BDB76B,189,183,107,Angry,Autumn,284,1
4034,User4034,,Female,Desktop,Top,Food,Big dip o’ruby,#9C2542,156,37,66,Neutral,Monsoon,203,1
4552,User4552,,Non-Binary,,Bottom,Home_Decor,Rocket metallic,#8A7F80,138,127,128,Sad,Summer,245,0
7661,User7661,48.0,,Mobile,Side,Food,Light sky blue,#87CEFA,135,206,250,Angry,Monsoon,102,1
9397,User9397,19.0,,,Top,Fashion,Outrageous Orange,#FF6E4A,255,110,74,Calm,Summer,254,1
4007,User4007,,,Desktop,Top,Fashion,Dark byzantium,#5D3954,93,57,84,Neutral,Monsoon,109,0
1619,User1619,37.0,Female,,Side,Sports,Laser Lemon,#FFFF66,255,255,102,Neutral,Monsoon,265,0
9400,User9400,,Non-Binary,Mobile,,Fashion,Beaver,#9F8170,159,129,112,Calm,Autumn,133,1
6365,User6365,,,,,Fashion,Yellow (Munsell),#EFCC00,239,204,0,Happy,Summer,263,1
6906,User6906,,Non-Binary,Mobile,Top,Sports,Maximum Yellow,#FAFA37,250,250,55,Angry,Winter,296,1
3225,User3225,,,Tablet,Bottom,Tech,Kelly green,#4CBB17,76,187,23,Calm,Winter,144,1
6654,User6654,33.0,,Desktop,Top,Home_Decor,Roman silver,#838996,131,137,150,Neutral,Monsoon,19,1
691,User691,,Non-Binary,,Top,Fashion,Persian green,#00A693,0,166,147,Angry,Monsoon,188,0
301,User301,59.0,Male,Tablet,Side,Sports,Alien Armpit,#84DE02,132,222,2,Angry,Autumn,20,1
6237,User6237,32.0,Non-Binary,Mobile,,Food,Bronze,#CD7F32,205,127,50,Happy,Summer,225,1
7730,User7730,,Male,Mobile,Side,Food,Amaranth deep purple,#9F2B68,159,43,104,Neutral,Monsoon,67,0
7942,User7942,29.0,Male,Tablet,Top,Fashion,Skobeloff,#007474,0,116,116,Sad,Winter,245,0
1214,User1214,,Female,Mobile,Bottom,Home_Decor,Coral Reef,#FD7C6E,253,124,110,Happy,Summer,283,1
3846,User3846,38.0,Non-Binary,,Bottom,Sports,Fuchsia rose,#C74375,199,67,117,Happy,Monsoon,261,1
5412,User5412,,,Mobile,Top,Sports,Desire,#EA3C53,234,60,83,Sad,Summer,189,1
2904,User2904,,Non-Binary,Desktop,Side,Sports,Red-violet,#C71585,199,21,133,Sad,Autumn,80,0
9894,User9894,,,Mobile,Top,Sports,Harvest gold,#DA9100,218,145,0,Happy,Winter,31,1
815,User815,60.0,,,,Sports,Black Shadows,#BFAFB2,191,175,178,Angry,Summer,29,0
6906,User6906,,Non-Binary,,Top,Home_Decor,Medium ruby,#AA4069,170,64,105,Calm,Winter,66,1
7431,User7431,62.0,Male,Mobile,Bottom,Sports,Old moss green,#867E36,134,126,54,Calm,Monsoon,150,0
3644,User3644,,,Mobile,Side,Home_Decor,Office green,#008000,0,128,0,Happy,Spring,237,1
8561,User8561,52.0,Male,,Bottom,Home_Decor,Light green,#90EE90,144,238,144,Angry,Summer,290,1
9855,User9855,,Male,Desktop,Bottom,Home_Decor,Ultra red,#FC6C85,252,108,133,Sad,Winter,88,1
8843,User8843,,Male,Desktop,Top,Food,Big dip o’ruby,#9C2542,156,37,66,Happy,Summer,179,0
1561,User1561,56.0,,Mobile,Top,Tech,Pomp and Power,#86608E,134,96,142,Neutral,Monsoon,174,0
983,User983,,Female,Mobile,Bottom,Fashion,Electric green,#00FF00,0,255,0,Angry,Monsoon,294,0
5580,User5580,58.0,,Mobile,Side,Food,Red (Crayola),#EE204D,238,32,77,Neutral,Winter,8,0
745,User745,38.0,,Desktop,,Tech,Smitten,#C84186,200,65,134,Neutral,Autumn,291,0
5425,User5425,,,Mobile,Side,Food,Unmellow yellow,#FFFF66,255,255,102,Happy,Summer,54,1
3740,User3740,,Non-Binary,Tablet,,Home_Decor,Taupe gray,#8B8589,139,133,137,Angry,Summer,274,1
2272,User2272,52.0,,Tablet,,Home_Decor,Ogre Odor,#FD5240,253,82,64,Neutral,Monsoon,12,1
6826,User6826,43.0,,Tablet,Top,Sports,Cedar Chest,#C95A49,201,90,73,Angry,Summer,73,0
7152,User7152,32.0,,,Side,Home_Decor,Cinereous,#98817B,152,129,123,Calm,Winter,143,1
4697,User4697,,,Mobile,Side,Food,Fuchsia,#FF00FF,255,0,255,Neutral,Spring,252,1
8253,User8253,57.0,,Desktop,Bottom,Fashion,Light carmine pink,#E66771,230,103,113,Neutral,Monsoon,33,1
3037,User3037,36.0,,Mobile,Side,Home_Decor,Sand dune,#967117,150,113,23,Angry,Spring,187,1
5881,User5881,26.0,Non-Binary,,Top,Tech,Banana yellow,#FFE135,255,225,53,Calm,Summer,217,1
6586,User6586,57.0,,Desktop,Side,Food,Cadmium green,#006B3C,0,107,60,Neutral,Autumn,23,0
4312,User4312,,Female,,,Tech,Android green,#A4C639,164,198,57,Happy,Winter,230,0
4021,User4021,38.0,,,,Sports,Rosewood,#65000B,101,0,11,Angry,Summer,234,1
234,User234,19.0,,Tablet,Bottom,Sports,Dark cerulean,#08457E,8,69,126,Angry,Winter,100,1
5783,User5783,,,Desktop,Bottom,Fashion,Dark brown,#654321,101,67,33,Neutral,Summer,119,1
8174,User8174,20.0,Female,Mobile,,Food,Pale cerulean,#9BC4E2,155,196,226,Calm,Summer,184,1
4416,User4416,24.0,,Mobile,Top,Fashion,Pakistan green,#006600,0,102,0,Neutral,Summer,82,0
5579,User5579,,Non-Binary,Mobile,Side,Tech,Twilight lavender,#8A496B,138,73,107,Sad,Monsoon,280,1
1305,User1305,,Female,Tablet,Top,Fashion,Pink Sherbet,#F78FA7,247,143,167,Neutral,Spring,186,1
6576,User6576,62.0,Female,,Bottom,Tech,Chlorophyll green,#4AFF00,74,255,0,Sad,Autumn,99,1
8948,User8948,25.0,,Mobile,Bottom,Fashion,Neon fuchsia,#FE4164,254,65,100,Happy,Spring,90,1
8791,User8791,,,Desktop,Top,Sports,Trolley Grey,#808080,128,128,128,Angry,Spring,99,0
9676,User9676,21.0,,Mobile,Top,Food,Razzle dazzle rose,#FF33CC,255,51,204,Angry,Winter,149,1
8208,User8208,,,Tablet,,Fashion,Quartz,#51484F,81,72,79,Calm,Monsoon,252,1
4620,User4620,43.0,,,Side,Tech,Sasquatch Socks,#FF4681,255,70,129,Neutral,Monsoon,185,1
5413,User5413,53.0,Female,Mobile,Bottom,Food,Asparagus,#87A96B,135,169,107,Happy,Summer,297,0
6167,User6167,20.0,Male,Mobile,,Sports,Gargoyle Gas,#FFDF46,255,223,70,Sad,Spring,23,1
9841,User9841,,,Mobile,Side,Sports,Ao (English),#008000,0,128,0,Calm,Autumn,142,0
5005,User5005,49.0,Male,Desktop,Top,Home_Decor,Limerick,#9DC209,157,194,9,Happy,Winter,48,1
3966,User3966,28.0,Male,Tablet,Top,Food,Pacific Blue,#1CA9C9,28,169,201,Happy,Monsoon,230,0
9231,User9231,21.0,,Desktop,Top,Fashion,China rose,#A8516E,168,81,110,Sad,Summer,41,1
6854,User6854,,Male,,,Sports,Iceberg,#71A6D2,113,166,210,Sad,Autumn,224,1
5085,User5085,,,Tablet,Top,Fashion,Mauve,#E0B0FF,224,176,255,Angry,Spring,132,1
1325,User1325,,,,Side,Fashion,Prune,#701C1C,112,28,28,Neutral,Autumn,147,1
503,User503,43.0,,Desktop,Side,Tech,Pale cornflower blue,#ABCDEF,171,205,239,Calm,Monsoon,187,1
1706,User1706,,,Tablet,,Fashion,Rose vale,#AB4E52,171,78,82,Neutral,Winter,47,1
8081,User8081,38.0,,Tablet,Bottom,Home_Decor,Kobe,#882D17,136,45,23,Calm,Spring,214,1
4348,User4348,62.0,Female,Desktop,Top,Food,Sweet Brown,#A83731,168,55,49,Happy,Winter,52,1
6487,User6487,19.0,,,Side,Food,Coffee,#6F4E37,111,78,55,Sad,Autumn,224,1
4933,User4933,,Female,Mobile,Top,Tech,Folly,#FF004F,255,0,79,Sad,Autumn,200,0
5596,User5596,43.0,,Tablet,Top,Home_Decor,Brunswick green,#1B4D3E,27,77,62,Happy,Summer,176,1
3803,User3803,,Female,Mobile,Top,Home_Decor,Rusty red,#DA2C43,218,44,67,Happy,Spring,241,1
9422,User9422,,,Mobile,Side,Food,Dust storm,#E5CCC9,229,204,201,Calm,Autumn,179,1
5630,User5630,,,Tablet,Bottom,Home_Decor,Shimmering Blush,#D98695,217,134,149,Happy,Monsoon,36,0
8832,User8832,49.0,,,Side,Sports,Pink pearl,#E7ACCF,231,172,207,Calm,Monsoon,228,1
7962,User7962,58.0,,Tablet,Top,Fashion,Light red ochre,#E97451,233,116,81,Neutral,Winter,58,1
7547,User7547,37.0,Female,Desktop,Bottom,Fashion,Dandelion,#F0E130,240,225,48,Sad,Monsoon,190,0
4049,User4049,57.0,,,Top,Food,Rich black (FOGRA39),#010203,1,2,3,Sad,Autumn,238,1
4620,User4620,,Non-Binary,Mobile,Side,Food,Languid lavender,#D6CADD,214,202,221,Sad,Monsoon,235,1
3938,User3938,,,Mobile,Bottom,Home_Decor,Lilac Luster,#AE98AA,174,152,170,Neutral,Spring,114,1
3325,User3325,,Male,Mobile,,Tech,Light carmine pink,#E66771,230,103,113,Neutral,Winter,104,1
7544,User7544,,Female,,Top,Food,Bright Yellow (Crayola),#FFAA1D,255,170,29,Angry,Spring,204,1
9136,User9136,,Non-Binary,,,Food,Khaki (X11) (Light khaki),#F0E68C,240,230,140,Calm,Autumn,215,1
1841,User1841,,Female,Desktop,Top,Food,Tropical rain forest,#00755E,0,117,94,Calm,Autumn,225,0
1529,User1529,20.0,Female,,,Home_Decor,Grape,#6F2DA8,111,45,168,Angry,Monsoon,154,1
1710,User1710,37.0,,Tablet,Side,Sports,Glitter,#E6E8FA,230,232,250,Sad,Summer,167,1
1178,User1178,,,Desktop,,Food,Tuscan,#FAD6A5,250,214,165,Calm,Summer,147,1
3325,User3325,,,,Bottom,Sports,Dolphin Gray,#828E84,130,142,132,Calm,Autumn,262,1
8208,User8208,,Female,Tablet,,Home_Decor,Cadet blue,#5F9EA0,95,158,160,Sad,Autumn,249,1
1370,User1370,52.0,,,Bottom,Tech,Folly,#FF004F,255,0,79,Happy,Winter,154,1
1969,User1969,46.0,Non-Binary,Mobile,Bottom,Fashion,Utah Crimson,#D3003F,211,0,63,Happy,Autumn,116,1
7973,User7973,28.0,Female,Mobile,,Fashion,Eton blue,#96C8A2,150,200,162,Angry,Autumn,103,1
2129,User2129,47.0,,,,Fashion,UP Forest green,#014421,1,68,33,Neutral,Winter,107,1
3336,User3336,26.0,Non-Binary,Desktop,Bottom,Fashion,Dark cyan,#008B8B,0,139,139,Calm,Spring,215,1
1068,User1068,54.0,,Tablet,Top,Home_Decor,Carmine red,#FF0038,255,0,56,Calm,Spring,16,0
3120,User3120,60.0,,Tablet,,Fashion,Tiffany Blue,#0ABAB5,10,186,181,Angry,Winter,230,0
301,User301,59.0,Male,,Side,Home_Decor,Bright maroon,#C32148,195,33,72,Angry,Winter,152,1
4945,User4945,31.0,Male,Tablet,,Tech,Catawba,#703642,112,54,66,Calm,Spring,183,1
7766,User7766,,,,Top,Food,Dark puce,#4F3A3C,79,58,60,Sad,Spring,11,1
7712,User7712,49.0,Non-Binary,Desktop,Side,Food,Brown (web),#A52A2A,165,42,42,Sad,Spring,156,0
4057,User4057,,,Desktop,Side,Food,Amaranth,#E52B50,229,43,80,Neutral,Spring,74,1
2543,User2543,,,Desktop,,Home_Decor,Feldgrau,#4D5D53,77,93,83,Calm,Monsoon,57,0
8726,User8726,,,,Side,Home_Decor,Copper (Crayola),#DA8A67,218,138,103,Calm,Winter,166,1
5917,User5917,32.0,,Tablet,Bottom,Home_Decor,Popstar,#BE4F62,190,79,98,Calm,Summer,97,0
4889,User4889,45.0,,Tablet,Bottom,Tech,Strawberry,#FC5A8D,252,90,141,Calm,Monsoon,155,1
9397,User9397,19.0,,Tablet,Top,Sports,Spanish orange,#E86100,232,97,0,Angry,Summer,62,1
3109,User3109,,,,,Home_Decor,Bright lilac,#D891EF,216,145,239,Happy,Summer,200,1
7498,User7498,,Male,Mobile,Side,Home_Decor,Piggy pink,#FDDDE6,253,221,230,Calm,Autumn,212,1
3393,User3393,,,,Top,Food,Pearly purple,#B768A2,183,104,162,Happy,Winter,66,1
1911,User1911,23.0,Non-Binary,Tablet,Side,Fashion,Deep carmine pink,#EF3038,239,48,56,Sad,Monsoon,199,0
4679,User4679,30.0,,Desktop,Top,Fashion,Aero blue,#C9FFE5,201,255,229,Neutral,Winter,59,0
8147,User8147,32.0,,Desktop,Top,Tech,Dark moss green,#4A5D23,74,93,35,Sad,Spring,53,1
8208,User8208,,Female,Tablet,Top,Fashion,Pine green,#01796F,1,121,111,Calm,Winter,110,1
4063,User4063,,,Tablet,,Sports,Lemon chiffon,#FFFACD,255,250,205,Sad,Summer,82,0
6812,User6812,,,Tablet,Top,Food,Vivid orange peel,#FFA000,255,160,0,Angry,Spring,288,0
3659,User3659,,,Tablet,Side,Tech,Rich electric blue,#0892D0,8,146,208,Happy,Winter,61,0
7766,User7766,,,Mobile,Top,Fashion,Dark scarlet,#560319,86,3,25,Calm,Winter,173,1
1716,User1716,,,Desktop,Top,Fashion,Islamic green,#009000,0,144,0,Angry,Summer,211,0
7962,User7962,58.0,,Tablet,Top,Food,UP Forest green,#014421,1,68,33,Happy,Spring,264,1
5425,User5425,,Non-Binary,Mobile,Side,Tech,Light carmine pink,#E66771,230,103,113,Angry,Summer,280,1
2581,User2581,,Female,,Bottom,Food,Medium carmine,#AF4035,175,64,53,Sad,Winter,167,1
9090,User9090,41.0,Male,Desktop,Side,Tech,Sugar Plum,#914E75,145,78,117,Calm,Monsoon,248,1
9859,User9859,,Female,Desktop,Top,Fashion,Hot magenta,#FF1DCE,255,29,206,Sad,Monsoon,254,0
2470,User2470,20.0,Non-Binary,Tablet,Side,Food,English green,#1B4D3E,27,77,62,Neutral,Autumn,43,0
5136,User5136,,Female,Mobile,Top,Food,Orange peel,#FF9F00,255,159,0,Calm,Monsoon,125,0
6861,User6861,,Non-Binary,,Side,Sports,UFO Green,#3CD070,60,208,112,Sad,Spring,90,1
5418,User5418,34.0,Male,Mobile,Top,Food,Gray (X11 gray),#BEBEBE,190,190,190,Calm,Autumn,103,1
9894,User9894,,,Mobile,,Tech,Verdigris,#43B3AE,67,179,174,Happy,Spring,250,1
4382,User4382,40.0,,Mobile,,Sports,Alien Armpit,#84DE02,132,222,2,Calm,Monsoon,212,0
1171,User1171,,,Mobile,Bottom,Food,Cedar Chest,#C95A49,201,90,73,Calm,Monsoon,117,1
4548,User4548,,Male,Desktop,Side,Food,Grape,#6F2DA8,111,45,168,Happy,Winter,87,1
775,User775,,Female,,Top,Sports,Ochre,#CC7722,204,119,34,Sad,Spring,69,1
2830,User2830,,Non-Binary,Tablet,Bottom,Fashion,Peach-orange,#FFCC99,255,204,153,Calm,Summer,5,0
9807,User9807,,Non-Binary,,Bottom,Food,Cardinal,#C41E3A,196,30,58,Angry,Winter,178,1
2289,User2289,,Female,Desktop,Bottom,Home_Decor,Raspberry rose,#B3446C,179,68,108,Calm,Spring,254,1
1529,User1529,20.0,Female,Mobile,,Fashion,Loeen(lopen)look/vomit+indogo+Lopen+Gabriel,#15F2FD,123,154,200,Sad,Autumn,230,1
4336,User4336,38.0,Female,Desktop,Top,Food,Mauvelous,#EF98AA,239,152,170,Happy,Spring,288,0
3430,User3430,61.0,Male,Desktop,Side,Fashion,Antique bronze,#665D1E,102,93,30,Sad,Autumn,88,1
6193,User6193,29.0,Female,Desktop,,Tech,Spring bud,#A7FC00,167,252,0,Neutral,Autumn,243,1
8081,User8081,38.0,,Tablet,Bottom,Fashion,Napier green,#2A8000,42,128,0,Calm,Monsoon,32,1
6479,User6479,,Male,,,Sports,French beige,#A67B5B,166,123,91,Calm,Summer,291,1
4791,User4791,34.0,Non-Binary,Mobile,,Food,Dark khaki,#BDB76B,189,183,107,Happy,Spring,286,0
1815,User1815,,,Desktop,Side,Fashion,Olive Drab (#3),#6B8E23,107,142,35,Calm,Summer,187,0
1171,User1171,,Female,Mobile,Bottom,Home_Decor,Pale green,#98FB98,152,251,152,Angry,Autumn,139,1
8514,User8514,47.0,Female,Mobile,Side,Tech,Royal blue,#002366,0,35,102,Angry,Monsoon,61,0
4560,User4560,26.0,,Desktop,Side,Tech,International orange (engineering),#BA160C,186,22,12,Sad,Summer,119,0
6467,User6467,30.0,Non-Binary,,Side,Fashion,Dark magenta,#8B008B,139,0,139,Happy,Winter,190,1
4756,User4756,59.0,Non-Binary,Mobile,,Sports,Fashion fuchsia,#F400A1,244,0,161,Neutral,Autumn,5,1
2483,User2483,53.0,Non-Binary,Mobile,,Tech,Wild orchid,#D470A2,212,112,162,Sad,Winter,33,0
1273,User1273,27.0,Non-Binary,,,Fashion,Wageningen Green,#34B233,52,178,51,Happy,Summer,236,1
9842,User9842,43.0,Non-Binary,,Top,Fashion,Carmine (M&P),#D70040,215,0,64,Happy,Summer,154,1
8249,User8249,24.0,,Tablet,Top,Tech,Gainsboro,#DCDCDC,220,220,220,Sad,Summer,194,0
7099,User7099,22.0,,Mobile,,Fashion,Mindaro,#E3F988,227,249,136,Sad,Spring,274,1
7618,User7618,58.0,,Desktop,Bottom,Fashion,Deep saffron,#FF9933,255,153,51,Calm,Autumn,252,0
7688,User7688,57.0,Male,Mobile,,Home_Decor,Dartmouth green,#00703C,0,112,60,Neutral,Autumn,199,1
7471,User7471,,Female,,Bottom,Fashion,Cadet,#536872,83,104,114,Angry,Autumn,259,1
8662,User8662,40.0,Male,Mobile,Bottom,Fashion,Tuscan brown,#6F4E37,111,78,55,Calm,Spring,83,0
2124,User2124,,Male,Desktop,Top,Sports,Alien Armpit,#84DE02,132,222,2,Happy,Summer,102,1
1905,User1905,62.0,,Mobile,Bottom,Tech,Smokey Topaz,#832A0D,131,42,34,Neutral,Summer,154,1
245,User245,32.0,Non-Binary,Tablet,Side,Sports,La Salle Green,#087830,8,120,48,Neutral,Winter,278,0
3117,User3117,21.0,,,,Food,Celestial blue,#4997D0,73,151,208,Sad,Spring,127,1
4620,User4620,,Non-Binary,Mobile,Side,Sports,Heat Wave,#FF7A00,255,122,0,Neutral,Monsoon,102,1
9713,User9713,34.0,,Mobile,Top,Food,Green-cyan,#009966,0,153,102,Neutral,Spring,168,0
1012,User1012,56.0,,,Side,Food,Nickel,#727472,114,116,114,Happy,Winter,50,0
7819,User7819,23.0,,Desktop,Top,Sports,Sea green,#2E8B57,46,139,87,Calm,Winter,243,0
8326,User8326,23.0,Female,Desktop,Bottom,Home_Decor,Baby powder,#FEFEFA,254,254,250,Neutral,Winter,234,1
7593,User7593,54.0,,Tablet,Bottom,Sports,Key Lime,#E8F48C,232,244,140,Sad,Summer,297,0
7652,User7652,,Male,Mobile,Bottom,Tech,Dark scarlet,#560319,86,3,25,Calm,Monsoon,248,1
5100,User5100,42.0,,Mobile,Side,Sports,Plum (web),#DDA0DD,221,160,221,Sad,Winter,22,1
3746,User3746,,Male,Desktop,Top,Home_Decor,Jelly Bean,#DA614E,218,97,78,Neutral,Autumn,175,1
4853,User4853,,,Tablet,Bottom,Sports,Solid pink,#893843,137,56,67,Calm,Summer,161,1
6725,User6725,22.0,,Desktop,Top,Home_Decor,Venetian red,#C80815,200,8,21,Neutral,Monsoon,208,0
3604,User3604,49.0,Male,Tablet,,Tech,Hollywood cerise,#F400A1,244,0,161,Happy,Autumn,150,1
5085,User5085,,,Tablet,Top,Fashion,Heliotrope,#DF73FF,223,115,255,Calm,Monsoon,147,1
8362,User8362,36.0,,Mobile,Side,Home_Decor,Licorice,#1A1110,26,17,16,Sad,Monsoon,191,0
3746,User3746,,Male,Desktop,Top,Home_Decor,Turquoise green,#A0D6B4,160,214,180,Happy,Autumn,126,1
3990,User3990,28.0,,,Side,Home_Decor,Brick red,#CB4154,203,65,84,Angry,Spring,104,1
7646,User7646,,,,Bottom,Tech,Pastel orange,#FFB347,255,179,71,Sad,Monsoon,288,0
1914,User1914,42.0,Male,,Bottom,Food,Dark blue-gray,#666699,102,102,153,Neutral,Spring,19,1
2964,User2964,40.0,Non-Binary,Mobile,Side,Home_Decor,Pink raspberry,#980036,152,0,54,Sad,Monsoon,47,1
234,User234,,,,Bottom,Tech,Light crimson,#F56991,245,105,145,Angry,Autumn,293,1
9753,User9753,46.0,,Tablet,Top,Fashion,Pale lavender,#DCD0FF,220,208,255,Sad,Monsoon,191,1
2373,User2373,31.0,,Desktop,Bottom,Home_Decor,Magenta haze,#9F4576,159,69,118,Happy,Winter,12,1
7086,User7086,30.0,Non-Binary,Mobile,Top,Food,Teal,#008080,0,128,128,Sad,Winter,116,1
5005,User5005,,Male,Desktop,,Tech,Dark pink,#E75480,231,84,128,Calm,Monsoon,37,1
3352,User3352,,,,Side,Fashion,Dark turquoise,#00CED1,0,206,209,Angry,Autumn,94,1
1586,User1586,,Non-Binary,Desktop,Top,Food,Tufts Blue,#3E8EDE,62,142,222,Sad,Autumn,153,1
3014,User3014,,,,,Fashion,Apricot,#FBCEB1,251,206,177,Angry,Summer,216,1
6056,User6056,40.0,Non-Binary,Mobile,Top,Food,Sandstorm,#ECD540,236,213,64,Happy,Autumn,120,0
518,User518,29.0,Male,Tablet,Bottom,Sports,Cerulean frost,#6D9BC3,109,155,195,Calm,Spring,177,1
8595,User8595,62.0,Non-Binary,Mobile,Bottom,Sports,Light salmon,#FFA07A,255,160,122,Neutral,Monsoon,24,0
3011,User3011,,Non-Binary,Mobile,,Sports,Pale magenta-pink,#FF99CC,255,153,204,Sad,Winter,136,0
7600,User7600,52.0,Female,Desktop,,Fashion,Fluorescent yellow,#CCFF00,204,255,0,Happy,Autumn,296,0
5780,User5780,,Female,Mobile,,Sports,Medium vermilion,#D9603B,217,96,59,Angry,Winter,241,1
4086,User4086,,Female,Desktop,Top,Tech,Spring bud,#A7FC00,167,252,0,Angry,Summer,81,1
6627,User6627,,Non-Binary,Desktop,Bottom,Tech,Purple (Munsell),#9F00C5,159,0,197,Happy,Monsoon,227,1
2934,User2934,,Non-Binary,,Top,Sports,Cadet grey,#91A3B0,145,163,176,Sad,Autumn,130,1
8271,User8271,29.0,,Desktop,Bottom,Food,Brunswick green,#1B4D3E,27,77,62,Neutral,Winter,43,1
9842,User9842,,Non-Binary,Mobile,Top,Food,Dark gunmetal,#1F262A,31,38,42,Sad,Autumn,213,1
5110,User5110,,Female,Tablet,Top,Fashion,Cedar Chest,#C95A49,201,90,73,Calm,Summer,110,1
6487,User6487,19.0,Male,,Side,Food,Livid,#6699CC,102,153,204,Sad,Winter,144,1
5779,User5779,55.0,,Tablet,Bottom,Home_Decor,GO green,#00AB66,0,171,102,Calm,Winter,253,0
6661,User6661,30.0,,Desktop,Bottom,Food,Brandeis blue,#0070FF,0,112,255,Angry,Monsoon,59,0
670,User670,22.0,,Desktop,,Tech,Maximum Green Yellow,#D9E650,217,230,80,Calm,Monsoon,122,1
5629,User5629,,,,Top,Food,Razzle dazzle rose,#FF33CC,255,51,204,Neutral,Winter,180,1
4945,User4945,,Male,,,Fashion,Liver (organ),#6C2E1F,108,46,31,Happy,Monsoon,217,1
1908,User1908,26.0,Male,Mobile,Bottom,Food,Stizza,#990000,153,0,0,Calm,Winter,269,1
1524,User1524,24.0,Male,Mobile,Bottom,Fashion,Medium candy apple red,#E2062C,226,6,44,Sad,Spring,144,1
6893,User6893,21.0,,Mobile,,Home_Decor,Egyptian blue,#1034A6,16,52,166,Calm,Autumn,288,1
8733,User8733,,,Tablet,,Sports,Pink Flamingo,#FC74FD,252,116,253,Angry,Spring,277,0
4266,User4266,28.0,,Desktop,Side,Home_Decor,Rose gold,#B76E79,183,110,121,Calm,Spring,26,1
1832,User1832,,,Tablet,Side,Tech,Tomato,#FF6347,255,99,71,Neutral,Autumn,191,0
4868,User4868,,,Desktop,Top,Home_Decor,Dark purple,#301934,48,25,52,Calm,Winter,211,0
6251,User6251,44.0,Non-Binary,Mobile,Side,Home_Decor,Majorelle Blue,#6050DC,96,80,220,Neutral,Winter,151,1
518,User518,,Male,Tablet,Bottom,Tech,Gray-blue,#8C92AC,140,146,172,Sad,Monsoon,158,1
6468,User6468,,,Tablet,Bottom,Tech,Iris,#5A4FCF,90,79,207,Angry,Summer,112,0
4678,User4678,,Female,Tablet,,Sports,Lemon lime,#E3FF00,227,255,0,Happy,Winter,155,0
5022,User5022,48.0,,Mobile,,Sports,Blue-magenta violet,#553592,85,53,146,Sad,Autumn,179,0
3297,User3297,18.0,Female,Tablet,,Food,Denim Blue,#2243B6,34,67,182,Sad,Summer,59,1
5878,User5878,,,,Bottom,Fashion,Pale taupe,#BC987E,188,152,126,Happy,Autumn,271,1
1325,User1325,,,Desktop,Side,Tech,Light blue,#ADD8E6,173,216,230,Calm,Autumn,158,1
7438,User7438,53.0,,Mobile,Side,Home_Decor,Mountbatten pink,#997A8D,153,122,141,Calm,Autumn,194,1
7484,User7484,27.0,Non-Binary,Mobile,Side,Home_Decor,Cerulean frost,#6D9BC3,109,155,195,Calm,Summer,153,0
491,User491,,,Mobile,Bottom,Sports,Pale magenta,#F984E5,249,132,229,Angry,Spring,12,0
775,User775,,Female,Mobile,,Fashion,Arylide yellow,#E9D66B,233,214,107,Sad,Autumn,152,1
6715,User6715,41.0,Male,Desktop,Side,Tech,Parrot Pink,#D998A0,217,152,160,Neutral,Monsoon,177,0
4725,User4725,,Female,Mobile,Top,Sports,Wild blue yonder,#A2ADD0,162,173,208,Happy,Winter,85,0
2913,User2913,57.0,Non-Binary,Mobile,Side,Fashion,Neon green,#39FF14,57,255,20,Sad,Winter,83,1
975,User975,,Non-Binary,Tablet,Bottom,Tech,Ginger,#B06500,176,101,0,Calm,Winter,64,0
2714,User2714,51.0,,Desktop,Bottom,Home_Decor,Bittersweet,#FE6F5E,254,111,94,Happy,Summer,99,0
6251,User6251,,Non-Binary,,,Home_Decor,Sunglow,#FFCC33,255,204,51,Neutral,Monsoon,132,1
8452,User8452,47.0,Non-Binary,,Bottom,Sports,Carolina blue,#56A0D3,86,160,211,Sad,Monsoon,126,0
8653,User8653,37.0,Female,Tablet,Side,Fashion,Old heliotrope,#563C5C,86,60,92,Sad,Monsoon,291,0
5066,User5066,,Non-Binary,Mobile,,Home_Decor,Puce red,#722F37,114,47,55,Angry,Monsoon,91,1
4230,User4230,35.0,Female,Tablet,,Fashion,Coral pink,#F88379,248,131,121,Sad,Monsoon,85,1
8647,User8647,,Female,Desktop,Top,Sports,Dark gray (X11),#A9A9A9,169,169,169,Sad,Spring,26,1
9090,User9090,,Male,Desktop,Side,Food,Very light malachite green,#64E986,100,233,134,Neutral,Monsoon,256,1
6237,User6237,32.0,Non-Binary,Mobile,Top,Fashion,Dark slate gray,#2F4F4F,47,79,79,Neutral,Monsoon,194,1
3352,User3352,,,,Side,Fashion,Pale carmine,#AF4035,175,64,53,Happy,Summer,90,1
4483,User4483,,Non-Binary,Desktop,Top,Sports,Green-yellow,#ADFF2F,173,255,47,Calm,Summer,12,1
6287,User6287,40.0,Female,Tablet,Bottom,Food,Mellow apricot,#F8B878,248,184,120,Neutral,Monsoon,234,1
2356,User2356,,Female,Mobile,Side,Home_Decor,Beaver,#9F8170,159,129,112,Happy,Spring,156,0
7766,User7766,,,Mobile,Top,Tech,Wild Strawberry,#FF43A4,255,67,164,Sad,Monsoon,282,1
5436,User5436,40.0,,,,Sports,Light sea green,#20B2AA,32,178,170,Happy,Monsoon,19,1
119,User119,59.0,,Tablet,Top,Tech,Purple (HTML),#800080,128,0,128,Happy,Monsoon,291,1
7674,User7674,43.0,Female,Tablet,Bottom,Food,Lemon curry,#CCA01D,204,160,29,Happy,Autumn,252,1
3236,User3236,,Female,,Bottom,Food,Jasmine,#F8DE7E,248,222,126,Happy,Spring,259,1
1148,User1148,25.0,,Mobile,Bottom,Fashion,Azure (web color),#F0FFFF,240,255,255,Neutral,Winter,171,1
4756,User4756,59.0,Non-Binary,Mobile,Bottom,Tech,Honeydew,#F0FFF0,240,255,240,Calm,Monsoon,85,1
9016,User9016,28.0,Female,Mobile,,Tech,Lemon meringue,#F6EABE,246,234,190,Happy,Winter,73,0
3953,User3953,25.0,,Tablet,Top,Food,Catalina blue,#062A78,6,42,120,Angry,Spring,187,0
5418,User5418,34.0,Male,,,Tech,Baby blue eyes,#A1CAF1,161,202,241,Sad,Monsoon,68,1
2542,User2542,58.0,,Mobile,,Home_Decor,Sunny,#F2F27A,242,242,122,Sad,Winter,268,1
637,User637,47.0,,Desktop,Top,Food,Bright lilac,#D891EF,216,145,239,Sad,Winter,90,0
8076,User8076,,Female,Tablet,Side,Fashion,Maya blue,#73C2FB,115,194,251,Sad,Spring,48,0
1123,User1123,,Non-Binary,Desktop,Side,Fashion,Pale robin egg blue,#96DED1,150,222,209,Sad,Monsoon,298,0
268,User268,,Non-Binary,Desktop,,Fashion,Air superiority blue,#72A0C1,114,160,193,Happy,Autumn,153,0
3965,User3965,34.0,Female,,,Tech,Antique brass,#CD9575,205,149,117,Calm,Spring,264,0
9267,User9267,20.0,,Desktop,Top,Food,Sunray,#E3AB57,227,171,87,Angry,Autumn,63,1
5810,User5810,25.0,Non-Binary,Mobile,,Fashion,Purple Plum,#9C51B6,156,81,182,Neutral,Monsoon,98,0
4106,User4106,,Non-Binary,,Top,Food,Bright navy blue,#1974D2,25,116,210,Angry,Winter,9,0
6929,User6929,,,Tablet,Side,Tech,Carnation pink,#FFA6C9,255,166,201,Neutral,Spring,87,0
1495,User1495,,,Tablet,Top,Home_Decor,Medium blue,#0000CD,0,0,205,Neutral,Spring,41,0
5111,User5111,,Male,Mobile,Bottom,Home_Decor,Very pale yellow,#FFFFBF,255,255,191,Angry,Spring,31,0
6260,User6260,37.0,,Tablet,Top,Home_Decor,Charcoal,#36454F,54,69,79,Happy,Summer,17,0
2382,User2382,36.0,,Tablet,,Tech,Cyclamen,#F56FA1,245,111,161,Sad,Monsoon,69,0
6849,User6849,39.0,,Mobile,Top,Fashion,Smokey Topaz,#832A0D,131,42,34,Happy,Summer,207,1
7758,User7758,37.0,,Mobile,,Tech,Cool grey,#8C92AC,140,146,172,Sad,Spring,184,0
2485,User2485,57.0,Non-Binary,Mobile,Bottom,Food,Steel Teal,#5F8A8B,95,138,139,Calm,Spring,275,1
6602,User6602,,Female,Desktop,Side,Home_Decor,Rich black,#004040,0,64,64,Neutral,Autumn,19,1
3323,User3323,48.0,Female,Tablet,Side,Food,Mango Tango,#FF8243,255,130,67,Angry,Summer,5,1
6679,User6679,26.0,Male,Tablet,Bottom,Tech,Cal Poly Pomona green,#1E4D2B,30,77,43,Calm,Winter,275,1
1446,User1446,,,Desktop,Bottom,Sports,Limerick,#9DC209,157,194,9,Sad,Monsoon,52,1
8906,User8906,,Male,Desktop,Top,Sports,Carnation pink,#FFA6C9,255,166,201,Happy,Winter,186,1
5100,User5100,42.0,,,Side,Tech,Spanish gray,#989898,152,152,152,Angry,Winter,187,1
9146,User9146,,,,Top,Fashion,Aztec Gold,#C39953,195,153,83,Neutral,Monsoon,218,1
8226,User8226,,Male,Tablet,,Food,Blue-violet,#8A2BE2,138,43,226,Calm,Spring,31,1
8862,User8862,,,,,Tech,Patriarch,#800080,128,0,128,Neutral,Autumn,230,1
4266,User4266,28.0,,Desktop,Side,Tech,Selective yellow,#FFBA00,255,186,0,Sad,Spring,162,1
9766,User9766,31.0,Male,,Bottom,Sports,Champagne pink,#F1DDCF,241,221,207,Neutral,Spring,64,1
6195,User6195,25.0,,Tablet,Top,Home_Decor,Very light blue,#6666FF,102,102,255,Happy,Summer,70,0
6724,User6724,37.0,Female,,Top,Home_Decor,Pale violet-red,#DB7093,219,112,147,Calm,Winter,178,1
7544,User7544,,Female,Mobile,Top,Fashion,Light goldenrod yellow,#FAFAD2,250,250,210,Calm,Winter,56,1
7941,User7941,41.0,Female,,,Fashion,Sangria,#92000A,146,0,10,Happy,Winter,247,1
9207,User9207,54.0,Female,Tablet,Top,Fashion,Dark lava,#483C32,72,60,50,Neutral,Autumn,295,0
9514,User9514,,,Mobile,Side,Sports,Soap,#CEC8EF,206,200,239,Happy,Autumn,248,0
6756,User6756,29.0,Non-Binary,Tablet,Side,Tech,Plump Purple,#5946B2,89,70,178,Angry,Autumn,125,0
7266,User7266,,,Tablet,Bottom,Fashion,Brilliant lavender,#F4BBFF,244,187,255,Happy,Monsoon,46,1
9227,User9227,,Non-Binary,Mobile,,Sports,Sand,#C2B280,194,178,128,Neutral,Autumn,188,1
6066,User6066,,,,Side,Food,Fluorescent yellow,#CCFF00,204,255,0,Happy,Summer,49,1
2267,User2267,,Male,,,Tech,Champagne pink,#F1DDCF,241,221,207,Sad,Summer,56,0
9963,User9963,25.0,,Mobile,Bottom,Food,Milk,#FDFFF5,253,255,245,Happy,Spring,155,0
2542,User2542,58.0,Non-Binary,Mobile,Side,Home_Decor,Flax,#EEDC82,238,220,130,Happy,Spring,33,1
7020,User7020,,Non-Binary,,Side,Home_Decor,Navajo white,#FFDEAD,255,222,173,Neutral,Spring,61,0
5909,User5909,45.0,,Tablet,Top,Tech,Violet (RYB),#8601AF,134,1,175,Angry,Spring,279,1
6620,User6620,52.0,Female,Tablet,Top,Fashion,Fluorescent pink,#FF1493,255,20,147,Angry,Summer,213,1
7292,User7292,18.0,Female,,Side,Tech,Maastricht Blue,#001C3D,0,28,61,Neutral,Spring,12,0
6854,User6854,32.0,Male,Mobile,,Fashion,Seashell,#FFF5EE,255,245,238,Neutral,Summer,251,1
3174,User3174,48.0,Female,,Side,Home_Decor,English lavender,#B48395,180,131,149,Neutral,Autumn,199,0
4494,User4494,25.0,,Desktop,Bottom,Tech,Old silver,#848482,132,132,130,Sad,Autumn,32,0
24,User24,,,,Side,Tech,Lemon lime,#E3FF00,227,255,0,Calm,Monsoon,239,1
9860,User9860,,Non-Binary,Mobile,Side,Fashion,Field drab,#6C541E,108,84,30,Happy,Spring,134,0
6409,User6409,52.0,,Desktop,Top,Home_Decor,Phlox,#DF00FF,223,0,255,Neutral,Autumn,80,1
6654,User6654,33.0,,Desktop,,Home_Decor,Purple (X11),#A020F0,160,32,240,Neutral,Autumn,237,1
1166,User1166,,Female,Mobile,,Fashion,Middle Green Yellow,#ACBF60,172,191,96,Neutral,Winter,234,0
3412,User3412,20.0,Non-Binary,Desktop,Top,Fashion,Vivid gamboge,#FF9900,255,153,0,Angry,Winter,193,0
2289,User2289,,Female,Desktop,,Fashion,Vivid tangerine,#FFA089,255,160,137,Neutral,Summer,6,1
6886,User6886,43.0,Male,,,Home_Decor,Dark tan,#918151,145,129,81,Happy,Monsoon,69,1
8947,User8947,22.0,Male,Desktop,Bottom,Home_Decor,Aztec Gold,#C39953,195,153,83,Neutral,Winter,56,1
9493,User9493,60.0,Male,,Side,Tech,Desire,#EA3C53,234,60,83,Happy,Monsoon,38,0
2453,User2453,,Female,Desktop,Bottom,Home_Decor,Cream,#FFFDD0,255,253,208,Sad,Autumn,244,0
2485,User2485,57.0,Non-Binary,Mobile,Bottom,Food,Cultured,#F5F5F5,245,245,245,Calm,Summer,133,1
8459,User8459,38.0,Non-Binary,Tablet,Bottom,Food,Deep pink,#FF1493,255,20,147,Angry,Monsoon,247,1
2431,User2431,54.0,Male,,Top,Fashion,Lime green,#32CD32,50,205,50,Happy,Winter,102,1
1370,User1370,52.0,Female,Desktop,Bottom,Fashion,Atomic tangerine,#FF9966,255,153,102,Sad,Autumn,80,1
998,User998,,,,Top,Fashion,Lavender magenta,#EE82EE,238,130,238,Calm,Spring,223,1
6263,User6263,,Non-Binary,,Bottom,Tech,Medium ruby,#AA4069,170,64,105,Calm,Autumn,105,0
2973,User2973,27.0,Non-Binary,Tablet,Bottom,Food,Yellow Orange,#FFAE42,255,174,66,Calm,Winter,123,1
9806,User9806,58.0,Male,Tablet,Bottom,Food,Lavender mist,#E6E6FA,230,230,250,Happy,Winter,144,1
7185,User7185,63.0,Female,Desktop,Side,Home_Decor,Dodger blue,#1E90FF,30,144,255,Sad,Spring,229,0
7475,User7475,53.0,,Tablet,,Food,Bone,#E3DAC9,227,218,201,Neutral,Autumn,259,1
8018,User8018,,,Desktop,Side,Home_Decor,Bole,#79443B,121,68,59,Sad,Monsoon,77,1
1369,User1369,,,Desktop,,Tech,Cosmic latte,#FFF8E7,255,248,231,Sad,Monsoon,160,1
1685,User1685,21.0,,Desktop,,Fashion,Smoky Topaz,#933D41,147,61,65,Sad,Autumn,263,0
6838,User6838,54.0,Non-Binary,Tablet,Top,Fashion,Dark midnight blue,#003366,0,51,102,Happy,Monsoon,68,0
4456,User4456,,Non-Binary,Mobile,Top,Home_Decor,Air Force blue (USAF),#00308F,0,48,143,Happy,Autumn,40,0
6596,User6596,24.0,Male,Desktop,Top,Sports,Deep spring bud,#556B2F,85,107,47,Happy,Autumn,252,0
3915,User3915,,Female,Desktop,Side,Home_Decor,Heidelberg Red[2],#960018,150,0,24,Sad,Winter,48,1
5425,User5425,,Non-Binary,Mobile,Side,Tech,Vivid auburn,#922724,146,39,36,Happy,Summer,123,1
2477,User2477,,,Mobile,Top,Food,Firebrick,#B22222,178,34,34,Calm,Winter,185,0
7947,User7947,,,Mobile,Bottom,Home_Decor,Nyanza,#E9FFDB,233,255,219,Happy,Monsoon,74,0
8957,User8957,,Female,Mobile,Top,Tech,Middle Yellow Red,#ECB176,166,58,121,Angry,Summer,271,1
7507,User7507,,,,Top,Fashion,Deep Taupe,#7E5E60,126,94,96,Happy,Autumn,223,1
5756,User5756,,,,Top,Sports,Dark pastel red,#C23B22,194,59,34,Happy,Monsoon,194,1
3999,User3999,32.0,,Tablet,Top,Sports,Imperial,#602F6B,96,47,107,Happy,Spring,260,0
4228,User4228,,,Desktop,Side,Home_Decor,Platinum,#E5E4E2,229,228,226,Happy,Monsoon,191,1
7268,User7268,28.0,Female,Desktop,Bottom,Food,Sienna,#882D17,136,45,23,Angry,Summer,231,1
7679,User7679,,,Desktop,Bottom,Home_Decor,Parrot Pink,#D998A0,217,152,160,Neutral,Summer,65,0
1072,User1072,,Non-Binary,Desktop,,Sports,Twilight lavender,#8A496B,138,73,107,Happy,Autumn,172,0
8832,User8832,49.0,,Tablet,,Sports,Navy purple,#9457EB,148,87,235,Calm,Spring,136,1
9629,User9629,36.0,Female,Tablet,,Fashion,Dark violet,#9400D3,148,0,211,Angry,Autumn,159,0
6393,User6393,,,,,Food,Old burgundy,#43302E,67,48,46,Neutral,Spring,276,0
6679,User6679,,,Tablet,Bottom,Food,Deep Green,#056608,5,102,8,Happy,Spring,214,1
6980,User6980,62.0,,Desktop,Bottom,Sports,Cyan (process),#00B7EB,0,183,235,Neutral,Autumn,11,1
6167,User6167,20.0,Male,Mobile,Side,Sports,Raw Sienna,#D68A59,214,138,89,Calm,Monsoon,15,1
9234,User9234,20.0,Male,Desktop,Bottom,Home_Decor,Medium ruby,#AA4069,170,64,105,Angry,Winter,204,1
5574,User5574,52.0,Female,Desktop,Bottom,Home_Decor,Green (NCS),#009F6B,0,159,107,Angry,Spring,255,1
2654,User2654,24.0,Female,,,Fashion,Spanish viridian,#007F5C,0,127,92,Neutral,Summer,68,0
6620,User6620,52.0,Female,,Top,Sports,Mango Tango,#FF8243,255,130,67,Happy,Autumn,184,1
606,User606,,,Desktop,Bottom,Home_Decor,Bistre,#3D2B1F,61,43,31,Sad,Monsoon,132,1
8789,User8789,44.0,,Desktop,Top,Fashion,Light crimson,#F56991,245,105,145,Angry,Spring,266,1
4465,User4465,36.0,Male,Mobile,Side,Food,Vivid cerise,#DA1D81,218,29,129,Sad,Monsoon,124,0
8009,User8009,,,,Bottom,Sports,Purple Plum,#9C51B6,156,81,182,Angry,Autumn,52,0
3345,User3345,39.0,Male,Desktop,Side,Tech,Deep peach,#FFCBA4,255,203,164,Happy,Summer,73,1
9499,User9499,,,Mobile,Bottom,Sports,Light carmine pink,#E66771,230,103,113,Happy,Spring,266,1
1816,User1816,,Female,,Bottom,Home_Decor,Green Sheen,#6EAEA1,110,174,161,Angry,Spring,234,0
2642,User2642,46.0,Female,,,Sports,UP Forest green,#014421,1,68,33,Neutral,Monsoon,256,0
6441,User6441,,,Desktop,,Tech,Kenyan copper,#7C1C05,124,28,5,Happy,Autumn,235,1
5419,User5419,,,Tablet,Top,Sports,Wild orchid,#D470A2,212,112,162,Happy,Winter,228,1
4853,User4853,,,Tablet,,Home_Decor,Copper,#B87333,184,115,51,Calm,Spring,211,1
7,User7,,Female,Tablet,Bottom,Food,Green Lizard,#A7F432,167,244,50,Happy,Summer,32,1
2159,User2159,29.0,,Mobile,Top,Home_Decor,Fawn,#E5AA70,229,170,112,Calm,Spring,223,0
9261,User9261,25.0,Male,Mobile,Bottom,Fashion,Spanish green,#009150,0,145,80,Happy,Spring,105,0
7866,User7866,51.0,,,Top,Home_Decor,Cherry,#DE3163,222,49,99,Happy,Winter,62,1
8856,User8856,,Female,Tablet,Bottom,Fashion,Rose red,#C21E56,194,30,86,Neutral,Winter,28,0
2458,User2458,,Non-Binary,Tablet,Side,Sports,UCLA Blue,#536895,83,104,149,Neutral,Autumn,231,0
5783,User5783,,Male,Desktop,Bottom,Fashion,Dark taupe,#483C32,72,60,50,Happy,Spring,173,1
6410,User6410,,Non-Binary,Tablet,Top,Sports,Lime (color wheel),#BFFF00,191,255,0,Angry,Spring,250,0
5066,User5066,46.0,Non-Binary,Mobile,,Fashion,Ebony,#555D50,85,93,80,Angry,Monsoon,216,1
1137,User1137,,Female,Tablet,Bottom,Home_Decor,Dodger blue,#1E90FF,30,144,255,Happy,Monsoon,270,0
4228,User4228,,,Desktop,Side,Tech,Middle Green Yellow,#ACBF60,172,191,96,Angry,Summer,25,1
2600,User2600,,,Tablet,Bottom,Sports,Orange Soda,#FA5B3D,250,91,61,Happy,Summer,128,0
3044,User3044,34.0,Male,Desktop,Top,Fashion,Magenta (process),#FF0090,255,0,144,Neutral,Monsoon,101,1
1126,User1126,31.0,,Tablet,,Tech,Halayà úbe,#663854,102,55,84,Sad,Summer,142,1
125,User125,,Non-Binary,Mobile,Bottom,Fashion,Purpureus,#9A4EAE,154,78,174,Calm,Spring,97,0
9412,User9412,34.0,,Mobile,Bottom,Fashion,University of Tennessee Orange,#F77F00,247,127,0,Angry,Winter,99,1
4348,User4348,62.0,,Desktop,,Fashion,Princess Perfume,#FF85CF,255,133,207,Angry,Spring,28,1
8101,User8101,59.0,,Desktop,Bottom,Home_Decor,Pink lace,#FFDDF4,255,221,244,Neutral,Monsoon,140,1
95,User95,,Non-Binary,,Side,Fashion,Light steel blue,#B0C4DE,176,196,222,Angry,Autumn,137,0
8425,User8425,54.0,,Tablet,,Tech,Field drab,#6C541E,108,84,30,Happy,Autumn,58,0
1225,User1225,,,Tablet,Side,Fashion,Green (pigment),#00A550,0,165,80,Happy,Monsoon,296,1
7652,User7652,,Male,Mobile,Bottom,Food,Medium violet-red,#C71585,199,21,133,Sad,Spring,116,1
6401,User6401,45.0,Female,Mobile,Side,Sports,Yankees blue,#1C2841,28,40,65,Sad,Summer,135,1
5566,User5566,,,Mobile,Bottom,Home_Decor,Beau blue,#BCD4E6,188,212,230,Sad,Summer,282,1
1910,User1910,63.0,Male,Desktop,Side,Food,Glitter,#E6E8FA,230,232,250,Happy,Autumn,268,1
9267,User9267,,,Desktop,Top,Food,United Nations blue,#5B92E5,91,146,229,Sad,Monsoon,82,1
1454,User1454,,,Tablet,Top,Tech,French violet,#8806CE,136,6,206,Sad,Monsoon,267,1
6197,User6197,51.0,,,Side,Tech,Carnelian,#B31B1B,179,27,27,Happy,Winter,72,0
3042,User3042,,,Mobile,Side,Home_Decor,Dark gray (X11),#A9A9A9,169,169,169,Neutral,Autumn,66,1
1914,User1914,42.0,,Tablet,Bottom,Home_Decor,Pixie Powder,#391285,57,18,133,Angry,Monsoon,179,1
1117,User1117,,Female,Mobile,,Sports,Dark green,#013220,1,50,32,Calm,Winter,284,0
7878,User7878,60.0,,Tablet,Side,Fashion,Minion Yellow,#F5E050,245,220,80,Happy,Summer,240,1
1612,User1612,40.0,,,Side,Home_Decor,Diamond,#B9F2FF,185,242,255,Happy,Autumn,140,1
6959,User6959,,,,Top,Home_Decor,Turquoise green,#A0D6B4,160,214,180,Calm,Autumn,228,1
1190,User1190,,,Tablet,,Fashion,Green-yellow,#ADFF2F,173,255,47,Calm,Monsoon,93,1
9924,User9924,40.0,Non-Binary,,Top,Sports,Honeydew,#F0FFF0,240,255,240,Sad,Monsoon,111,0
4950,User4950,,,Mobile,,Tech,Islamic green,#009000,0,144,0,Calm,Spring,45,1
255,User255,31.0,,Desktop,Bottom,Sports,USC Gold,#FFCC00,255,204,0,Angry,Summer,190,1
1446,User1446,,,Desktop,,Fashion,Satin sheen gold,#CBA135,203,161,53,Angry,Summer,192,1
3118,User3118,57.0,Male,Mobile,Top,Tech,Cosmic latte,#FFF8E7,255,248,231,Angry,Winter,13,1
8965,User8965,25.0,Female,Mobile,Bottom,Tech,Fashion fuchsia,#F400A1,244,0,161,Angry,Winter,184,1
8028,User8028,53.0,Male,Desktop,Bottom,Tech,Dark medium gray,#A9A9A9,169,169,169,Angry,Spring,190,0
7766,User7766,,,Mobile,Top,Sports,Purple (X11),#A020F0,160,32,240,Sad,Summer,86,1
6370,User6370,,,Mobile,Top,Fashion,Sea green,#2E8B57,46,139,87,Happy,Winter,181,0
8561,User8561,52.0,Male,Mobile,,Sports,Inchworm,#B2EC5D,178,236,93,Calm,Summer,98,1
6581,User6581,,,Mobile,Bottom,Sports,Very pale orange,#FFDFBF,255,223,191,Happy,Summer,120,1
6365,User6365,,,Tablet,Bottom,Food,Slate blue,#6A5ACD,106,90,205,Calm,Winter,164,1
3595,User3595,,,,,Home_Decor,Blue Lagoon,#ACE5EE,172,229,238,Sad,Monsoon,249,0
5055,User5055,45.0,Male,Desktop,Top,Sports,Cyan,#00FFFF,0,255,255,Sad,Monsoon,287,1
3164,User3164,,Female,,Bottom,Food,Chinese red,#AA381E,170,56,30,Neutral,Winter,217,1
1268,User1268,21.0,,Tablet,Side,Fashion,Spanish red,#E60026,230,0,38,Neutral,Spring,156,0
8101,User8101,59.0,,Desktop,Bottom,Food,Mauve taupe,#915F6D,145,95,109,Sad,Autumn,170,1
2542,User2542,,Non-Binary,Mobile,Side,Sports,Corn,#FBEC5D,251,236,93,Sad,Summer,147,1
8018,User8018,,,Desktop,Side,Fashion,Coral Reef,#FD7C6E,253,124,110,Calm,Autumn,29,1
6836,User6836,,Male,Mobile,Side,Food,Cornflower blue,#6495ED,100,149,237,Sad,Winter,204,0
3323,User3323,48.0,Female,,Side,Sports,Dollar bill,#85BB65,133,187,101,Happy,Summer,237,1
9227,User9227,,Non-Binary,Mobile,Side,Fashion,Forest green (traditional),#014421,1,68,33,Calm,Autumn,8,1
1370,User1370,52.0,Female,,Bottom,Fashion,Lavender indigo,#9457EB,148,87,235,Sad,Monsoon,292,1
1136,User1136,58.0,,Mobile,Side,Home_Decor,Spanish red,#E60026,230,0,38,Calm,Spring,177,1
4836,User4836,55.0,,Tablet,Side,Sports,Earth yellow,#E1A95F,225,169,95,Calm,Autumn,188,1
5878,User5878,,,,,Home_Decor,Kobe,#882D17,136,45,23,Angry,Spring,255,1
6438,User6438,53.0,,Tablet,Top,Fashion,Sepia,#704214,112,66,20,Neutral,Monsoon,295,1
24,User24,,,Tablet,Side,Fashion,Lavender gray,#C4C3D0,196,195,208,Calm,Autumn,290,1
1588,User1588,38.0,Non-Binary,Mobile,Top,Food,Amaranth purple,#AB274F,171,39,79,Calm,Winter,116,0
7962,User7962,58.0,,Tablet,Top,Home_Decor,Steel pink,#CC33CC,204,51,204,Angry,Summer,134,1
3037,User3037,36.0,Male,Mobile,Side,Tech,Lemon chiffon,#FFFACD,255,250,205,Sad,Monsoon,191,1
2125,User2125,,Female,Tablet,,Sports,Antique white,#FAEBD7,250,235,215,Calm,Spring,33,1
2722,User2722,39.0,,Desktop,Top,Home_Decor,Vivid red-tangelo,#DF6124,223,97,36,Angry,Spring,162,1
2555,User2555,,Non-Binary,Tablet,,Fashion,Papaya whip,#FFEFD5,255,239,213,Happy,Monsoon,239,1
1474,User1474,31.0,,Desktop,Side,Food,Burlywood,#DEB887,222,184,135,Angry,Winter,282,1
2265,User2265,,,Desktop,Bottom,Sports,Picton blue,#45B1E8,69,177,232,Neutral,Winter,106,0
2913,User2913,,,Mobile,Side,Sports,Wild orchid,#D470A2,212,112,162,Neutral,Spring,229,1
1446,User1446,,,Desktop,Bottom,Food,Electric ultramarine,#3F00FF,63,0,255,Sad,Monsoon,279,1
3846,User3846,38.0,Non-Binary,Tablet,Bottom,Fashion,Pale goldenrod,#EEE8AA,238,232,170,Sad,Monsoon,236,1
2296,User2296,,Male,Desktop,Side,Tech,Tuscan red,#7C4848,124,72,72,Neutral,Summer,278,0
8497,User8497,,Female,Mobile,,Food,Middle Yellow Red,#ECB176,166,58,121,Neutral,Spring,117,0
1455,User1455,,,Tablet,Bottom,Tech,Tan,#D2B48C,210,180,140,Calm,Winter,143,0
6790,User6790,,Female,Mobile,,Home_Decor,Cyan cobalt blue,#28589C,40,88,156,Neutral,Autumn,220,0
8817,User8817,53.0,Male,Tablet,Bottom,Sports,Mughal green,#306030,48,96,48,Sad,Winter,278,1
3313,User3313,37.0,Female,Mobile,,Fashion,Cambridge Blue,#A3C1AD,163,193,173,Neutral,Winter,188,0
3747,User3747,58.0,Non-Binary,Desktop,Bottom,Tech,Cyber grape,#58427C,88,66,124,Sad,Autumn,198,0
2759,User2759,37.0,,Tablet,,Fashion,Cosmic Cobalt,#2E2D88,46,45,136,Happy,Spring,283,0
911,User911,32.0,Non-Binary,Desktop,Top,Home_Decor,Thistle,#D8BFD8,216,191,216,Neutral,Summer,276,1
5227,User5227,24.0,,Mobile,Top,Tech,Fawn,#E5AA70,229,170,112,Sad,Winter,76,1
2878,User2878,,,Mobile,Bottom,Fashion,USC Cardinal,#990000,153,0,0,Angry,Winter,200,0
3109,User3109,,,Tablet,Side,Fashion,Deep sky blue,#00BFFF,0,191,255,Calm,Spring,274,1
5748,User5748,,Male,Desktop,Side,Home_Decor,Dim gray,#696969,105,105,105,Sad,Spring,244,1
7526,User7526,,,,Side,Food,Khaki (X11) (Light khaki),#F0E68C,240,230,140,Neutral,Monsoon,112,1
4981,User4981,,Male,Tablet,,Home_Decor,Persian blue,#1C39BB,28,57,187,Neutral,Spring,296,1
5338,User5338,,Male,Mobile,,Tech,Medium sky blue,#80DAEB,128,218,235,Happy,Spring,104,1
7475,User7475,,,Tablet,Bottom,Tech,Vermilion,#E34234,227,66,52,Angry,Winter,85,1
1225,User1225,27.0,,Tablet,Side,Sports,Peach-orange,#FFCC99,255,204,153,Sad,Summer,274,1
8982,User8982,,,Desktop,Bottom,Fashion,Spring green,#00FF7F,0,255,127,Angry,Winter,21,0
8400,User8400,,,,Bottom,Tech,Lawn green,#7CFC00,124,252,0,Happy,Spring,197,1
8769,User8769,60.0,Non-Binary,Mobile,Side,Food,Amazonite,#00C4B0,0,196,176,Calm,Monsoon,216,0
3345,User3345,39.0,Male,Desktop,Side,Food,Ultramarine,#3F00FF,18,10,143,Angry,Summer,130,1
7475,User7475,53.0,Female,Tablet,Bottom,Home_Decor,Dollar bill,#85BB65,133,187,101,Happy,Monsoon,130,1
7766,User7766,,,,Top,Tech,Bright ube,#D19FE8,209,159,232,Sad,Autumn,134,1
8018,User8018,,,Desktop,Side,Tech,Sandy taupe,#967117,150,113,23,Calm,Monsoon,149,1
9572,User9572,38.0,,Mobile,Bottom,Sports,Green (RYB),#66B032,102,176,50,Neutral,Monsoon,260,1
3345,User3345,,,Desktop,Side,Sports,USAFA blue,#004F98,0,79,152,Happy,Spring,27,1
7151,User7151,,Non-Binary,Tablet,Side,Sports,Spanish crimson,#E51A4C,229,26,76,Neutral,Spring,218,1
7688,User7688,,Male,Mobile,Top,Tech,Brown (web),#A52A2A,165,42,42,Calm,Spring,133,1
3908,User3908,50.0,Female,,,Home_Decor,Chlorophyll green,#4AFF00,74,255,0,Happy,Spring,16,1
7511,User7511,31.0,Female,Desktop,,Home_Decor,China pink,#DE6FA1,222,111,161,Happy,Spring,145,1
5329,User5329,54.0,Male,Tablet,Side,Home_Decor,Candy pink,#E4717A,228,113,122,Calm,Monsoon,272,1
4321,User4321,55.0,Male,Desktop,Bottom,Home_Decor,Flattery,#6B4423,107,68,35,Sad,Autumn,61,0
4119,User4119,30.0,Non-Binary,Desktop,Top,Food,Crimson glory,#BE0032,190,0,50,Happy,Spring,90,0
606,User606,,,,Bottom,Tech,Quinacridone magenta,#8E3A59,142,58,89,Calm,Autumn,278,1
2542,User2542,58.0,Non-Binary,,Side,Fashion,Firebrick,#B22222,178,34,34,Angry,Autumn,107,1
1021,User1021,47.0,Non-Binary,Mobile,Side,Tech,Eucalyptus,#44D7A8,68,215,168,Neutral,Winter,147,0
1755,User1755,,Non-Binary,Tablet,Bottom,Home_Decor,Medium turquoise,#48D1CC,72,209,204,Happy,Winter,180,1
9838,User9838,19.0,Non-Binary,,Bottom,Food,Celadon,#ACE1AF,172,225,175,Angry,Summer,137,0
487,User487,,Male,Mobile,Side,Food,Shocking pink (Crayola),#FF6FFF,255,111,255,Happy,Winter,268,1
4266,User4266,28.0,,Desktop,Side,Tech,GO green,#00AB66,0,171,102,Sad,Spring,151,1
9736,User9736,46.0,,Desktop,,Fashion,Wine,#722F37,114,47,55,Calm,Autumn,16,1
9136,User9136,,Non-Binary,,Side,Home_Decor,Permanent Geranium Lake,#E12C2C,225,44,44,Happy,Summer,59,1
24,User24,,,Tablet,Side,Food,Polished Pine,#5DA493,93,164,147,Calm,Winter,234,1
9304,User9304,,Male,Tablet,Top,Home_Decor,Brandeis blue,#0070FF,0,112,255,Happy,Monsoon,126,0
6462,User6462,36.0,,Tablet,Side,Home_Decor,Napier green,#2A8000,42,128,0,Sad,Summer,237,1
6771,User6771,,,Desktop,Side,Home_Decor,Deep Green,#056608,5,102,8,Sad,Spring,166,1
3044,User3044,34.0,Male,Desktop,Top,Sports,Antique brass,#CD9575,205,149,117,Angry,Autumn,86,1
5374,User5374,,Non-Binary,Mobile,Side,Home_Decor,Red (RYB),#FE2712,254,39,18,Sad,Spring,51,0
9422,User9422,21.0,,,Side,Home_Decor,Apple green,#8DB600,141,182,0,Calm,Spring,295,1
1399,User1399,,Female,Mobile,Bottom,Fashion,Light cyan,#E0FFFF,224,255,255,Sad,Monsoon,164,1
5531,User5531,34.0,Male,,Top,Fashion,Languid lavender,#D6CADD,214,202,221,Happy,Monsoon,183,1
9266,User9266,38.0,,,Bottom,Sports,Tropical rain forest,#00755E,0,117,94,Sad,Autumn,212,1
1529,User1529,20.0,Female,,Top,Sports,Slate gray,#708090,112,128,144,Calm,Winter,44,1
4495,User4495,37.0,,Mobile,Side,Home_Decor,Phthalo green,#123524,18,53,36,Happy,Spring,218,0
1000,User1000,,Female,Desktop,Side,Food,Harvest gold,#DA9100,218,145,0,Angry,Winter,158,0
8748,User8748,,,,Side,Food,Boysenberry,#873260,135,50,96,Angry,Autumn,297,0
6861,User6861,,Non-Binary,Tablet,,Tech,Deep carmine,#A9203E,169,32,62,Angry,Spring,170,1
6216,User6216,,Non-Binary,,Top,Food,Camouflage green,#78866B,120,134,107,Happy,Winter,276,0
5309,User5309,63.0,,Desktop,,Food,Lavender blush,#FFF0F5,255,240,245,Angry,Spring,28,0
8627,User8627,19.0,Male,,Top,Fashion,French pink,#FD6C9E,253,108,158,Sad,Monsoon,119,0
4133,User4133,,,Desktop,,Tech,Irresistible,#B3446C,179,68,108,Happy,Monsoon,264,0
1839,User1839,56.0,Non-Binary,,Top,Tech,Thulian pink,#DE6FA1,222,111,161,Happy,Summer,230,0
6708,User6708,,,Desktop,Top,Fashion,Sage,#BCB88A,188,184,138,Happy,Autumn,106,1
9531,User9531,,,Mobile,Side,Food,Verdigris,#43B3AE,67,179,174,Neutral,Winter,135,0
4970,User4970,25.0,Non-Binary,,Side,Food,Alabama crimson,#AF002A,175,0,42,Calm,Spring,268,0
1576,User1576,45.0,,Tablet,Bottom,Tech,Dark violet,#9400D3,148,0,211,Neutral,Summer,16,0
1214,User1214,26.0,Female,Mobile,Bottom,Food,Royal blue,#4169E1,65,105,225,Neutral,Autumn,185,1
3643,User3643,20.0,Male,,,Tech,Dark spring green,#177245,23,114,69,Neutral,Autumn,165,0
119,User119,59.0,,Tablet,,Food,Almond,#EFDECD,239,222,205,Calm,Autumn,118,1
3109,User3109,,,,,Home_Decor,Pale chestnut,#DDADAF,221,173,175,Neutral,Winter,22,1
4976,User4976,34.0,Female,Mobile,Bottom,Fashion,Chocolate (web),#D2691E,210,105,30,Angry,Monsoon,108,1
4891,User4891,45.0,,,,Sports,Blueberry,#4F86F7,79,134,247,Happy,Summer,190,0
1225,User1225,27.0,,Tablet,,Home_Decor,Absolute zero,#0048BA,0,72,186,Happy,Winter,97,1
7480,User7480,61.0,,Desktop,Bottom,Food,Crimson red,#990000,153,0,0,Sad,Spring,147,0
5030,User5030,,,Tablet,Top,Sports,Violet (web),#EE82EE,238,130,238,Angry,Winter,147,1
3803,User3803,,,,Top,Home_Decor,Queen pink,#E8CCD7,232,204,215,Calm,Spring,104,1
9931,User9931,60.0,,Desktop,,Fashion,Dark moss green,#4A5D23,74,93,35,Happy,Spring,66,0
6693,User6693,51.0,Male,Mobile,Bottom,Sports,Alien Armpit,#84DE02,132,222,2,Neutral,Autumn,88,0
9389,User9389,,Male,Tablet,Bottom,Sports,Pullman Brown (UPS Brown),#644117,100,65,23,Sad,Winter,280,0
1014,User1014,,Non-Binary,Tablet,Bottom,Fashion,Fandango pink,#DE5285,222,82,133,Sad,Monsoon,171,0
1296,User1296,34.0,,Tablet,Top,Home_Decor,Periwinkle,#CCCCFF,204,204,255,Happy,Spring,299,1
8647,User8647,,Female,Desktop,Top,Sports,Cal Poly Pomona green,#1E4D2B,30,77,43,Angry,Autumn,133,1
5980,User5980,,Female,Desktop,Side,Fashion,Bright ube,#D19FE8,209,159,232,Sad,Monsoon,71,1
4548,User4548,,Male,Desktop,Side,Home_Decor,Razzle dazzle rose,#FF33CC,255,51,204,Happy,Winter,51,1
9736,User9736,,,Desktop,Bottom,Food,Sandy taupe,#967117,150,113,23,Angry,Monsoon,152,1
706,User706,37.0,,Desktop,Top,Tech,Van Dyke Brown,#664228,102,66,40,Happy,Winter,254,0
9944,User9944,47.0,Male,,,Food,Titanium yellow,#EEE600,238,230,0,Happy,Spring,141,0
770,User770,,Female,Mobile,Bottom,Food,Little boy blue,#6CA0DC,108,160,220,Angry,Summer,99,1
3543,User3543,55.0,,Tablet,Top,Tech,Spanish violet,#4C2882,76,40,130,Angry,Summer,242,1
7973,User7973,28.0,Female,Mobile,Bottom,Food,Candy pink,#E4717A,228,113,122,Angry,Spring,288,1
188,User188,56.0,Female,Tablet,Bottom,Food,Silver chalice,#ACACAC,172,172,172,Happy,Monsoon,39,1
5994,User5994,,Male,,Top,Fashion,Turquoise blue,#00FFEF,0,255,239,Sad,Winter,262,0
6075,User6075,32.0,Non-Binary,,Side,Fashion,Blue-violet,#8A2BE2,138,43,226,Calm,Summer,274,1
1805,User1805,,Male,Mobile,Top,Home_Decor,Brilliant lavender,#F4BBFF,244,187,255,Calm,Winter,51,1
5912,User5912,41.0,Non-Binary,,Side,Sports,Citrine,#E4D00A,228,208,10,Happy,Spring,98,1
1171,User1171,,Female,Mobile,Bottom,Home_Decor,Rich electric blue,#0892D0,8,146,208,Happy,Monsoon,186,1
1474,User1474,31.0,,Desktop,Side,Fashion,Gainsboro,#DCDCDC,220,220,220,Sad,Winter,194,1
2373,User2373,31.0,,Desktop,Bottom,Fashion,Mellow yellow,#F8DE7E,248,222,126,Angry,Monsoon,55,1
4621,User4621,20.0,,Desktop,,Tech,Gold (metallic),#D4AF37,212,175,55,Happy,Summer,210,1
1709,User1709,,,Mobile,Bottom,Tech,Smalt (Dark powder blue),#003399,0,51,153,Neutral,Winter,129,0
6620,User6620,52.0,Female,,Top,Fashion,Orange (Crayola),#FF7538,255,117,56,Angry,Autumn,216,1
3182,User3182,45.0,,Desktop,Top,Food,Willpower orange,#FD5800,253,88,0,Happy,Summer,270,0
1305,User1305,,Female,Tablet,Top,Home_Decor,Rich lilac,#B666D2,182,102,210,Neutral,Monsoon,139,1
9212,User9212,61.0,,Tablet,Bottom,Fashion,Dark sienna,#3C1414,60,20,20,Sad,Spring,277,0
7151,User7151,,Non-Binary,,Side,Fashion,Plum,#8E4585,142,69,133,Neutral,Autumn,282,1
453,User453,,Female,Tablet,Top,Tech,Phthalo green,#123524,18,53,36,Happy,Winter,271,1
5329,User5329,54.0,Male,Tablet,,Home_Decor,Lemon,#FFF700,255,247,0,Calm,Summer,283,1
400,User400,,,Tablet,,Home_Decor,Firebrick,#B22222,178,34,34,Happy,Winter,218,1
9234,User9234,20.0,Male,Desktop,Bottom,Sports,Yellow Orange,#FFAE42,255,174,66,Calm,Winter,66,1
8081,User8081,38.0,,Tablet,Bottom,Fashion,Brunswick green,#1B4D3E,27,77,62,Sad,Autumn,58,1
1524,User1524,24.0,Male,Mobile,Bottom,Sports,Tangelo,#F94D00,249,77,0,Sad,Autumn,116,1
2975,User2975,42.0,Female,,Bottom,Tech,Pale plum,#DDA0DD,221,160,221,Angry,Autumn,273,0
5962,User5962,41.0,Non-Binary,Tablet,Top,Sports,Deep Taupe,#7E5E60,126,94,96,Angry,Autumn,111,0
8789,User8789,44.0,Female,,Top,Food,Pale plum,#DDA0DD,221,160,221,Calm,Spring,287,1
7151,User7151,,,Tablet,Side,Fashion,Slate blue,#6A5ACD,106,90,205,Calm,Monsoon,172,1
8222,User8222,27.0,,Tablet,Side,Fashion,Orange (color wheel),#FF7F00,255,127,0,Sad,Autumn,78,1
8285,User8285,,Male,Tablet,,Home_Decor,Camouflage green,#78866B,120,134,107,Neutral,Summer,240,0
7828,User7828,29.0,,Tablet,Bottom,Sports,La Salle Green,#087830,8,120,48,Calm,Winter,96,1
9397,User9397,,,Tablet,Top,Home_Decor,Gray-blue,#8C92AC,140,146,172,Calm,Autumn,89,1
3803,User3803,,,,,Sports,Red (Pantone),#ED2939,237,41,57,Neutral,Summer,79,1
7168,User7168,38.0,Female,Desktop,Top,Sports,Sunset orange,#FD5E53,253,94,83,Angry,Spring,88,0
6967,User6967,,,,Side,Tech,Sunny,#F2F27A,242,242,122,Angry,Summer,249,0
412,User412,,,Tablet,Top,Sports,Tropical rain forest,#00755E,0,117,94,Calm,Summer,232,1
6401,User6401,45.0,Female,Mobile,Side,Home_Decor,Apple green,#8DB600,141,182,0,Angry,Spring,87,1
3658,User3658,45.0,,,Side,Sports,Rocket metallic,#8A7F80,138,127,128,Angry,Spring,19,1
8081,User8081,38.0,,Tablet,Bottom,Sports,Imperial,#602F6B,96,47,107,Angry,Winter,185,1
6679,User6679,26.0,Male,Tablet,Bottom,Fashion,Midnight green (eagle green),#004953,0,73,83,Sad,Autumn,267,1
8820,User8820,,Non-Binary,Desktop,,Fashion,Safety yellow,#EED202,238,210,2,Happy,Summer,82,0
3982,User3982,22.0,Female,Tablet,Bottom,Fashion,Desert,#C19A6B,193,154,107,Calm,Monsoon,233,0
2485,User2485,57.0,,Mobile,Bottom,Food,Irresistible,#B3446C,179,68,108,Calm,Monsoon,237,1
8906,User8906,,Male,Desktop,Top,Fashion,Citron,#9FA91F,158,169,31,Sad,Winter,34,1
5579,User5579,,,,Side,Food,May green,#4C9141,76,145,65,Happy,Monsoon,159,1
3108,User3108,,,Tablet,Bottom,Food,Japanese carmine,#9D2933,157,41,51,Happy,Winter,189,0
1957,User1957,,Non-Binary,Desktop,,Home_Decor,Pumpkin,#FF7518,255,117,24,Sad,Autumn,259,0
5177,User5177,,,Tablet,Top,Fashion,Pearly purple,#B768A2,183,104,162,Neutral,Winter,173,0
3236,User3236,56.0,Female,Mobile,Bottom,Sports,Medium taupe,#674C47,103,76,71,Neutral,Spring,85,1
73,User73,42.0,Non-Binary,,Bottom,Tech,Big dip o’ruby,#9C2542,156,37,66,Happy,Spring,290,0
7683,User7683,47.0,Male,,,Sports,Fluorescent pink,#FF1493,255,20,147,Neutral,Spring,214,0
9231,User9231,21.0,,Desktop,Top,Fashion,Maximum Green Yellow,#D9E650,217,230,80,Neutral,Spring,263,1
1399,User1399,,,Mobile,Bottom,Sports,Pink-orange,#FF9966,255,153,102,Neutral,Spring,41,1
4244,User4244,,,,Side,Fashion,Persian blue,#1C39BB,28,57,187,Happy,Spring,290,0
7808,User7808,,,Desktop,Top,Fashion,Mauve,#E0B0FF,224,176,255,Neutral,Spring,58,1
6622,User6622,,Male,Tablet,Bottom,Sports,Coral Reef,#FD7C6E,253,124,110,Calm,Spring,216,0
9418,User9418,20.0,Male,Tablet,Side,Food,Tea rose,#F88379,248,131,121,Happy,Spring,104,1
6296,User6296,29.0,,Desktop,Bottom,Home_Decor,Unbleached silk,#FFDDCA,255,221,202,Sad,Autumn,89,1
3060,User3060,,Male,Tablet,Bottom,Home_Decor,Sea blue,#006994,0,105,148,Neutral,Spring,217,1
7151,User7151,,,Tablet,Side,Home_Decor,English green,#1B4D3E,27,77,62,Angry,Winter,268,1
1482,User1482,,,Desktop,Top,Home_Decor,Bright green,#66FF00,102,255,0,Happy,Autumn,90,0
1524,User1524,,Male,,Bottom,Tech,Ube,#8878C3,136,120,195,Sad,Monsoon,67,1
1136,User1136,,,,Side,Fashion,Laurel green,#A9BA9D,169,186,157,Calm,Summer,196,1
5968,User5968,,,Tablet,Side,Tech,Dark gunmetal,#1F262A,31,38,42,Sad,Autumn,97,1
3333,User3333,30.0,Male,Tablet,Top,Home_Decor,Royal yellow,#FADA5E,250,218,94,Neutral,Spring,257,1
2485,User2485,57.0,Non-Binary,Mobile,,Home_Decor,Dark pastel blue,#779ECB,119,158,203,Angry,Autumn,142,1
8884,User8884,,,Mobile,,Sports,Liver chestnut,#987456,152,116,86,Neutral,Summer,53,0
3803,User3803,,Female,Mobile,,Home_Decor,Honeydew,#F0FFF0,240,255,240,Sad,Summer,125,1
2595,User2595,,Female,Desktop,,Fashion,Imperial purple,#66023C,102,2,60,Happy,Spring,43,1
3044,User3044,34.0,Male,Desktop,Top,Home_Decor,Fandango,#B53389,181,51,137,Angry,Spring,38,1
2122,User2122,62.0,Non-Binary,Tablet,Side,Home_Decor,French beige,#A67B5B,166,123,91,Angry,Winter,270,0
5276,User5276,42.0,,Tablet,Side,Tech,Mango Tango,#FF8243,255,130,67,Sad,Summer,13,1
8174,User8174,20.0,Female,Mobile,Bottom,Fashion,Pale copper,#DA8A67,218,138,103,Neutral,Spring,192,1
8832,User8832,49.0,,Tablet,Side,Food,Cobalt Blue,#0047AB,0,71,171,Sad,Summer,100,1
1296,User1296,34.0,,Tablet,Top,Sports,Charm pink,#E68FAC,230,143,172,Angry,Winter,137,1
9412,User9412,34.0,,Mobile,Bottom,Food,Black,#000000,0,0,0,Sad,Monsoon,167,1
3117,User3117,21.0,,,Bottom,Tech,Ocean Green,#48BF91,72,191,145,Angry,Summer,143,1
9619,User9619,45.0,,Mobile,Side,Home_Decor,Black,#000000,0,0,0,Neutral,Winter,84,0
375,User375,,,,,Sports,Bangladesh green,#006A4E,0,106,78,Happy,Winter,95,1
316,User316,42.0,Non-Binary,,,Fashion,Livid,#6699CC,102,153,204,Happy,Winter,260,1
4266,User4266,28.0,,Desktop,Side,Sports,Light goldenrod yellow,#FAFAD2,250,250,210,Sad,Autumn,152,1
8430,User8430,47.0,Female,,Bottom,Tech,Banana yellow,#FFE135,255,225,53,Angry,Spring,183,0
1635,User1635,54.0,,Tablet,Top,Home_Decor,Pumpkin,#FF7518,255,117,24,Happy,Summer,261,1
4266,User4266,,,Desktop,,Tech,Pistachio,#93C572,147,197,114,Angry,Autumn,222,1
3375,User3375,52.0,Non-Binary,Mobile,Bottom,Fashion,Turtle green,#8A9A5B,138,154,91,Neutral,Summer,271,1
6765,User6765,46.0,Female,Tablet,Side,Food,Gray,#808080,128,128,128,Sad,Autumn,83,1
674,User674,,,,Side,Home_Decor,Vivid orange peel,#FFA000,255,160,0,Angry,Spring,171,1
4871,User4871,58.0,,Desktop,Side,Home_Decor,Dark pastel red,#C23B22,194,59,34,Sad,Winter,108,1
6390,User6390,46.0,Male,Mobile,Bottom,Tech,Light apricot,#FDD5B1,253,213,177,Angry,Summer,288,0
1721,User1721,34.0,Non-Binary,Mobile,Bottom,Tech,Pistachio,#93C572,147,197,114,Angry,Winter,219,1
8115,User8115,20.0,Female,Mobile,Top,Tech,Orange (color wheel),#FF7F00,255,127,0,Neutral,Spring,79,1
3037,User3037,36.0,,Mobile,Side,Home_Decor,Purple (HTML),#800080,128,0,128,Sad,Summer,229,1
7508,User7508,,Non-Binary,Tablet,Bottom,Tech,Spanish orange,#E86100,232,97,0,Calm,Monsoon,296,0
1723,User1723,,Male,Tablet,Top,Sports,Maize,#FBEC5D,251,236,93,Angry,Monsoon,74,0
5727,User5727,18.0,,Desktop,Side,Sports,Flax,#EEDC82,238,220,130,Angry,Monsoon,194,0
6925,User6925,,,Mobile,,Sports,Malachite,#0BDA51,11,218,81,Happy,Spring,110,0
4871,User4871,58.0,,Desktop,Side,Home_Decor,Thistle,#D8BFD8,216,191,216,Sad,Monsoon,74,1
518,User518,29.0,Male,,Bottom,Tech,Shimmering Blush,#D98695,217,134,149,Calm,Summer,14,1
1171,User1171,,Female,Mobile,Bottom,Fashion,Deep carmine,#A9203E,169,32,62,Neutral,Monsoon,218,1
1141,User1141,,,Desktop,Bottom,Tech,Deep fuchsia,#C154C1,193,84,193,Calm,Summer,9,1
4938,User4938,28.0,,Desktop,Side,Home_Decor,Light Thulian pink,#E68FAC,230,143,172,Neutral,Spring,32,1
1041,User1041,,,Mobile,,Sports,Lilac Luster,#AE98AA,174,152,170,Calm,Winter,245,1
8296,User8296,,,Mobile,Top,Home_Decor,Copper (Crayola),#DA8A67,218,138,103,Calm,Autumn,240,0
9057,User9057,38.0,,Desktop,Side,Tech,Blue-magenta violet,#553592,85,53,146,Sad,Monsoon,96,1
7962,User7962,,,Tablet,Top,Home_Decor,Hunter green,#355E3B,53,94,59,Happy,Autumn,42,1
7750,User7750,46.0,,Mobile,Side,Fashion,Spanish red,#E60026,230,0,38,Calm,Winter,223,1
1710,User1710,,,Tablet,Side,Home_Decor,Dark imperial blue,#00147E,0,20,126,Angry,Spring,156,1
9059,User9059,47.0,Female,Mobile,,Food,Blue yonder,#5072A7,80,114,167,Angry,Spring,196,0
6863,User6863,51.0,,Desktop,Side,Home_Decor,Unbleached silk,#FFDDCA,255,221,202,Angry,Winter,125,1
6100,User6100,,,Desktop,Bottom,Tech,Deep cerise,#DA3287,218,50,135,Happy,Autumn,175,1
6287,User6287,40.0,Female,Tablet,Bottom,Food,Blue (pigment),#333399,51,51,153,Calm,Monsoon,114,1
1122,User1122,,Non-Binary,Tablet,Top,Sports,Light grayish magenta,#CC99CC,204,153,204,Neutral,Summer,148,1
8717,User8717,,,Tablet,,Tech,Anti-flash white,#F2F3F4,242,243,244,Neutral,Spring,70,0
2297,User2297,,Male,Tablet,Side,Fashion,Pullman Brown (UPS Brown),#644117,100,65,23,Sad,Winter,201,1
8789,User8789,44.0,Female,Desktop,Top,Home_Decor,Baby blue eyes,#A1CAF1,161,202,241,Happy,Autumn,50,1
8536,User8536,,,Tablet,Side,Home_Decor,Dark jungle green,#1A2421,26,36,33,Calm,Monsoon,153,0
5005,User5005,49.0,Male,Desktop,Top,Tech,Bright ube,#D19FE8,209,159,232,Angry,Autumn,64,1
2529,User2529,,Female,,,Home_Decor,Coquelicot,#FF3800,255,56,0,Happy,Monsoon,142,1
4029,User4029,21.0,Female,Desktop,Side,Home_Decor,Ruber,#CE4676,206,70,118,Happy,Summer,94,1
412,User412,,Male,Tablet,Top,Sports,Infra Red,#FF496C,255,73,108,Calm,Summer,216,1
8046,User8046,20.0,,Desktop,Bottom,Home_Decor,Phlox,#DF00FF,223,0,255,Sad,Winter,173,0
5623,User5623,53.0,,Desktop,,Home_Decor,Smoky Topaz,#933D41,147,61,65,Sad,Winter,117,1
813,User813,,,Tablet,,Sports,Pale aqua,#BCD4E6,188,212,230,Sad,Monsoon,70,1
484,User484,,Female,,Side,Home_Decor,Ube,#8878C3,136,120,195,Angry,Monsoon,122,0
2479,User2479,,,Desktop,Top,Sports,Mulberry,#C54B8C,197,75,140,Angry,Monsoon,229,0
3164,User3164,,,Desktop,Bottom,Fashion,Vivid orange peel,#FFA000,255,160,0,Calm,Monsoon,155,1
1410,User1410,19.0,Female,Desktop,Top,Home_Decor,Brown Sugar,#AF6E4D,175,110,77,Sad,Summer,171,0
3333,User3333,30.0,Male,Tablet,Top,Tech,Wenge,#645452,100,84,82,Calm,Winter,99,1
8208,User8208,,,Tablet,Top,Food,Persian indigo,#32127A,50,18,122,Sad,Winter,264,1
4853,User4853,,,,Bottom,Fashion,Deep champagne,#FAD6A5,250,214,165,Happy,Spring,263,1
6237,User6237,32.0,Non-Binary,,Top,Home_Decor,School bus yellow,#FFD800,255,216,0,Neutral,Winter,124,1
8647,User8647,,Female,Desktop,Top,Tech,Maximum Red Purple,#A63A79,166,58,121,Neutral,Winter,78,1
6849,User6849,39.0,,,Top,Food,Absolute zero,#0048BA,0,72,186,Sad,Autumn,100,1
1729,User1729,26.0,,Mobile,,Sports,Bulgarian rose,#480607,72,6,7,Calm,Autumn,296,1
284,User284,,,Tablet,,Home_Decor,Firebrick,#B22222,178,34,34,Angry,Spring,181,1
3287,User3287,24.0,Male,Mobile,Bottom,Sports,Green-yellow,#ADFF2F,173,255,47,Sad,Monsoon,31,0
4848,User4848,,Female,,Bottom,Fashion,Tea rose,#F88379,248,131,121,Sad,Spring,215,1
1148,User1148,25.0,,,Bottom,Food,Gray,#808080,128,128,128,Angry,Spring,261,1
1539,User1539,43.0,,Mobile,Bottom,Food,Deep chestnut,#B94E48,185,78,72,Sad,Summer,209,1
7981,User7981,,,Tablet,Top,Sports,China rose,#A8516E,168,81,110,Happy,Winter,70,0
5053,User5053,61.0,,,Side,Sports,Medium slate blue,#7B68EE,123,104,238,Angry,Summer,154,1
6959,User6959,39.0,Male,Desktop,Top,Fashion,Sandy taupe,#967117,150,113,23,Happy,Winter,171,1
2602,User2602,61.0,Female,Desktop,,Tech,Honeydew,#F0FFF0,240,255,240,Neutral,Spring,224,1
6268,User6268,,,Desktop,Top,Home_Decor,UP Maroon,#7B1113,123,17,19,Angry,Winter,262,1
5596,User5596,,,Tablet,,Tech,Pale cornflower blue,#ABCDEF,171,205,239,Angry,Monsoon,207,1
2337,User2337,,Male,Desktop,Top,Food,Seashell,#FFF5EE,255,245,238,Calm,Monsoon,244,1
5748,User5748,,Male,Desktop,Side,Home_Decor,Gold (metallic),#D4AF37,212,175,55,Calm,Spring,233,1
5596,User5596,43.0,,,Top,Fashion,Princess Perfume,#FF85CF,255,133,207,Angry,Autumn,160,1
5907,User5907,61.0,Non-Binary,Mobile,Top,Tech,Pastel pink,#DEA5A4,222,165,164,Neutral,Monsoon,222,0
8353,User8353,,,Desktop,Bottom,Tech,Deep chestnut,#B94E48,185,78,72,Sad,Spring,199,1
9668,User9668,,,Mobile,,Home_Decor,Asparagus,#87A96B,135,169,107,Calm,Summer,274,0
8922,User8922,26.0,Non-Binary,Mobile,Side,Fashion,Amazon,#3B7A57,59,122,87,Neutral,Autumn,20,0
3863,User3863,,Non-Binary,Tablet,Side,Fashion,Smashed Pumpkin,#FF6D3A,255,109,58,Neutral,Monsoon,245,0
1975,User1975,30.0,Female,Mobile,Top,Tech,Pastel purple,#B39EB5,179,158,181,Calm,Spring,256,1
228,User228,46.0,,Mobile,Top,Tech,Aureolin,#FDEE00,253,238,0,Sad,Spring,55,1
1454,User1454,,,Tablet,Top,Sports,Interdimensional Blue,#360CCC,54,12,204,Calm,Summer,32,1
1707,User1707,,Female,Mobile,Top,Home_Decor,Dark coral,#CD5B45,205,91,69,Neutral,Summer,57,0
2602,User2602,61.0,Female,Desktop,Side,Fashion,Rose bonbon,#F9429E,249,66,158,Happy,Autumn,120,1
9689,User9689,,Male,Desktop,Bottom,Food,Sacramento State green,#00563F,0,86,63,Calm,Monsoon,13,1
5609,User5609,28.0,,Mobile,Bottom,Home_Decor,Inchworm,#B2EC5D,178,236,93,Neutral,Spring,15,0
7878,User7878,60.0,,,Side,Sports,Minion Yellow,#F5E050,245,220,80,Calm,Autumn,111,1
7808,User7808,,,,Top,Home_Decor,Cyber grape,#58427C,88,66,124,Neutral,Autumn,262,1
7055,User7055,,Female,Desktop,Bottom,Tech,Radical Red,#FF355E,255,53,94,Sad,Summer,186,0
1127,User1127,,,Desktop,Side,Home_Decor,Lavender magenta,#EE82EE,238,130,238,Neutral,Spring,174,1
4776,User4776,27.0,Female,,Bottom,Home_Decor,Dodger blue,#1E90FF,30,144,255,Angry,Winter,143,0
2431,User2431,54.0,Male,,,Home_Decor,Glossy Grape,#AB92B3,171,146,179,Happy,Summer,289,1
8273,User8273,22.0,Male,Tablet,,Food,Almond,#EFDECD,239,222,205,Neutral,Spring,115,0
315,User315,,Non-Binary,,,Sports,Hansa yellow,#E9D66B,233,214,107,Calm,Autumn,96,1
3574,User3574,,Female,Tablet,,Home_Decor,Carrot orange,#ED9121,237,145,33,Calm,Autumn,224,1
5533,User5533,22.0,Male,Tablet,Bottom,Home_Decor,Ube,#8878C3,136,120,195,Neutral,Monsoon,9,0
2311,User2311,,,Desktop,Bottom,Food,Light cornflower blue,#93CCEA,147,204,234,Angry,Winter,24,1
3352,User3352,,Female,,Side,Fashion,Tickle Me Pink,#FC89AC,252,137,172,Neutral,Summer,105,1
8445,User8445,,Female,Desktop,Side,Home_Decor,Burgundy,#800020,128,0,32,Sad,Monsoon,299,0
3144,User3144,24.0,Male,Desktop,Side,Home_Decor,Violet-blue,#324AB2,50,74,178,Angry,Monsoon,161,1
4228,User4228,,,Desktop,Side,Fashion,Cyan cornflower blue,#188BC2,24,139,194,Neutral,Winter,5,1
2380,User2380,,Non-Binary,Desktop,Side,Home_Decor,Brown (traditional),#964B00,150,75,0,Happy,Summer,216,0
6553,User6553,,,Desktop,Bottom,Home_Decor,Slimy Green,#299617,41,150,23,Angry,Summer,123,1
5777,User5777,42.0,,Tablet,Bottom,Home_Decor,Copper red,#CB6D51,203,109,81,Neutral,Autumn,264,0
3801,User3801,26.0,Non-Binary,Desktop,,Sports,Yellow,#FFFF00,255,255,0,Happy,Summer,179,1
4029,User4029,21.0,Female,Desktop,,Tech,Nickel,#727472,114,116,114,Neutral,Monsoon,138,1
7766,User7766,,,Mobile,Top,Sports,Bistre,#3D2B1F,61,43,31,Sad,Autumn,106,1
498,User498,32.0,Non-Binary,Desktop,Bottom,Fashion,Light cyan,#E0FFFF,224,255,255,Calm,Summer,66,0
2387,User2387,,Non-Binary,Mobile,Top,Sports,Heliotrope gray,#AA98A9,170,152,168,Neutral,Winter,58,1
5968,User5968,,,Tablet,Side,Sports,Mummy's Tomb,#828E84,130,142,132,Angry,Monsoon,11,1
3775,User3775,37.0,,Tablet,,Food,Pullman Green,#3B331C,59,51,28,Neutral,Spring,7,0
7438,User7438,53.0,Non-Binary,Mobile,Side,Fashion,Utah Crimson,#D3003F,211,0,63,Neutral,Winter,153,1
8190,User8190,,,Mobile,Side,Fashion,Spiro Disco Ball,#0FC0FC,15,192,252,Neutral,Winter,292,1
4053,User4053,,Female,Desktop,Side,Fashion,Light brown,#B5651D,181,101,29,Neutral,Summer,16,0
5514,User5514,31.0,,Desktop,Side,Sports,Rust,#B7410E,183,65,14,Angry,Autumn,108,1
1749,User1749,,Non-Binary,,Bottom,Fashion,Barn red,#7C0A02,124,10,2,Angry,Autumn,115,0
6654,User6654,33.0,,Desktop,Top,Food,Carrot orange,#ED9121,237,145,33,Neutral,Monsoon,267,1
6654,User6654,33.0,,Desktop,Top,Home_Decor,Mountbatten pink,#997A8D,153,122,141,Calm,Summer,177,1
9200,User9200,,Non-Binary,Desktop,Side,Sports,Heart Gold,#808000,128,128,0,Neutral,Autumn,99,0
1868,User1868,46.0,Non-Binary,,Top,Home_Decor,Rich brilliant lavender,#F1A7FE,241,167,254,Angry,Spring,207,0
9419,User9419,64.0,,,,Home_Decor,Tan,#D2B48C,210,180,140,Sad,Summer,49,1
2288,User2288,,,Desktop,Top,Sports,Cultured,#F5F5F5,245,245,245,Neutral,Summer,38,0
7583,User7583,24.0,Female,Tablet,Side,Sports,Golden poppy,#FCC200,252,194,0,Neutral,Autumn,215,0
5980,User5980,40.0,Female,Desktop,Side,Fashion,Twilight lavender,#8A496B,138,73,107,Neutral,Winter,229,1
4539,User4539,54.0,Male,,Bottom,Food,Desire,#EA3C53,234,60,83,Neutral,Summer,268,1
2156,User2156,46.0,Female,Tablet,,Sports,Limerick,#9DC209,157,194,9,Happy,Winter,230,1
7647,User7647,,Male,Desktop,,Home_Decor,Yellow-green,#9ACD32,154,205,50,Neutral,Monsoon,108,1
6553,User6553,,,Desktop,Bottom,Sports,Indigo (web),#4B0082,75,0,130,Angry,Monsoon,225,1
2373,User2373,31.0,,Desktop,Bottom,Food,Smoky black,#100C08,16,12,8,Angry,Autumn,127,1
9503,User9503,,,Desktop,Side,Tech,Begonia,#FA6E79,250,110,121,Happy,Monsoon,226,0
8765,User8765,,Male,Mobile,Top,Home_Decor,Dark orange,#FF8C00,255,140,0,Neutral,Autumn,47,0
3352,User3352,,Female,Desktop,Side,Tech,Celadon green,#2F847C,47,132,124,Calm,Autumn,214,1
7038,User7038,,,Tablet,Side,Tech,Teal deer,#99E6B3,153,230,179,Neutral,Winter,15,0
654,User654,45.0,,,Side,Food,Jordy blue,#8AB9F1,138,185,241,Angry,Winter,220,0
6153,User6153,30.0,,Mobile,Side,Sports,Nyanza,#E9FFDB,233,255,219,Sad,Monsoon,168,1
4593,User4593,54.0,Male,Desktop,Side,Tech,Tulip,#FF878D,255,135,141,Sad,Winter,229,0
5198,User5198,47.0,Male,Desktop,Bottom,Fashion,Violet (color wheel),#7F00FF,127,0,255,Calm,Summer,229,1
8965,User8965,,Female,,Bottom,Sports,Candy pink,#E4717A,228,113,122,Neutral,Spring,250,1
2581,User2581,,Female,,,Home_Decor,Celadon,#ACE1AF,172,225,175,Happy,Summer,150,1
5329,User5329,54.0,,Tablet,Side,Sports,Metallic Sunburst,#9C7C38,156,124,56,Neutral,Summer,195,1
7890,User7890,,Non-Binary,Tablet,Side,Food,Black olive,#3B3C36,59,60,54,Calm,Autumn,265,0
3644,User3644,,Female,Mobile,,Food,Old gold,#CFB53B,207,181,59,Calm,Spring,291,1
7769,User7769,,,,,Home_Decor,Nickel,#727472,114,116,114,Calm,Autumn,20,0
6409,User6409,52.0,Male,,Top,Home_Decor,Midnight,#702670,112,38,112,Sad,Winter,198,1
2595,User2595,,Female,Desktop,,Home_Decor,Upsdell red,#AE2029,174,32,41,Neutral,Winter,13,1
9990,User9990,25.0,,Desktop,Side,Food,Chamoisee,#A0785A,160,120,90,Neutral,Spring,6,1
6654,User6654,33.0,,Desktop,,Sports,Gray (X11 gray),#BEBEBE,190,190,190,Happy,Monsoon,297,1
9512,User9512,,Non-Binary,Tablet,,Tech,Teal deer,#99E6B3,153,230,179,Calm,Winter,88,0
5629,User5629,,,,Top,Tech,Lust,#E62020,230,32,32,Calm,Summer,213,1
5498,User5498,,,,Side,Fashion,Safety orange (blaze orange),#FF6700,255,103,0,Angry,Spring,62,1
7605,User7605,48.0,,Tablet,Top,Food,Pastel orange,#FFB347,255,179,71,Angry,Spring,110,0
2964,User2964,40.0,,,Side,Home_Decor,Mellow yellow,#F8DE7E,248,222,126,Sad,Winter,140,1
7498,User7498,,,Mobile,Side,Sports,Straw,#E4D96F,228,217,111,Neutral,Winter,81,1
7630,User7630,23.0,Non-Binary,Desktop,Top,Food,Maximum Green,#5E8C31,94,140,49,Happy,Autumn,214,0
4483,User4483,,Non-Binary,Desktop,Top,Fashion,Star command blue,#007BB8,0,123,184,Happy,Autumn,236,1
5818,User5818,,,Tablet,Top,Tech,Lavender (floral),#B57EDC,181,126,220,Calm,Summer,129,1
6743,User6743,,,,Side,Sports,Pearl Aqua,#88D8C0,136,216,192,Happy,Spring,184,1
8789,User8789,,Female,,Top,Tech,Pale robin egg blue,#96DED1,150,222,209,Calm,Monsoon,294,1
4233,User4233,44.0,,,Top,Sports,Vanilla ice,#F38FA9,243,143,169,Neutral,Monsoon,218,0
1762,User1762,41.0,Male,,,Home_Decor,Dark slate blue,#483D8B,72,61,139,Happy,Spring,101,1
470,User470,24.0,Male,Mobile,Side,Sports,Red-purple,#E40078,228,0,120,Calm,Summer,253,0
4981,User4981,,Male,Tablet,,Home_Decor,Radical Red,#FF355E,255,53,94,Neutral,Autumn,225,1
1214,User1214,26.0,,Mobile,Bottom,Food,Persian orange,#D99058,217,144,88,Neutral,Autumn,17,1
1029,User1029,,,Mobile,Bottom,Tech,Brown (web),#A52A2A,165,42,42,Calm,Autumn,95,0
2774,User2774,,Female,Desktop,Top,Sports,Dolphin Gray,#828E84,130,142,132,Calm,Monsoon,197,0
3463,User3463,25.0,Female,Tablet,Bottom,Sports,Chartreuse (web),#7FFF00,127,255,0,Sad,Monsoon,203,0
5418,User5418,34.0,Male,Mobile,Top,Fashion,Dark sky blue,#8CBED6,140,190,214,Neutral,Summer,264,1
412,User412,,Male,Tablet,Top,Tech,Saffron,#F4C430,244,196,48,Calm,Monsoon,68,1
9617,User9617,63.0,,Tablet,Side,Food,Cherry,#DE3163,222,49,99,Neutral,Winter,236,1
3429,User3429,59.0,,Tablet,Side,Home_Decor,Queen blue,#436B95,67,107,149,Happy,Monsoon,231,1
4273,User4273,,Non-Binary,Tablet,Bottom,Food,Caribbean green,#00CC99,0,204,153,Angry,Autumn,171,0
6248,User6248,48.0,Female,Mobile,Top,Fashion,Cyan-blue azure,#4682BF,70,130,191,Angry,Summer,255,1
5301,User5301,,Male,Tablet,Side,Food,Purple navy,#4E5180,78,81,128,Calm,Spring,190,1
1017,User1017,,Female,Mobile,Top,Home_Decor,Pastel magenta,#F49AC2,244,154,194,Calm,Spring,253,0
2897,User2897,52.0,Male,,Bottom,Tech,Fuzzy Wuzzy,#CC6666,204,102,102,Neutral,Summer,276,0
9090,User9090,41.0,Male,Desktop,Side,Fashion,Dark midnight blue,#003366,0,51,102,Calm,Winter,142,1
7324,User7324,,,Mobile,Side,Sports,Topaz,#FFC87C,255,200,124,Neutral,Spring,113,0
421,User421,31.0,Non-Binary,,Side,Sports,Blue-violet,#8A2BE2,138,43,226,Calm,Autumn,48,0
4981,User4981,,Male,,,Tech,Rosy brown,#BC8F8F,188,143,143,Neutral,Spring,205,1
4266,User4266,,,,Side,Food,Citrine,#E4D00A,228,208,10,Calm,Spring,108,1
6657,User6657,22.0,,Desktop,Bottom,Sports,Lavender (web),#E6E6FA,230,230,250,Sad,Autumn,124,1
4073,User4073,,Male,Desktop,Top,Fashion,Zinnwaldite brown,#2C1608,44,22,8,Neutral,Monsoon,32,1
1635,User1635,,Female,,Top,Home_Decor,Camel,#C19A6B,193,154,107,Sad,Winter,111,1
7526,User7526,,,Tablet,Side,Food,Red (Pantone),#ED2939,237,41,57,Sad,Autumn,284,1
3928,User3928,,Non-Binary,Mobile,Side,Home_Decor,Russian violet,#32174D,50,23,77,Sad,Autumn,32,0
3042,User3042,,,Mobile,Side,Food,Turquoise blue,#00FFEF,0,255,239,Sad,Summer,190,1
496,User496,40.0,Male,Tablet,Side,Fashion,Indian yellow,#E3A857,227,168,87,Happy,Winter,199,0
6202,User6202,,Female,Tablet,Bottom,Home_Decor,Indigo dye,#091F92,9,31,146,Angry,Monsoon,150,1
7086,User7086,30.0,Non-Binary,Mobile,,Fashion,Harlequin green,#46CB18,70,203,24,Happy,Autumn,264,1
8515,User8515,,,,,Home_Decor,Pink lavender,#D8B2D1,216,178,209,Calm,Monsoon,181,1
1752,User1752,44.0,Female,Mobile,,Food,Chartreuse (traditional),#DFFF00,223,255,0,Calm,Autumn,132,0
6128,User6128,,,Desktop,Top,Fashion,Bright ube,#D19FE8,209,159,232,Angry,Autumn,110,0
185,User185,52.0,,Mobile,Top,Food,Dark cerulean,#08457E,8,69,126,Angry,Summer,215,0
1529,User1529,20.0,Female,Mobile,,Food,Tea rose,#F88379,248,131,121,Angry,Spring,15,1
2722,User2722,39.0,,Desktop,,Home_Decor,Mantis,#74C365,116,195,101,Sad,Winter,21,1
277,User277,59.0,Male,Desktop,Top,Home_Decor,Tumbleweed,#DEAA88,222,170,136,Happy,Summer,70,1
7993,User7993,,,Mobile,Bottom,Fashion,Dark terra cotta,#CC4E5C,204,78,92,Calm,Monsoon,117,1
3908,User3908,50.0,Female,,Bottom,Sports,Super pink,#CF6BA9,207,107,169,Happy,Autumn,136,1
3972,User3972,19.0,Female,Mobile,Top,Tech,Persian orange,#D99058,217,144,88,Happy,Autumn,75,0
5414,User5414,,Female,Desktop,,Home_Decor,Persimmon,#EC5800,236,88,0,Happy,Winter,65,1
2771,User2771,25.0,,Tablet,Top,Food,Smoky Topaz,#933D41,147,61,65,Angry,Summer,248,0
2804,User2804,,Female,Tablet,Bottom,Tech,UA blue,#0033AA,0,51,170,Angry,Summer,9,1
5498,User5498,,Female,Tablet,Side,Fashion,Utah Crimson,#D3003F,211,0,63,Calm,Monsoon,25,1
2036,User2036,63.0,,Tablet,Bottom,Tech,Bisque,#FFE4C4,255,228,196,Calm,Summer,190,0
9789,User9789,36.0,,Tablet,Side,Tech,Purple Plum,#9C51B6,156,81,182,Calm,Summer,213,1
9676,User9676,,,Mobile,Top,Sports,Marigold,#EAA221,234,162,33,Happy,Spring,235,1
7043,User7043,37.0,,Tablet,Side,Sports,Amazon,#3B7A57,59,122,87,Angry,Winter,18,0
49,User49,,,Tablet,Top,Tech,Jasmine,#F8DE7E,248,222,126,Sad,Summer,83,0
674,User674,,,Tablet,Side,Sports,Urobilin,#E1AD21,225,173,33,Happy,Monsoon,186,1
5955,User5955,59.0,,Tablet,Side,Sports,Vivid malachite,#00CC33,0,204,51,Neutral,Autumn,82,1
928,User928,,Male,,,Tech,Outrageous Orange,#FF6E4A,255,110,74,Happy,Summer,276,1
5308,User5308,,Non-Binary,Desktop,Side,Home_Decor,Candy pink,#E4717A,228,113,122,Angry,Summer,55,1
1141,User1141,37.0,Male,Desktop,Bottom,Sports,Sunray,#E3AB57,227,171,87,Neutral,Autumn,261,1
5980,User5980,40.0,Female,,,Tech,Silver sand,#BFC1C2,191,193,194,Happy,Spring,22,1
3543,User3543,55.0,,,Top,Home_Decor,Picton blue,#45B1E8,69,177,232,Angry,Winter,294,1
3767,User3767,23.0,Male,,Bottom,Sports,Magenta,#FF00FF,255,0,255,Angry,Spring,222,0
6652,User6652,41.0,Male,Tablet,Side,Tech,Carrot orange,#ED9121,237,145,33,Sad,Monsoon,104,0
2691,User2691,,Non-Binary,Desktop,Bottom,Sports,Very light blue,#6666FF,102,102,255,Happy,Summer,153,1
5574,User5574,52.0,,,Bottom,Home_Decor,Medium aquamarine,#66DDAA,102,221,170,Angry,Spring,159,1
4272,User4272,,Female,Desktop,Top,Tech,School bus yellow,#FFD800,255,216,0,Calm,Winter,106,0
1721,User1721,34.0,,,,Home_Decor,Dingy Dungeon,#C53151,197,49,81,Angry,Monsoon,119,1
8400,User8400,,,,Bottom,Food,Duke blue,#00009C,0,0,156,Sad,Spring,274,1
9290,User9290,61.0,,Desktop,Bottom,Fashion,Cocoa brown,#D2691E,210,105,30,Angry,Summer,96,1
8253,User8253,57.0,Non-Binary,Desktop,Bottom,Food,Light blue,#ADD8E6,173,216,230,Happy,Winter,25,1
9689,User9689,,Male,Desktop,Bottom,Sports,Dark byzantium,#5D3954,93,57,84,Happy,Summer,124,1
3640,User3640,,,Desktop,Side,Home_Decor,Absolute zero,#0048BA,0,72,186,Neutral,Summer,23,0
1797,User1797,27.0,,Tablet,Bottom,Tech,Fuchsia purple,#CC397B,204,57,123,Happy,Monsoon,28,0
4981,User4981,,Male,Tablet,Bottom,Home_Decor,Vivid sky blue,#00CCFF,0,204,255,Neutral,Winter,30,1
1529,User1529,20.0,Female,Mobile,,Sports,Razzmic Berry,#8D4E85,141,78,133,Calm,Autumn,157,1
8147,User8147,,Female,,Top,Tech,Cambridge Blue,#A3C1AD,163,193,173,Sad,Summer,206,1
6495,User6495,,Non-Binary,,Bottom,Food,Spanish green,#009150,0,145,80,Calm,Winter,143,1
4833,User4833,,,Desktop,,Home_Decor,Taupe,#483C32,72,60,50,Neutral,Summer,284,0
9270,User9270,,Male,Desktop,Side,Fashion,Pale gold,#E6BE8A,230,190,138,Angry,Spring,28,0
5216,User5216,,Female,Tablet,Top,Sports,Maroon (HTML/CSS),#800000,128,0,0,Angry,Spring,16,0
9855,User9855,,Male,Desktop,Bottom,Sports,Kelly green,#4CBB17,76,187,23,Calm,Winter,139,1
8222,User8222,27.0,,Tablet,Side,Home_Decor,Cadmium green,#006B3C,0,107,60,Angry,Monsoon,85,1
3746,User3746,,Male,Desktop,Top,Food,Dollar bill,#85BB65,133,187,101,Neutral,Autumn,74,1
9101,User9101,,,Desktop,Top,Food,Chamoisee,#A0785A,160,120,90,Sad,Spring,208,0
5780,User5780,,Female,Mobile,,Fashion,Chlorophyll green,#4AFF00,74,255,0,Happy,Monsoon,83,1
7766,User7766,,,,Top,Fashion,Aero,#7CB9E8,124,185,232,Neutral,Autumn,283,1
4697,User4697,,,Mobile,Side,Home_Decor,Denim Blue,#2243B6,34,67,182,Neutral,Spring,203,1
3543,User3543,,,Tablet,Top,Tech,Lemon meringue,#F6EABE,246,234,190,Happy,Autumn,298,1
8692,User8692,,Male,,Bottom,Food,Bole,#79443B,121,68,59,Happy,Summer,289,1
1160,User1160,48.0,Female,Desktop,Side,Tech,Yellow rose,#FFF000,255,240,0,Sad,Winter,160,0
1474,User1474,31.0,,Desktop,Side,Tech,French fuchsia,#FD3F92,253,63,146,Sad,Spring,80,1
9290,User9290,61.0,,Desktop,,Home_Decor,Winter Sky,#FF007C,255,0,124,Sad,Spring,223,1
3372,User3372,54.0,,Tablet,Top,Fashion,Eton blue,#96C8A2,150,200,162,Angry,Summer,281,0
4171,User4171,25.0,,Desktop,Side,Tech,Spiro Disco Ball,#0FC0FC,15,192,252,Neutral,Spring,269,0
8439,User8439,58.0,,,,Home_Decor,Persian green,#00A693,0,166,147,Happy,Spring,53,0
9311,User9311,,Non-Binary,Desktop,,Fashion,Sandy Tan,#FDD9B5,253,217,181,Neutral,Spring,102,1
2137,User2137,,Male,Tablet,Side,Tech,Livid,#6699CC,102,153,204,Neutral,Spring,297,1
1077,User1077,,,Desktop,Top,Tech,Shimmering Blush,#D98695,217,134,149,Sad,Spring,25,1
3144,User3144,24.0,Male,,,Fashion,Medium purple,#9370DB,147,112,219,Sad,Monsoon,27,1
5760,User5760,47.0,Female,,Bottom,Fashion,Sonic silver,#757575,117,117,117,Neutral,Spring,142,0
3644,User3644,,Female,Mobile,Side,Sports,Sap green,#507D2A,80,125,42,Sad,Summer,234,1
6365,User6365,,,,Bottom,Sports,Cyan cobalt blue,#28589C,40,88,156,Angry,Spring,33,1
5495,User5495,,Male,Mobile,Bottom,Home_Decor,Jade,#00A86B,0,168,107,Happy,Autumn,25,1
6765,User6765,46.0,Female,Tablet,Side,Home_Decor,Old moss green,#867E36,134,126,54,Neutral,Autumn,103,1
5085,User5085,,,Tablet,Top,Food,Copper red,#CB6D51,203,109,81,Happy,Summer,67,1
3583,User3583,28.0,Female,Mobile,Side,Sports,Duke blue,#00009C,0,0,156,Angry,Monsoon,137,0
3336,User3336,26.0,Non-Binary,Desktop,Bottom,Fashion,Maximum Red Purple,#A63A79,166,58,121,Sad,Summer,19,1
6412,User6412,46.0,Male,Desktop,Top,Sports,Islamic green,#009000,0,144,0,Calm,Monsoon,109,0
1503,User1503,19.0,,Tablet,Side,Home_Decor,Red (Pantone),#ED2939,237,41,57,Angry,Winter,115,1
9290,User9290,61.0,,,Bottom,Home_Decor,Registration black,#000000,0,0,0,Calm,Autumn,115,1
8025,User8025,,Female,Desktop,,Home_Decor,Deep lemon,#F5C71A,245,199,26,Happy,Autumn,8,0
1494,User1494,18.0,Male,,Bottom,Fashion,Wisteria,#C9A0DC,201,160,220,Neutral,Autumn,156,0
8432,User8432,44.0,,Tablet,Bottom,Tech,Vivid malachite,#00CC33,0,204,51,Sad,Monsoon,46,0
6765,User6765,,Female,Tablet,Side,Home_Decor,Mimi Pink,#FFDAE9,255,218,233,Angry,Summer,30,1
3042,User3042,,,Mobile,,Sports,Navy,#000080,0,0,128,Sad,Monsoon,198,1
2825,User2825,,Male,Desktop,,Tech,Ruddy,#FF0028,255,0,40,Calm,Autumn,12,0
7099,User7099,22.0,Female,Mobile,Top,Sports,Indian yellow,#E3A857,227,168,87,Calm,Autumn,77,1
9946,User9946,46.0,,Tablet,Side,Home_Decor,Bistre,#3D2B1F,61,43,31,Neutral,Autumn,82,0
3062,User3062,,Male,Desktop,,Fashion,Volt,#CEFF00,205,255,0,Calm,Autumn,152,1
9400,User9400,,Non-Binary,Mobile,Side,Tech,Dark violet,#9400D3,148,0,211,Neutral,Winter,72,1
6365,User6365,,,Tablet,Bottom,Tech,Periwinkle,#CCCCFF,204,204,255,Angry,Autumn,187,1
2981,User2981,37.0,Non-Binary,Tablet,Side,Home_Decor,Spring green,#00FF7F,0,255,127,Neutral,Monsoon,89,0
8890,User8890,44.0,Female,Tablet,Bottom,Home_Decor,Spanish bistre,#807532,128,117,50,Calm,Autumn,83,0
3543,User3543,55.0,,Tablet,,Home_Decor,Green (pigment),#00A550,0,165,80,Happy,Spring,43,1
4230,User4230,35.0,Female,Tablet,Top,Food,Mordant red 19,#AE0C00,174,12,0,Neutral,Winter,24,1
5623,User5623,,,Desktop,,Fashion,Platinum,#E5E4E2,229,228,226,Sad,Autumn,74,1
9136,User9136,,Non-Binary,,,Fashion,Infra Red,#FF496C,255,73,108,Happy,Spring,160,1
1524,User1524,24.0,Male,Mobile,Bottom,Home_Decor,Alloy orange,#C46210,196,98,16,Neutral,Monsoon,121,1
5338,User5338,,Male,,Top,Food,Ecru,#C2B280,194,178,128,Sad,Winter,32,1
3014,User3014,,,Mobile,,Home_Decor,Dark pastel blue,#779ECB,119,158,203,Happy,Autumn,102,1
9227,User9227,,Non-Binary,Mobile,Side,Home_Decor,Drab,#967117,150,113,23,Neutral,Monsoon,155,1
3245,User3245,,Male,Desktop,,Fashion,Violet-blue,#324AB2,50,74,178,Angry,Spring,26,1
3245,User3245,40.0,Male,Desktop,Side,Food,Red (pigment),#ED1C24,237,28,36,Sad,Winter,265,1
9146,User9146,58.0,,,Top,Fashion,Spicy mix,#8B5f4D,139,95,77,Angry,Autumn,64,1
3610,User3610,,Male,Desktop,,Home_Decor,Spanish viridian,#007F5C,0,127,92,Calm,Monsoon,167,0
4539,User4539,54.0,Male,,Bottom,Sports,Deep carmine,#A9203E,169,32,62,Neutral,Winter,118,1
8222,User8222,27.0,,Tablet,Side,Tech,Lavender blush,#FFF0F5,255,240,245,Neutral,Spring,200,1
8794,User8794,45.0,Non-Binary,Desktop,Top,Home_Decor,Mint,#3EB489,62,180,137,Sad,Autumn,49,0
1905,User1905,,,,Bottom,Food,Sandstorm,#ECD540,236,213,64,Neutral,Winter,117,1
1253,User1253,,Female,Desktop,Bottom,Sports,Dark gray (X11),#A9A9A9,169,169,169,Calm,Spring,183,1
5531,User5531,34.0,,Desktop,Top,Food,Dark moss green,#4A5D23,74,93,35,Neutral,Spring,274,1
6495,User6495,,Non-Binary,Tablet,Bottom,Home_Decor,Light moss green,#ADDFAD,173,223,173,Happy,Monsoon,60,1
3309,User3309,,,,,Home_Decor,Teal,#008080,0,128,128,Angry,Spring,271,0
9267,User9267,20.0,,Desktop,Top,Tech,Light French beige,#C8AD7F,200,173,127,Calm,Spring,119,1
3837,User3837,23.0,,Desktop,Top,Food,Pumpkin,#FF7518,255,117,24,Calm,Summer,171,0
2234,User2234,,,Desktop,Top,Sports,Zinnwaldite brown,#2C1608,44,22,8,Angry,Spring,119,0
3225,User3225,,,Tablet,Bottom,Tech,Pale magenta-pink,#FF99CC,255,153,204,Angry,Autumn,84,1
2694,User2694,,Non-Binary,,Bottom,Food,Forest green (traditional),#014421,1,68,33,Calm,Winter,290,0
3109,User3109,,,Tablet,Side,Home_Decor,Green (RYB),#66B032,102,176,50,Angry,Autumn,33,1
7878,User7878,,,Tablet,Side,Tech,Bright maroon,#C32148,195,33,72,Sad,Autumn,46,1
3375,User3375,52.0,Non-Binary,Mobile,Bottom,Home_Decor,Telemagenta,#CF3476,207,52,118,Angry,Monsoon,123,1
5110,User5110,44.0,Female,Tablet,Top,Fashion,Lavender blush,#FFF0F5,255,240,245,Happy,Summer,66,1
5055,User5055,45.0,Male,Desktop,Top,Fashion,Papaya whip,#FFEFD5,255,239,213,Happy,Summer,159,1
1879,User1879,61.0,Male,Desktop,Side,Tech,Lava,#CF1020,207,16,32,Sad,Autumn,289,0
8306,User8306,,,Desktop,Side,Tech,Rocket metallic,#8A7F80,138,127,128,Angry,Winter,193,0
6129,User6129,36.0,Male,Tablet,Bottom,Food,Dark slate blue,#483D8B,72,61,139,Happy,Summer,289,1
8104,User8104,,,Desktop,,Sports,Slimy Green,#299617,41,150,23,Neutral,Summer,108,0
7808,User7808,26.0,Female,,Top,Sports,French lilac,#86608E,134,96,142,Angry,Autumn,61,1
7507,User7507,,,,Top,Fashion,Orange-red,#FF4500,255,69,0,Sad,Summer,176,1
8389,User8389,,,,Side,Fashion,Tyrian purple,#66023C,102,2,60,Angry,Monsoon,160,0
2125,User2125,,Female,Tablet,Top,Fashion,Medium blue,#0000CD,0,0,205,Calm,Autumn,169,1
161,User161,,,Tablet,Side,Home_Decor,Crimson glory,#BE0032,190,0,50,Calm,Summer,73,0
6787,User6787,,Female,Mobile,Top,Sports,Lemon yellow,#FFF44F,255,244,79,Happy,Summer,62,0
6495,User6495,,,Tablet,Bottom,Tech,Palatinate blue,#273BE2,39,59,226,Calm,Summer,211,1
7878,User7878,60.0,,Tablet,Side,Fashion,Magenta haze,#9F4576,159,69,118,Sad,Autumn,89,1
8817,User8817,53.0,,Tablet,,Food,Burnt orange,#CC5500,204,85,0,Happy,Winter,105,1
7159,User7159,60.0,,Desktop,,Tech,Coral pink,#F88379,248,131,121,Sad,Spring,296,0
373,User373,34.0,Female,Mobile,Top,Tech,Payne's grey,#536878,83,104,120,Sad,Summer,255,1
5569,User5569,,,Mobile,Bottom,Tech,Hooker's green,#49796B,73,121,107,Calm,Spring,224,1
5684,User5684,56.0,Male,Tablet,Side,Sports,Dark spring green,#177245,23,114,69,Calm,Spring,164,0
5351,User5351,,Male,Tablet,,Fashion,Raspberry pink,#E25098,226,80,152,Sad,Summer,191,0
8761,User8761,43.0,Male,Desktop,Bottom,Food,Persian pink,#F77FBE,247,127,190,Calm,Summer,91,0
3746,User3746,,Male,Desktop,Top,Home_Decor,Blue (Crayola),#1F75FE,31,117,254,Calm,Spring,159,1
2727,User2727,,Non-Binary,,Bottom,Food,Halayà úbe,#663854,102,55,84,Calm,Winter,284,1
5757,User5757,,,Mobile,Side,Food,Chartreuse (web),#7FFF00,127,255,0,Angry,Spring,168,0
9603,User9603,28.0,Non-Binary,Tablet,Bottom,Food,Telemagenta,#CF3476,207,52,118,Sad,Winter,72,0
8965,User8965,25.0,,Mobile,Bottom,Home_Decor,Yankees blue,#1C2841,28,40,65,Neutral,Monsoon,292,1
8335,User8335,,Female,Desktop,,Food,Brick red,#CB4154,203,65,84,Sad,Winter,216,0
5912,User5912,,Non-Binary,Mobile,,Food,Spanish bistre,#807532,128,117,50,Happy,Autumn,124,1
6657,User6657,22.0,,Desktop,Bottom,Fashion,Baby pink,#F4C2C2,244,194,194,Calm,Summer,189,1
5912,User5912,41.0,Non-Binary,Mobile,Side,Fashion,Byzantium,#702963,112,41,99,Calm,Monsoon,220,1
2428,User2428,33.0,,Tablet,,Fashion,Dark candy apple red,#A40000,164,0,0,Neutral,Spring,134,1
7993,User7993,,Non-Binary,Mobile,,Tech,Blue-green,#0D98BA,13,152,186,Happy,Winter,82,1
3945,User3945,,,,Side,Food,Stormcloud,#4F666A,79,102,106,Angry,Monsoon,174,0
334,User334,,Non-Binary,,Top,Sports,Cinereous,#98817B,152,129,123,Sad,Autumn,42,0
4266,User4266,28.0,,Desktop,Side,Sports,Dark raspberry,#872657,135,38,87,Angry,Winter,59,1
5084,User5084,,Non-Binary,Tablet,Side,Sports,Old lavender,#796878,121,104,120,Happy,Spring,294,1
9499,User9499,,Female,Mobile,Bottom,Home_Decor,Pastel red,#FF6961,255,105,97,Neutral,Spring,50,1
1399,User1399,,Female,Mobile,Bottom,Fashion,Generic viridian,#007F66,0,127,102,Happy,Winter,175,1
9835,User9835,,,Desktop,,Fashion,Silver chalice,#ACACAC,172,172,172,Neutral,Autumn,134,0
1931,User1931,,Female,Mobile,Bottom,Fashion,Light French beige,#C8AD7F,200,173,127,Angry,Summer,168,1
8789,User8789,44.0,Female,Desktop,Top,Home_Decor,Alizarin crimson,#E32636,227,38,54,Angry,Summer,74,1
4484,User4484,48.0,,Desktop,Bottom,Food,Salmon,#FA8072,250,128,114,Happy,Spring,296,0
1684,User1684,57.0,,Mobile,Side,Tech,Mauvelous,#EF98AA,239,152,170,Happy,Autumn,73,0
8253,User8253,,,Desktop,Bottom,Fashion,Red (Pantone),#ED2939,237,41,57,Calm,Spring,109,1
6771,User6771,,,Desktop,,Food,Blueberry,#4F86F7,79,134,247,Neutral,Summer,58,1
6861,User6861,,Non-Binary,Tablet,Side,Sports,Cinnabar,#E34234,227,66,52,Calm,Spring,252,1
9829,User9829,,Non-Binary,Tablet,,Tech,Cal Poly Pomona green,#1E4D2B,30,77,43,Sad,Winter,110,0
6576,User6576,62.0,Female,Desktop,Bottom,Sports,Dark imperial blue,#00416A,0,65,106,Sad,Winter,101,1
6669,User6669,38.0,Female,Mobile,Side,Food,Carnelian,#B31B1B,179,27,27,Happy,Autumn,31,1
5273,User5273,64.0,Female,Desktop,Bottom,Food,Ferrari Red,#FF2800,255,40,0,Angry,Summer,76,0
4697,User4697,,,,Side,Sports,Red devil,#860111,134,1,17,Sad,Autumn,189,1
740,User740,47.0,,Tablet,Side,Tech,Sonic silver,#757575,117,117,117,Sad,Autumn,138,0
6287,User6287,,,Tablet,Bottom,Sports,Little boy blue,#6CA0DC,108,160,220,Calm,Summer,178,1
6616,User6616,63.0,Male,Desktop,Bottom,Sports,Pistachio,#93C572,147,197,114,Calm,Monsoon,285,0
3565,User3565,62.0,Female,Desktop,Side,Sports,UP Maroon,#7B1113,123,17,19,Sad,Monsoon,102,0
5529,User5529,21.0,,Desktop,Side,Tech,Green (Munsell),#00A877,0,168,119,Happy,Spring,68,0
2235,User2235,,Non-Binary,Desktop,,Home_Decor,Moccasin,#FAEBD7,250,235,215,Calm,Monsoon,117,0
2083,User2083,60.0,Female,Desktop,Top,Tech,Pastel blue,#AEC6CF,174,198,207,Sad,Winter,69,0
7544,User7544,,Female,Mobile,Top,Sports,Outer Space,#414A4C,65,74,76,Angry,Autumn,220,1
7151,User7151,,Non-Binary,Tablet,,Fashion,Beau blue,#BCD4E6,188,212,230,Calm,Spring,294,1
3336,User3336,26.0,,Desktop,Bottom,Fashion,Copper rose,#996666,153,102,102,Sad,Autumn,93,1
4548,User4548,,Male,Desktop,Side,Food,Brown Sugar,#AF6E4D,175,110,77,Neutral,Summer,251,1
3333,User3333,30.0,Male,,,Home_Decor,Kobe,#882D17,136,45,23,Calm,Monsoon,153,1
6984,User6984,55.0,Male,Tablet,,Food,Gamboge orange (brown),#996600,152,102,0,Neutral,Summer,244,0
3644,User3644,,Female,Mobile,Side,Food,Catalina blue,#062A78,6,42,120,Calm,Spring,10,1
2044,User2044,31.0,,Mobile,,Fashion,Smalt (Dark powder blue),#003399,0,51,153,Calm,Winter,241,1
8271,User8271,29.0,,Desktop,Bottom,Tech,Gray-asparagus,#465945,70,89,69,Neutral,Monsoon,271,1
6409,User6409,52.0,Male,Desktop,,Food,Aztec Gold,#C39953,195,153,83,Happy,Summer,242,1
1296,User1296,34.0,,Tablet,Top,Food,Peach puff,#FFDAB9,255,218,185,Sad,Monsoon,143,1
6449,User6449,42.0,,Desktop,Top,Home_Decor,Deep saffron,#FF9933,255,153,51,Happy,Autumn,169,1
7340,User7340,,Non-Binary,Desktop,,Fashion,Pink raspberry,#980036,152,0,54,Happy,Winter,286,0
5425,User5425,,Non-Binary,Mobile,Side,Tech,Giant's Club,#B05C52,176,92,82,Sad,Monsoon,189,1
4361,User4361,29.0,Male,Tablet,,Home_Decor,Heart Gold,#808000,128,128,0,Angry,Winter,158,1
39,User39,27.0,Non-Binary,Tablet,Top,Tech,Maroon (X11),#B03060,176,48,96,Happy,Autumn,110,0
6103,User6103,,,Mobile,Side,Tech,Veronica,#A020F0,160,32,240,Happy,Autumn,153,0
9572,User9572,38.0,,Mobile,Bottom,Food,Teal,#008080,0,128,128,Happy,Summer,189,1
6708,User6708,,,Desktop,Top,Home_Decor,Hot pink,#FF69B4,255,105,180,Angry,Spring,275,1
3561,User3561,37.0,,Desktop,,Food,Pale copper,#DA8A67,218,138,103,Calm,Summer,195,1
6796,User6796,,Non-Binary,Mobile,Side,Sports,Sky magenta,#CF71AF,207,113,175,Neutral,Winter,167,0
3323,User3323,48.0,,Tablet,,Tech,Congo pink,#F88379,248,131,121,Neutral,Summer,205,1
4483,User4483,,Non-Binary,,Top,Home_Decor,Iguana Green,#71BC78,113,188,120,Angry,Monsoon,110,1
5346,User5346,30.0,Non-Binary,Tablet,Top,Fashion,Bittersweet,#FE6F5E,254,111,94,Happy,Summer,219,1
9521,User9521,44.0,Male,Desktop,Top,Food,Redwood,#A45A52,164,90,82,Neutral,Spring,224,0
8004,User8004,,,Desktop,,Sports,Queen blue,#436B95,67,107,149,Angry,Spring,221,0
5860,User5860,,Female,Desktop,Bottom,Sports,Lemon meringue,#F6EABE,246,234,190,Sad,Winter,33,1
2009,User2009,,Female,Tablet,Top,Sports,Jungle green,#29AB87,41,171,135,Neutral,Autumn,242,0
316,User316,,,Desktop,Top,Food,Dark chestnut,#986960,152,105,96,Sad,Spring,68,1
6143,User6143,29.0,,Mobile,Bottom,Fashion,Rich black (FOGRA39),#010203,1,2,3,Happy,Winter,100,1
6989,User6989,28.0,Male,,Bottom,Home_Decor,Fresh Air,#A6E7FF,166,231,255,Neutral,Spring,158,1
6258,User6258,,Non-Binary,,Top,Tech,Viridian green,#009698,0,150,152,Angry,Spring,32,1
9399,User9399,37.0,Male,Desktop,Bottom,Fashion,Bright cerulean,#1DACD6,29,172,214,Calm,Autumn,180,0
7637,User7637,24.0,Male,,Side,Food,Fern green,#4F7942,79,121,66,Neutral,Monsoon,255,0
4055,User4055,30.0,,Tablet,Bottom,Home_Decor,International orange (engineering),#BA160C,186,22,12,Neutral,Winter,198,0
5909,User5909,45.0,,Tablet,Top,Tech,Lemon lime,#E3FF00,227,255,0,Neutral,Spring,283,1
7266,User7266,,,Tablet,Bottom,Home_Decor,Turtle green,#8A9A5B,138,154,91,Neutral,Spring,43,1
6287,User6287,40.0,Female,Tablet,Bottom,Tech,Blue yonder,#5072A7,80,114,167,Angry,Summer,73,1
5579,User5579,,Non-Binary,Mobile,Side,Tech,Electric lavender,#F4BBFF,244,187,255,Angry,Monsoon,281,1
6479,User6479,,,Tablet,Side,Sports,Boysenberry,#873260,135,50,96,Calm,Autumn,124,1
316,User316,42.0,Non-Binary,Desktop,Top,Food,Cyan (process),#00B7EB,0,183,235,Angry,Winter,90,1
6258,User6258,,Non-Binary,Tablet,Top,Fashion,Electric crimson,#FF003F,255,0,63,Angry,Spring,181,1
6210,User6210,57.0,Male,Tablet,Bottom,Sports,Gargoyle Gas,#FFDF46,255,223,70,Happy,Winter,98,0
5818,User5818,,,Tablet,Top,Sports,Resolution blue,#002387,0,35,135,Happy,Autumn,96,1
3823,User3823,57.0,,Mobile,,Home_Decor,Violet (RYB),#8601AF,134,1,175,Sad,Monsoon,85,0
5976,User5976,,Non-Binary,,Top,Tech,Sunglow,#FFCC33,255,204,51,Calm,Summer,232,0
372,User372,33.0,,Mobile,Bottom,Tech,Jelly Bean,#DA614E,218,97,78,Happy,Monsoon,92,0
9497,User9497,,,Mobile,Side,Home_Decor,Sunset orange,#FD5E53,253,94,83,Calm,Summer,132,0
1670,User1670,44.0,Non-Binary,Tablet,Top,Food,Persian red,#CC3333,204,51,51,Calm,Winter,194,0
5756,User5756,51.0,,Tablet,Top,Tech,Orange Soda,#FA5B3D,250,91,61,Neutral,Monsoon,138,1
8692,User8692,,Male,Mobile,Bottom,Sports,Pale silver,#C9C0BB,201,192,187,Calm,Monsoon,140,1
8647,User8647,,Female,Desktop,Top,Sports,Medium candy apple red,#E2062C,226,6,44,Neutral,Monsoon,44,1
7808,User7808,26.0,,Desktop,,Tech,Dark scarlet,#560319,86,3,25,Sad,Autumn,142,1
7438,User7438,53.0,Non-Binary,Mobile,Side,Tech,Candy pink,#E4717A,228,113,122,Sad,Winter,291,1
8127,User8127,,Male,Tablet,Bottom,Food,Persian red,#CC3333,204,51,51,Sad,Summer,260,1
4938,User4938,28.0,Male,Desktop,Side,Tech,Chestnut,#954535,149,69,53,Neutral,Monsoon,290,1
1741,User1741,45.0,,,Bottom,Food,Non-photo blue,#A4DDED,164,221,237,Neutral,Winter,89,1
6189,User6189,50.0,Female,Mobile,Top,Sports,Gray (HTML/CSS gray),#808080,128,128,128,Sad,Autumn,31,0
5093,User5093,,Female,Tablet,,Food,Baker-Miller pink,#FF91AF,255,145,175,Neutral,Autumn,234,0
5066,User5066,46.0,Non-Binary,Mobile,Side,Tech,Sienna,#882D17,136,45,23,Angry,Winter,295,1
7766,User7766,,,Mobile,Top,Fashion,Imperial,#602F6B,96,47,107,Angry,Summer,292,1
6113,User6113,22.0,Male,Mobile,Bottom,Tech,Pale magenta-pink,#FF99CC,255,153,204,Neutral,Winter,136,0
4108,User4108,36.0,,Tablet,Top,Fashion,Rich black (FOGRA29),#010B13,1,11,19,Neutral,Winter,95,1
284,User284,,Non-Binary,Tablet,Side,Sports,Bangladesh green,#006A4E,0,106,78,Happy,Spring,233,1
1298,User1298,,,Desktop,Side,Home_Decor,KSU Purple,#512888,79,38,131,Happy,Autumn,31,0
6714,User6714,44.0,,Desktop,Side,Sports,Cal Poly Pomona green,#1E4D2B,30,77,43,Calm,Summer,286,0
7866,User7866,51.0,,Mobile,Top,Sports,Zinnwaldite brown,#2C1608,44,22,8,Calm,Spring,284,1
3544,User3544,,Male,Tablet,,Sports,Icterine,#FCF75E,252,247,94,Calm,Winter,203,0
1706,User1706,,,Tablet,Bottom,Food,Mauve taupe,#915F6D,145,95,109,Sad,Autumn,158,1
2727,User2727,34.0,Non-Binary,Mobile,Bottom,Sports,Blue Lagoon,#ACE5EE,172,229,238,Angry,Spring,47,1
4021,User4021,38.0,,Mobile,Side,Home_Decor,Tuscan tan,#A67B5B,166,123,91,Sad,Spring,114,1
4015,User4015,44.0,Male,Tablet,,Tech,Orange (Crayola),#FF7538,255,117,56,Neutral,Summer,115,1
7039,User7039,,,,Top,Fashion,Rose gold,#B76E79,183,110,121,Happy,Winter,5,0
3801,User3801,26.0,Non-Binary,Desktop,Side,Sports,French plum,#811453,129,20,83,Neutral,Summer,144,1
8818,User8818,47.0,,Mobile,Bottom,Fashion,Violet (color wheel),#7F00FF,127,0,255,Neutral,Spring,182,0
6167,User6167,20.0,Male,Mobile,Side,Sports,Lapis lazuli,#26619C,38,97,156,Happy,Spring,64,1
7878,User7878,60.0,,Tablet,Side,Food,Sage,#BCB88A,188,184,138,Neutral,Summer,187,1
6441,User6441,,,Desktop,Top,Fashion,Dark spring green,#177245,23,114,69,Calm,Spring,286,1
6075,User6075,32.0,Non-Binary,Desktop,Side,Sports,Lemon curry,#CCA01D,204,160,29,Happy,Monsoon,225,1
5514,User5514,31.0,,Desktop,Side,Sports,Liver,#674C47,103,76,71,Neutral,Autumn,231,1
7450,User7450,,,Desktop,Side,Home_Decor,Acid green,#B0BF1A,176,191,26,Calm,Winter,148,1
1549,User1549,56.0,,Desktop,,Home_Decor,Sacramento State green,#00563F,0,86,63,Calm,Autumn,228,1
5346,User5346,30.0,Non-Binary,,Top,Home_Decor,Flavescent,#F7E98E,247,233,142,Angry,Winter,56,1
4288,User4288,62.0,Non-Binary,Tablet,Top,Food,Brick red,#CB4154,203,65,84,Calm,Spring,85,0
5082,User5082,44.0,Female,Mobile,Top,Fashion,Space cadet,#1D2951,29,41,81,Sad,Summer,153,1
4308,User4308,,Male,Mobile,Side,Food,Golden poppy,#FCC200,252,194,0,Happy,Summer,31,0
7231,User7231,38.0,Male,Mobile,Side,Tech,Lime green,#32CD32,50,205,50,Happy,Spring,236,0
3781,User3781,23.0,,Mobile,Top,Sports,Tufts Blue,#3E8EDE,62,142,222,Happy,Winter,115,0
2272,User2272,52.0,,Tablet,,Sports,Old heliotrope,#563C5C,86,60,92,Neutral,Spring,83,1
2073,User2073,,Non-Binary,Tablet,Top,Sports,Pastel purple,#B39EB5,179,158,181,Neutral,Winter,283,0
2125,User2125,,Female,Tablet,Top,Home_Decor,Bright lilac,#D891EF,216,145,239,Sad,Spring,131,1
5464,User5464,,,Mobile,Bottom,Sports,Fluorescent orange,#FFBF00,255,191,0,Calm,Spring,285,0
6251,User6251,44.0,Non-Binary,,Side,Home_Decor,Mikado yellow,#FFC40C,255,196,12,Neutral,Spring,186,1
3810,User3810,,Non-Binary,Mobile,Bottom,Tech,Green (Pantone),#00AD43,0,173,67,Calm,Summer,123,0
24,User24,,,,Side,Food,Silver pink,#C4AEAD,196,174,173,Calm,Winter,270,1
1503,User1503,19.0,Female,,Side,Food,Veronica,#A020F0,160,32,240,Neutral,Spring,182,1
9431,User9431,,Male,Mobile,Top,Food,Champagne pink,#F1DDCF,241,221,207,Neutral,Autumn,205,1
7,User7,,Female,Tablet,Bottom,Home_Decor,Phlox,#DF00FF,223,0,255,Sad,Autumn,74,1
9685,User9685,,Female,Desktop,Top,Fashion,Asparagus,#87A96B,135,169,107,Angry,Summer,162,0
7152,User7152,32.0,,Tablet,Side,Fashion,Spring Frost,#87FF2A,135,255,42,Happy,Monsoon,102,1
6251,User6251,44.0,Non-Binary,Mobile,Side,Tech,Icterine,#FCF75E,252,247,94,Neutral,Summer,209,1
9736,User9736,46.0,,Desktop,Bottom,Fashion,Fuchsia,#FF00FF,255,0,255,Neutral,Monsoon,90,1
2934,User2934,26.0,Non-Binary,Desktop,Top,Tech,Ebony,#555D50,85,93,80,Calm,Summer,284,1
7906,User7906,,,Mobile,Bottom,Sports,Sepia,#704214,112,66,20,Angry,Autumn,89,0
1935,User1935,30.0,Female,Desktop,Bottom,Food,Android green,#A4C639,164,198,57,Neutral,Spring,219,1
3165,User3165,,Male,Desktop,,Home_Decor,Ocean Green,#48BF91,72,191,145,Angry,Winter,137,0
8903,User8903,24.0,Male,Tablet,Side,Tech,Spring Frost,#87FF2A,135,255,42,Happy,Spring,251,0
9057,User9057,,,,Side,Home_Decor,Red (RYB),#FE2712,254,39,18,Calm,Autumn,145,1
7766,User7766,,,Mobile,Top,Home_Decor,Indigo dye,#091F92,9,31,146,Sad,Winter,80,1
8947,User8947,22.0,Male,Desktop,Bottom,Food,Light cornflower blue,#93CCEA,147,204,234,Happy,Monsoon,102,1
1467,User1467,,Non-Binary,Tablet,Top,Sports,Jasper,#D73B3E,215,59,62,Angry,Monsoon,59,0
9918,User9918,24.0,Non-Binary,Tablet,,Sports,Maximum Yellow Red,#F2BA49,242,186,73,Angry,Autumn,263,0
2373,User2373,31.0,,Desktop,Bottom,Fashion,Vivid crimson,#CC0033,204,0,51,Happy,Winter,26,1
6895,User6895,,,,,Sports,Carmine (M&P),#D70040,215,0,64,Angry,Spring,39,0
7099,User7099,22.0,Female,Mobile,Top,Food,Slimy Green,#299617,41,150,23,Sad,Autumn,32,1
6023,User6023,,Non-Binary,Tablet,Side,Home_Decor,Teal deer,#99E6B3,153,230,179,Sad,Monsoon,174,0
1969,User1969,46.0,Non-Binary,,Bottom,Tech,Pale magenta-pink,#FF99CC,255,153,204,Angry,Autumn,144,1
1420,User1420,62.0,Non-Binary,Desktop,,Tech,Lavender indigo,#9457EB,148,87,235,Angry,Spring,133,1
5100,User5100,,,Mobile,Side,Sports,Old silver,#848482,132,132,130,Sad,Summer,104,1
5881,User5881,,Non-Binary,,Top,Fashion,Turquoise,#40E0D0,64,224,208,Angry,Summer,251,1
428,User428,,,Mobile,Top,Tech,Bistre,#3D2B1F,61,43,31,Neutral,Spring,27,0
8400,User8400,,,Tablet,Bottom,Fashion,Khaki (HTML/CSS) (Khaki),#C3B091,195,176,145,Calm,Winter,288,1
2681,User2681,59.0,,Desktop,,Tech,English vermillion,#CC474B,204,71,75,Neutral,Autumn,117,0
5860,User5860,,,Desktop,Bottom,Fashion,Indian yellow,#E3A857,227,168,87,Angry,Spring,201,1
2633,User2633,,,Desktop,Top,Fashion,Café au lait,#A67B5B,166,123,91,Angry,Summer,168,0
518,User518,29.0,,,Bottom,Home_Decor,Majorelle Blue,#6050DC,96,80,220,Calm,Monsoon,60,1
6467,User6467,30.0,Non-Binary,Desktop,Side,Food,Kobi,#E79FC4,231,159,196,Angry,Spring,14,1
3601,User3601,,Non-Binary,Mobile,Bottom,Tech,Han purple,#5218FA,82,24,250,Calm,Spring,137,1
9905,User9905,,,Tablet,Top,Sports,Antique ruby,#841B2D,132,27,45,Sad,Spring,156,1
8994,User8994,34.0,Female,Mobile,Bottom,Food,Dark coral,#CD5B45,205,91,69,Calm,Summer,195,1
1741,User1741,45.0,,Mobile,,Home_Decor,Lavender (floral),#B57EDC,181,126,220,Calm,Summer,288,1
6771,User6771,,,Desktop,Side,Home_Decor,Selective yellow,#FFBA00,255,186,0,Neutral,Spring,281,1
8386,User8386,44.0,Non-Binary,Mobile,Bottom,Home_Decor,Light brown,#B5651D,181,101,29,Angry,Spring,247,0
6074,User6074,35.0,Male,Mobile,Bottom,Sports,Ruddy,#FF0028,255,0,40,Sad,Winter,280,1
1126,User1126,31.0,,Tablet,Side,Tech,Cyan-blue azure,#4682BF,70,130,191,Happy,Monsoon,194,1
4697,User4697,,,Mobile,,Tech,Unmellow yellow,#FFFF66,255,255,102,Calm,Autumn,119,1
1253,User1253,,Female,Desktop,Bottom,Fashion,Harlequin green,#46CB18,70,203,24,Happy,Autumn,238,1
2460,User2460,,Non-Binary,Tablet,Side,Fashion,Stil de grain yellow,#FADA5E,250,218,94,Angry,Autumn,85,0
1549,User1549,56.0,,Desktop,Top,Fashion,Sacramento State green,#00563F,0,86,63,Calm,Summer,197,1
3110,User3110,63.0,,Desktop,Side,Sports,Kobi,#E79FC4,231,159,196,Happy,Summer,262,0
2359,User2359,,Non-Binary,Desktop,Side,Food,Spanish red,#E60026,230,0,38,Neutral,Winter,235,0
3352,User3352,,Female,Desktop,,Tech,Chocolate (web),#D2691E,210,105,30,Happy,Summer,18,1
2640,User2640,,,Tablet,Side,Fashion,Magenta (Crayola),#FF55A3,255,85,163,Neutral,Spring,18,0
6315,User6315,,,Desktop,Top,Sports,Pink raspberry,#980036,152,0,54,Sad,Monsoon,48,1
3299,User3299,44.0,Non-Binary,Tablet,,Sports,Bright cerulean,#1DACD6,29,172,214,Angry,Monsoon,214,1
407,User407,,Male,Desktop,,Fashion,Radical Red,#FF355E,255,53,94,Happy,Monsoon,44,0
5514,User5514,,,,Side,Home_Decor,Violet-blue,#324AB2,50,74,178,Calm,Monsoon,38,1
6337,User6337,,,Mobile,,Home_Decor,Spring Frost,#87FF2A,135,255,42,Angry,Autumn,239,1
420,User420,56.0,,Mobile,Top,Home_Decor,Beige,#F5F5DC,245,245,220,Happy,Autumn,238,0
4073,User4073,,Male,Desktop,Top,Fashion,Vanilla,#F3E5AB,243,229,171,Calm,Spring,278,1
4950,User4950,,Male,Mobile,Side,Sports,Azureish white,#DBE9F4,219,233,244,Calm,Winter,294,1
6487,User6487,19.0,Male,Tablet,Side,Sports,Medium ruby,#AA4069,170,64,105,Calm,Summer,233,1
7973,User7973,28.0,Female,Mobile,Bottom,Tech,International orange (aerospace),#FF4F00,255,79,0,Calm,Summer,132,1
2021,User2021,41.0,Male,,Bottom,Home_Decor,Antique ruby,#841B2D,132,27,45,Happy,Autumn,213,1
212,User212,,Female,Desktop,Bottom,Fashion,Jungle green,#29AB87,41,171,135,Sad,Monsoon,84,0
6907,User6907,,,Desktop,Side,Tech,Macaroni and Cheese,#FFBD88,255,189,136,Neutral,Spring,299,0
5818,User5818,,,Tablet,Top,Sports,Dark candy apple red,#A40000,164,0,0,Neutral,Winter,180,1
9136,User9136,,,Desktop,Side,Tech,Carmine red,#FF0038,255,0,56,Neutral,Autumn,237,1
1914,User1914,42.0,,,Bottom,Home_Decor,Green (HTML/CSS color),#008000,0,128,0,Sad,Spring,269,1
1420,User1420,62.0,Non-Binary,Desktop,Bottom,Food,Bright maroon,#C32148,195,33,72,Calm,Spring,289,1
735,User735,,,Desktop,Side,Home_Decor,Light salmon,#FFA07A,255,160,122,Calm,Autumn,122,0
8692,User8692,,Male,Mobile,,Home_Decor,Bluebonnet,#1C1CF0,28,28,240,Angry,Spring,170,1
9708,User9708,38.0,Male,Tablet,Side,Fashion,Very light azure,#74BBFB,116,187,251,Neutral,Monsoon,146,0
5501,User5501,28.0,Non-Binary,Mobile,Bottom,Food,Alizarin crimson,#E32636,227,38,54,Neutral,Spring,251,1
9268,User9268,,Female,Tablet,Top,Food,Yellow Sunshine,#FFF700,255,247,0,Calm,Winter,181,0
394,User394,,Male,Mobile,Side,Food,Vivid auburn,#922724,146,39,36,Neutral,Spring,268,0
2101,User2101,34.0,,Mobile,Side,Sports,French beige,#A67B5B,166,123,91,Calm,Summer,172,0
2804,User2804,,Female,Tablet,Bottom,Tech,French fuchsia,#FD3F92,253,63,146,Calm,Spring,29,1
5091,User5091,,,Desktop,Bottom,Sports,Rhythm,#777696,119,118,150,Calm,Autumn,195,0
9765,User9765,,,Mobile,Top,Food,Rich lavender,#A76BCF,167,107,207,Happy,Summer,19,0
5878,User5878,,,Tablet,Bottom,Fashion,Medium lavender magenta,#DDA0DD,221,160,221,Happy,Autumn,20,1
7507,User7507,,,Tablet,Top,Home_Decor,Beige,#F5F5DC,245,245,220,Happy,Winter,131,1
6553,User6553,,,Desktop,Bottom,Home_Decor,Illuminating Emerald,#319177,49,145,119,Happy,Monsoon,271,1
5419,User5419,,Male,Tablet,Top,Sports,Blue (pigment),#333399,51,51,153,Sad,Winter,32,1
8965,User8965,25.0,Female,,Bottom,Sports,Canary,#FFFF99,255,255,153,Angry,Summer,267,1
2096,User2096,48.0,Non-Binary,Desktop,Top,Fashion,Field drab,#6C541E,108,84,30,Angry,Monsoon,298,1
9789,User9789,36.0,,Tablet,,Home_Decor,Tan,#D2B48C,210,180,140,Calm,Spring,156,1
8970,User8970,,,Mobile,Side,Sports,UA blue,#0033AA,0,51,170,Neutral,Summer,72,0
6487,User6487,19.0,Male,Tablet,Side,Tech,Arsenic,#3B444B,59,68,75,Happy,Monsoon,41,1
3297,User3297,18.0,Female,Tablet,Bottom,Sports,Firebrick,#B22222,178,34,34,Angry,Autumn,39,1
6419,User6419,18.0,Male,,,Sports,Deep champagne,#FAD6A5,250,214,165,Angry,Monsoon,138,0
9789,User9789,36.0,,Tablet,Side,Food,Deep spring bud,#556B2F,85,107,47,Happy,Autumn,165,1
3826,User3826,,Female,Mobile,Bottom,Tech,Tangerine yellow,#FFCC00,255,204,0,Sad,Autumn,228,0
1539,User1539,,,Mobile,Bottom,Tech,Lemon glacier,#FDFF00,253,255,0,Sad,Monsoon,114,1
6906,User6906,,,,Top,Fashion,Liseran Purple,#DE6FA1,222,111,161,Angry,Winter,106,1
9807,User9807,35.0,Non-Binary,Tablet,Bottom,Food,Medium Tuscan red,#79443B,121,68,59,Sad,Winter,186,1
6679,User6679,,Male,Tablet,,Tech,Cinnabar,#E34234,227,66,52,Happy,Autumn,151,1
4957,User4957,58.0,,Desktop,Bottom,Food,Otter brown,#654321,101,67,33,Angry,Summer,220,1
554,User554,,Male,Mobile,Side,Food,Teal deer,#99E6B3,153,230,179,Happy,Monsoon,143,0
6251,User6251,44.0,Non-Binary,,Side,Home_Decor,Periwinkle,#CCCCFF,204,204,255,Sad,Summer,192,1
670,User670,22.0,,Desktop,Top,Tech,Registration black,#000000,0,0,0,Happy,Winter,92,1
128,User128,55.0,,Tablet,Top,Home_Decor,Pale brown,#987654,152,118,84,Sad,Summer,251,0
998,User998,,,Tablet,Top,Sports,Zinnwaldite brown,#2C1608,44,22,8,Sad,Spring,190,1
1171,User1171,,Female,Mobile,Bottom,Sports,Bondi blue,#0095B6,0,149,182,Happy,Spring,92,1
2023,User2023,19.0,Non-Binary,Desktop,Top,Home_Decor,Orange peel,#FF9F00,255,159,0,Sad,Winter,156,1
5982,User5982,43.0,Female,Tablet,Top,Sports,Deep Tuscan red,#66424D,102,66,77,Calm,Summer,271,0
8753,User8753,,Non-Binary,Tablet,Top,Home_Decor,Spicy mix,#8B5f4D,139,95,77,Happy,Monsoon,204,1
925,User925,55.0,Non-Binary,Mobile,,Fashion,Cadmium yellow,#FFF600,255,246,0,Calm,Winter,250,0
4254,User4254,19.0,,,,Food,Quinacridone magenta,#8E3A59,142,58,89,Happy,Spring,220,1
7878,User7878,60.0,,Tablet,Side,Fashion,Liver (organ),#6C2E1F,108,46,31,Sad,Winter,78,1
4621,User4621,,,,,Tech,Maximum Blue,#47ABCC,71,171,204,Sad,Summer,164,1
9550,User9550,58.0,Non-Binary,Desktop,Top,Fashion,Polished Pine,#5DA493,93,164,147,Angry,Summer,259,1
7266,User7266,,,Tablet,Bottom,Fashion,Buff,#F0DC82,240,220,130,Angry,Summer,21,1
3122,User3122,48.0,,Mobile,Bottom,Sports,KSU Purple,#512888,79,38,131,Calm,Autumn,142,0
9311,User9311,,Non-Binary,Desktop,Side,Home_Decor,Pink lace,#FFDDF4,255,221,244,Sad,Summer,10,1
8515,User8515,,Non-Binary,Mobile,Bottom,Tech,Cyber grape,#58427C,88,66,124,Angry,Spring,223,1
4642,User4642,46.0,Non-Binary,Mobile,Top,Sports,Green (Color Wheel) (X11 green),#00FF00,0,255,0,Sad,Spring,5,0
5576,User5576,,,,Top,Tech,Blue (pigment),#333399,51,51,153,Happy,Autumn,68,0
6462,User6462,36.0,,Tablet,,Food,Irresistible,#B3446C,179,68,108,Angry,Spring,213,1
2125,User2125,,Female,Tablet,Top,Home_Decor,Spanish bistre,#807532,128,117,50,Calm,Spring,5,1
6906,User6906,,Non-Binary,Mobile,Top,Sports,Begonia,#FA6E79,250,110,121,Angry,Winter,193,1
2687,User2687,21.0,Male,,Bottom,Fashion,Safety yellow,#EED202,238,210,2,Sad,Summer,251,0
3740,User3740,,Non-Binary,Tablet,Side,Food,Burnt orange,#CC5500,204,85,0,Neutral,Winter,261,1
250,User250,,Non-Binary,Mobile,Bottom,Fashion,Metallic Sunburst,#9C7C38,156,124,56,Neutral,Winter,178,1
6283,User6283,40.0,Female,,Side,Tech,Bright pink,#FF007F,255,0,127,Sad,Spring,113,0
7438,User7438,,Non-Binary,,Side,Food,Royal purple,#7851A9,120,81,169,Happy,Monsoon,64,1
6181,User6181,54.0,Male,Tablet,Top,Sports,Islamic green,#009000,0,144,0,Angry,Summer,47,0
4714,User4714,61.0,,Mobile,,Fashion,Blue Jeans,#5DADEC,93,173,236,Neutral,Monsoon,42,0
2485,User2485,,Non-Binary,Mobile,,Fashion,Crimson glory,#BE0032,190,0,50,Happy,Spring,262,1
5276,User5276,,,Tablet,Side,Tech,Violet,#8F00FF,143,0,255,Sad,Autumn,86,1
5346,User5346,30.0,Non-Binary,,Top,Tech,Sonic silver,#757575,117,117,117,Happy,Winter,225,1
8530,User8530,52.0,Female,Mobile,Top,Home_Decor,Burlywood,#DEB887,222,184,135,Sad,Spring,115,1
9666,User9666,63.0,Non-Binary,Desktop,Side,Home_Decor,Rich black (FOGRA29),#010B13,1,11,19,Angry,Spring,269,0
7356,User7356,41.0,Male,Tablet,Side,Tech,Roast coffee,#704241,112,66,65,Happy,Monsoon,140,0
2485,User2485,57.0,,Mobile,Bottom,Home_Decor,Copper red,#CB6D51,203,109,81,Angry,Autumn,27,1
8961,User8961,,Non-Binary,Mobile,Bottom,Fashion,Hot magenta,#FF1DCE,255,29,206,Happy,Winter,63,0
6401,User6401,45.0,Female,Mobile,Side,Tech,Pale violet-red,#DB7093,219,112,147,Sad,Autumn,270,1
2964,User2964,,Non-Binary,Mobile,Side,Food,Imperial,#602F6B,96,47,107,Sad,Autumn,144,1
1729,User1729,26.0,Female,Mobile,Top,Tech,Medium vermilion,#D9603B,217,96,59,Happy,Autumn,120,1
4890,User4890,43.0,Male,Tablet,Bottom,Sports,Turquoise,#40E0D0,64,224,208,Sad,Summer,208,1
1945,User1945,20.0,,Tablet,,Sports,Burgundy,#800020,128,0,32,Calm,Autumn,162,1
8684,User8684,,Non-Binary,Tablet,Top,Tech,Blast-off bronze,#A57164,165,113,100,Calm,Spring,200,1
1275,User1275,,Non-Binary,,Bottom,Food,Debian red,#D70A53,215,10,83,Angry,Summer,216,0
7099,User7099,22.0,Female,Mobile,Top,Tech,Teal green,#00827F,0,130,127,Calm,Summer,45,1
9504,User9504,,,,Top,Food,French mauve,#D473D4,212,115,212,Calm,Autumn,11,1
7498,User7498,,Male,Mobile,Side,Fashion,Olivine,#9AB973,154,185,115,Neutral,Spring,109,1
2722,User2722,,,Desktop,Top,Fashion,New York pink,#D7837F,215,131,127,Neutral,Winter,49,1
8147,User8147,32.0,Female,,Top,Food,Cyan (process),#00B7EB,0,183,235,Neutral,Autumn,42,1
5735,User5735,46.0,Female,Desktop,,Home_Decor,La Salle Green,#087830,8,120,48,Neutral,Summer,168,0
4711,User4711,,Non-Binary,,Top,Fashion,Canary yellow,#FFEF00,255,239,0,Sad,Winter,85,0
1197,User1197,62.0,Male,Mobile,Top,Sports,Pakistan green,#006600,0,102,0,Angry,Winter,62,1
5618,User5618,,,Desktop,Side,Tech,Light slate gray,#778899,119,136,153,Angry,Summer,127,0
1296,User1296,,,Tablet,Top,Home_Decor,Sheen Green,#8FD400,143,212,0,Calm,Winter,199,1
8799,User8799,,,Mobile,,Sports,Jasper,#D73B3E,215,59,62,Angry,Spring,197,0
4722,User4722,,Female,Mobile,Bottom,Tech,Maastricht Blue,#001C3D,0,28,61,Calm,Spring,108,0
1148,User1148,25.0,,,,Sports,Pastel gray,#CFCFC4,207,207,196,Angry,Autumn,116,1
7266,User7266,,,Tablet,Bottom,Home_Decor,Shadow blue,#778BA5,119,139,165,Happy,Autumn,136,1
5085,User5085,,,Tablet,Top,Food,Dark liver (horses),#543D37,84,61,55,Happy,Winter,100,1
6433,User6433,45.0,Female,Mobile,Bottom,Tech,Pastel gray,#CFCFC4,207,207,196,Angry,Summer,87,0
6217,User6217,48.0,Non-Binary,Tablet,Side,Sports,Pink Flamingo,#FC74FD,252,116,253,Sad,Spring,174,0
3335,User3335,24.0,Male,,Top,Sports,Emerald,#50C878,80,200,120,Calm,Monsoon,53,1
1369,User1369,,,Desktop,Bottom,Home_Decor,Utah Crimson,#D3003F,211,0,63,Angry,Autumn,139,1
8279,User8279,,,Desktop,Top,Home_Decor,Orchid,#DA70D6,218,112,214,Calm,Spring,269,0
188,User188,56.0,Female,Tablet,Bottom,Home_Decor,Teal blue,#367588,54,117,136,Neutral,Winter,203,1
5084,User5084,,Non-Binary,Tablet,Side,Food,Ivory,#FFFFF0,255,255,240,Angry,Spring,287,1
8018,User8018,,,Desktop,,Fashion,Yellow (process),#FFEF00,255,239,0,Sad,Spring,39,1
2960,User2960,,,Tablet,Top,Sports,Tangelo,#F94D00,249,77,0,Neutral,Winter,208,0
8449,User8449,31.0,,Mobile,Side,Food,Fuchsia purple,#CC397B,204,57,123,Angry,Autumn,245,0
3295,User3295,,Male,Tablet,Top,Sports,Brown (web),#A52A2A,165,42,42,Happy,Autumn,47,0
8459,User8459,,Non-Binary,,Bottom,Food,Forest green (traditional),#014421,1,68,33,Angry,Monsoon,268,1
3109,User3109,,,Tablet,Side,Tech,Very light blue,#6666FF,102,102,255,Happy,Monsoon,82,1
1420,User1420,62.0,Non-Binary,,Bottom,Fashion,Turquoise Surf,#00C5CD,0,197,205,Happy,Autumn,40,1
6771,User6771,,,,Side,Sports,Goldenrod,#DAA520,218,165,32,Angry,Autumn,178,1
2337,User2337,40.0,Male,Desktop,Top,Home_Decor,Pansy purple,#78184A,120,24,74,Angry,Autumn,139,1
8817,User8817,53.0,Male,Tablet,,Fashion,Terra cotta,#E2725B,226,114,91,Happy,Autumn,144,1
8253,User8253,57.0,,,Bottom,Sports,Brunswick green,#1B4D3E,27,77,62,Calm,Spring,59,1
3144,User3144,24.0,,Desktop,,Tech,Smitten,#C84186,200,65,134,Neutral,Monsoon,256,1
8101,User8101,59.0,,Desktop,Bottom,Sports,Vivid vermilion,#E56024,229,96,36,Sad,Winter,283,1
9850,User9850,45.0,,,Top,Sports,Onyx,#353839,53,56,57,Angry,Summer,184,0
2129,User2129,47.0,,Tablet,Bottom,Sports,Maastricht Blue,#001C3D,0,28,61,Neutral,Winter,17,1
5766,User5766,,Male,Desktop,Side,Fashion,Black Shadows,#BFAFB2,191,175,178,Neutral,Summer,208,1
5110,User5110,44.0,Female,,Top,Sports,Celadon green,#2F847C,47,132,124,Calm,Spring,67,1
5955,User5955,59.0,,Tablet,,Home_Decor,Tuscan red,#7C4848,124,72,72,Neutral,Monsoon,78,1
1131,User1131,46.0,,,,Food,Imperial,#602F6B,96,47,107,Angry,Summer,159,0
749,User749,,,Mobile,Top,Home_Decor,Tango pink,#E4717A,228,113,122,Neutral,Autumn,11,1
8937,User8937,,Male,Tablet,Side,Tech,Dark liver,#534B4F,83,75,79,Angry,Spring,157,1
3378,User3378,53.0,Non-Binary,Desktop,Top,Fashion,Medium spring bud,#C9DC87,201,220,135,Angry,Summer,48,0
9267,User9267,,,,Top,Food,Raw Sienna,#D68A59,214,138,89,Happy,Autumn,40,1
1253,User1253,36.0,Female,,Bottom,Fashion,Battery Charged Blue,#1DACD6,29,172,214,Calm,Spring,101,1
5881,User5881,26.0,Non-Binary,,Top,Fashion,Fresh Air,#A6E7FF,166,231,255,Sad,Summer,169,1
8190,User8190,26.0,,Mobile,Side,Sports,Electric crimson,#FF003F,255,0,63,Happy,Autumn,238,1
973,User973,37.0,,Mobile,,Home_Decor,Light coral,#F08080,240,128,128,Sad,Monsoon,107,1
7099,User7099,22.0,Female,Mobile,Top,Food,Timberwolf,#DBD7D2,219,215,210,Angry,Spring,11,1
202,User202,49.0,Female,,Side,Sports,Medium violet-red,#C71585,199,21,133,Happy,Summer,98,0
9420,User9420,,Non-Binary,Tablet,Side,Food,Iris,#5A4FCF,90,79,207,Neutral,Autumn,125,1
6576,User6576,62.0,Female,Desktop,Bottom,Home_Decor,Navy,#000080,0,0,128,Neutral,Monsoon,41,1
6989,User6989,28.0,Male,,,Sports,Persian orange,#D99058,217,144,88,Sad,Autumn,25,1
6737,User6737,60.0,Female,Mobile,Bottom,Food,Lemon lime,#E3FF00,227,255,0,Angry,Monsoon,102,0
9723,User9723,,Female,Mobile,Side,Sports,Midnight,#702670,112,38,112,Sad,Summer,25,1
3718,User3718,,,Tablet,Bottom,Fashion,Dark brown-tangelo,#88654E,136,101,78,Calm,Autumn,236,0
6708,User6708,,,Desktop,Top,Tech,Liver (organ),#6C2E1F,108,46,31,Neutral,Autumn,76,1
3499,User3499,45.0,,Tablet,Side,Food,Plump Purple,#5946B2,89,70,178,Happy,Winter,56,0
9146,User9146,,,,Top,Home_Decor,Rifle green,#444C38,68,76,56,Happy,Spring,226,1
3164,User3164,,,Desktop,Bottom,Food,Middle Yellow,#FFEB00,255,235,0,Happy,Autumn,289,1
6811,User6811,24.0,,Mobile,Bottom,Tech,Black Coral,#54626F,84,98,111,Neutral,Monsoon,171,1
1600,User1600,24.0,,,Side,Food,Sonic silver,#757575,117,117,117,Angry,Spring,287,0
2663,User2663,,,Mobile,,Food,Violet,#8F00FF,143,0,255,Neutral,Summer,209,0
5334,User5334,,Non-Binary,Desktop,Top,Food,Nyanza,#E9FFDB,233,255,219,Neutral,Spring,142,0
9326,User9326,,Male,Desktop,,Home_Decor,Winter Wizard,#A0E6FF,160,230,255,Happy,Winter,40,0
8214,User8214,25.0,Female,Tablet,Top,Tech,Dark medium gray,#A9A9A9,169,169,169,Neutral,Summer,99,0
8087,User8087,,,,,Tech,Bright maroon,#C32148,195,33,72,Happy,Autumn,20,0
7376,User7376,21.0,Female,Mobile,,Home_Decor,Lavender blue,#CCCCFF,204,204,255,Angry,Summer,241,1
4707,User4707,21.0,,Desktop,Top,Food,Isabelline,#F4F0EC,244,240,236,Calm,Summer,168,1
606,User606,,Non-Binary,Desktop,Bottom,Food,Persimmon,#EC5800,236,88,0,Happy,Winter,94,1
6487,User6487,19.0,Male,Tablet,Side,Tech,Upsdell red,#AE2029,174,32,41,Sad,Monsoon,112,1
8079,User8079,62.0,Non-Binary,Tablet,Side,Food,Yellow-green,#9ACD32,154,205,50,Calm,Summer,88,0
6161,User6161,61.0,Female,Tablet,Bottom,Fashion,Bisque,#FFE4C4,255,228,196,Angry,Monsoon,259,1
5418,User5418,34.0,Male,Mobile,Top,Food,Neon fuchsia,#FE4164,254,65,100,Calm,Spring,169,1
9855,User9855,,Male,Desktop,,Food,Magenta haze,#9F4576,159,69,118,Happy,Winter,204,1
4697,User4697,,,,,Sports,Coconut,#965A3E,150,90,62,Angry,Autumn,161,1
3138,User3138,50.0,Male,,Side,Tech,Terra cotta,#E2725B,226,114,91,Sad,Summer,35,0
6100,User6100,,,Desktop,Bottom,Tech,Vanilla ice,#F38FA9,243,143,169,Happy,Monsoon,70,1
3130,User3130,18.0,,Mobile,Top,Fashion,Dandelion,#F0E130,240,225,48,Happy,Summer,93,0
148,User148,,Female,Desktop,Bottom,Fashion,Salmon,#FA8072,250,128,114,Angry,Winter,263,0
6775,User6775,,,Desktop,Bottom,Fashion,Heliotrope,#DF73FF,223,115,255,Angry,Autumn,257,0
5566,User5566,,,Mobile,Bottom,Tech,Capri,#00BFFF,0,191,255,Calm,Spring,238,1
7861,User7861,,,Mobile,Top,Sports,Brandeis blue,#0070FF,0,112,255,Sad,Spring,111,0
8648,User8648,46.0,,Tablet,Side,Sports,Wild orchid,#D470A2,212,112,162,Calm,Monsoon,73,0
2581,User2581,,Female,Mobile,,Home_Decor,Shiny Shamrock,#5FA778,95,167,120,Calm,Spring,282,1
6620,User6620,52.0,Female,Tablet,Top,Tech,Smitten,#C84186,200,65,134,Happy,Monsoon,205,1
8101,User8101,59.0,,Desktop,Bottom,Home_Decor,GO green,#00AB66,0,171,102,Angry,Autumn,57,1
3393,User3393,,Male,Tablet,Top,Food,Salmon pink,#FF91A4,255,145,164,Happy,Summer,245,1
524,User524,45.0,Non-Binary,,Side,Fashion,Bittersweet shimmer,#BF4F51,191,79,81,Sad,Winter,179,0
7313,User7313,,,Mobile,Side,Home_Decor,Turquoise blue,#00FFEF,0,255,239,Calm,Autumn,46,1
6365,User6365,,,Tablet,Bottom,Home_Decor,Japanese violet,#5B3256,91,50,86,Sad,Autumn,264,1
3258,User3258,,,Desktop,Top,Tech,Light cobalt blue,#88ACE0,136,172,224,Angry,Spring,214,0
5818,User5818,,,,,Fashion,Deep moss green,#355E3B,53,94,59,Angry,Spring,46,1
1305,User1305,,,,Top,Fashion,Orange (RYB),#FB9902,251,153,2,Neutral,Winter,174,1
7375,User7375,57.0,Female,Desktop,,Sports,Light yellow,#FFFFE0,255,255,224,Sad,Summer,263,0
5425,User5425,,Non-Binary,Mobile,Side,Home_Decor,Forest green (web),#228B22,34,139,34,Happy,Autumn,208,1
5890,User5890,56.0,Female,Mobile,Bottom,Sports,Slimy Green,#299617,41,150,23,Sad,Spring,167,1
6193,User6193,29.0,Female,,Bottom,Home_Decor,Heidelberg Red[2],#960018,150,0,24,Calm,Autumn,109,1
301,User301,59.0,Male,Tablet,Side,Tech,Brown (traditional),#964B00,150,75,0,Angry,Summer,182,1
2594,User2594,29.0,Male,Mobile,Side,Tech,Castleton green,#00563F,0,86,63,Angry,Monsoon,195,0
5832,User5832,28.0,Non-Binary,Desktop,,Food,Dim gray,#696969,105,105,105,Sad,Summer,128,1
1549,User1549,56.0,,,Top,Home_Decor,Kiwi,#8EE53F,142,229,63,Sad,Autumn,202,1
9231,User9231,21.0,,Desktop,Top,Home_Decor,Icterine,#FCF75E,252,247,94,Sad,Autumn,103,1
4266,User4266,28.0,,,Side,Fashion,Rusty red,#DA2C43,218,44,67,Calm,Winter,10,1
7931,User7931,35.0,,Desktop,Side,Fashion,Yellow Sunshine,#FFF700,255,247,0,Calm,Autumn,292,0
2029,User2029,27.0,,Mobile,Top,Sports,Bleu de France,#318CE7,49,140,231,Happy,Spring,271,0
1777,User1777,,Non-Binary,Mobile,Side,Food,Honolulu blue,#006DB0,0,109,176,Sad,Winter,47,0
5620,User5620,53.0,Female,,Side,Tech,Turquoise,#40E0D0,64,224,208,Happy,Autumn,299,0
5419,User5419,,,Tablet,,Home_Decor,Electric ultramarine,#3F00FF,63,0,255,Neutral,Summer,145,1
6980,User6980,62.0,,,Bottom,Sports,Pale copper,#DA8A67,218,138,103,Calm,Autumn,273,1
8753,User8753,,,Tablet,Top,Food,True Blue,#0073CF,0,115,207,Angry,Summer,43,1
2297,User2297,57.0,Male,Tablet,Side,Fashion,Periwinkle,#CCCCFF,204,204,255,Neutral,Summer,166,1
3014,User3014,,,,,Food,Yellow (RYB),#FEFE33,254,254,51,Angry,Autumn,199,1
7490,User7490,52.0,,Tablet,,Sports,Fawn,#E5AA70,229,170,112,Neutral,Summer,108,0
3971,User3971,25.0,Non-Binary,Tablet,,Tech,Generic viridian,#007F66,0,127,102,Happy,Monsoon,249,0
7355,User7355,38.0,Male,Tablet,Bottom,Fashion,Persian indigo,#32127A,50,18,122,Happy,Winter,69,0
2023,User2023,19.0,Non-Binary,Desktop,Top,Fashion,Indigo,#4B0082,75,0,130,Calm,Autumn,205,1
6913,User6913,57.0,,,,Tech,Light hot pink,#FFB3DE,255,179,222,Angry,Monsoon,246,0
56,User56,23.0,Non-Binary,Desktop,Top,Fashion,Safety yellow,#EED202,238,210,2,Neutral,Summer,11,0
1805,User1805,,Male,Mobile,Top,Sports,Napier green,#2A8000,42,128,0,Sad,Summer,223,1
5637,User5637,,,Tablet,,Fashion,Deep sky blue,#00BFFF,0,191,255,Sad,Winter,7,0
2125,User2125,,Female,,Top,Home_Decor,Booger Buster,#DDE26A,221,226,106,Calm,Monsoon,288,1
3933,User3933,59.0,Non-Binary,Tablet,Bottom,Food,Warm black,#004242,0,66,66,Angry,Monsoon,26,0
9290,User9290,61.0,,Desktop,Bottom,Sports,Indian yellow,#E3A857,227,168,87,Sad,Autumn,98,1
2156,User2156,46.0,Female,,Side,Tech,UCLA Blue,#536895,83,104,149,Calm,Summer,75,1
9955,User9955,34.0,,Tablet,Side,Sports,Heat Wave,#FF7A00,255,122,0,Calm,Spring,226,0
6274,User6274,,,,Top,Home_Decor,Light moss green,#ADDFAD,173,223,173,Angry,Autumn,17,0
5912,User5912,41.0,,,Side,Fashion,Raw Sienna,#D68A59,214,138,89,Sad,Autumn,9,1
8101,User8101,59.0,,Desktop,Bottom,Fashion,Rajah,#FBAB60,251,171,96,Sad,Autumn,26,1
7313,User7313,,Non-Binary,Mobile,Side,Sports,Peach-yellow,#FADFAD,250,223,173,Sad,Winter,299,1
5418,User5418,34.0,Male,Mobile,Top,Fashion,Navajo white,#FFDEAD,255,222,173,Happy,Winter,41,1
4198,User4198,21.0,Male,Desktop,Bottom,Fashion,Pastel orange,#FFB347,255,179,71,Sad,Autumn,35,0
5824,User5824,59.0,,,,Home_Decor,Hansa yellow,#E9D66B,233,214,107,Neutral,Spring,66,0
8937,User8937,57.0,Male,Tablet,Side,Tech,Pullman Green,#3B331C,59,51,28,Happy,Monsoon,225,1
2289,User2289,,Female,Desktop,Bottom,Food,Pastel blue,#AEC6CF,174,198,207,Happy,Monsoon,85,1
8097,User8097,30.0,Non-Binary,Tablet,Side,Sports,Blue-green,#0D98BA,13,152,186,Happy,Summer,237,1
3560,User3560,33.0,Female,Tablet,,Tech,Spanish crimson,#E51A4C,229,26,76,Happy,Monsoon,10,0
5877,User5877,22.0,Female,Tablet,Side,Food,Charm pink,#E68FAC,230,143,172,Calm,Monsoon,109,0
1383,User1383,27.0,Female,Desktop,Top,Tech,Tango pink,#E4717A,228,113,122,Neutral,Spring,166,0
2542,User2542,58.0,Non-Binary,Mobile,Side,Sports,Telemagenta,#CF3476,207,52,118,Angry,Monsoon,56,1
4022,User4022,,Non-Binary,Mobile,Top,Home_Decor,Pale plum,#DDA0DD,221,160,221,Sad,Spring,162,0
389,User389,31.0,Non-Binary,Tablet,Top,Home_Decor,Celadon,#ACE1AF,172,225,175,Happy,Winter,17,1
1650,User1650,,,,,Home_Decor,Amaranth purple,#AB274F,171,39,79,Angry,Spring,190,1
4185,User4185,,Non-Binary,Tablet,Side,Tech,Light sky blue,#87CEFA,135,206,250,Calm,Winter,226,0
2722,User2722,,,Desktop,,Sports,Safety orange,#FF7800,255,120,0,Angry,Spring,245,1
8531,User8531,54.0,Female,Tablet,Bottom,Fashion,Space cadet,#1D2951,29,41,81,Happy,Autumn,152,0
5227,User5227,,,Mobile,Top,Fashion,Dark taupe,#483C32,72,60,50,Neutral,Winter,59,1
6627,User6627,,Non-Binary,Desktop,Bottom,Home_Decor,Pastel blue,#AEC6CF,174,198,207,Angry,Winter,63,1
7169,User7169,,,Mobile,,Tech,Myrtle green,#317873,49,120,115,Happy,Monsoon,202,0
4230,User4230,35.0,,Tablet,Top,Fashion,Ecru,#C2B280,194,178,128,Happy,Winter,102,1
2804,User2804,,Female,Tablet,Bottom,Tech,Light pink,#FFB6C1,255,182,193,Sad,Spring,160,1
277,User277,59.0,,Desktop,Top,Sports,Dark olive green,#556B2F,85,107,47,Sad,Autumn,254,1
5566,User5566,,,Mobile,Bottom,Home_Decor,Yellow (RYB),#FEFE33,254,254,51,Neutral,Autumn,184,1
8323,User8323,63.0,,Desktop,Bottom,Food,Persian pink,#F77FBE,247,127,190,Sad,Monsoon,78,0
2017,User2017,,Male,Tablet,Bottom,Home_Decor,Lime green,#32CD32,50,205,50,Neutral,Spring,65,1
4707,User4707,21.0,Non-Binary,Desktop,Top,Food,Pale cornflower blue,#ABCDEF,171,205,239,Calm,Spring,49,1
4509,User4509,29.0,,Desktop,Bottom,Fashion,Ruddy brown,#BB6528,187,101,40,Calm,Summer,139,1
9967,User9967,,,Mobile,Side,Food,Harvest gold,#DA9100,218,145,0,Sad,Winter,214,1
9764,User9764,40.0,Female,,Top,Tech,Light pastel purple,#B19CD9,177,156,217,Calm,Monsoon,90,0
158,User158,61.0,Non-Binary,Desktop,Bottom,Food,Middle Red Purple,#210837,33,8,55,Angry,Autumn,274,0
9892,User9892,51.0,,Tablet,,Fashion,Gamboge,#E49B0F,228,155,15,Angry,Summer,296,1
8895,User8895,,Female,Tablet,Top,Fashion,Charcoal,#36454F,54,69,79,Angry,Spring,268,0
108,User108,,Non-Binary,Tablet,Bottom,Home_Decor,Sunray,#E3AB57,227,171,87,Calm,Winter,272,0
7297,User7297,18.0,,,,Fashion,Rust,#B7410E,183,65,14,Angry,Autumn,229,0
4330,User4330,,,Tablet,Side,Tech,Old moss green,#867E36,134,126,54,Neutral,Summer,220,0
6100,User6100,,,,Bottom,Food,Glaucous,#6082B6,96,130,182,Happy,Spring,235,1
7345,User7345,56.0,Male,Tablet,Top,Sports,Pastel red,#FF6961,255,105,97,Sad,Autumn,194,0
9231,User9231,21.0,,Desktop,Top,Fashion,Frostbite,#E936A7,233,54,167,Neutral,Autumn,146,1
373,User373,34.0,,Mobile,Top,Food,Coral Reef,#FD7C6E,253,124,110,Angry,Spring,181,1
2373,User2373,31.0,,Desktop,Bottom,Home_Decor,Milk,#FDFFF5,253,255,245,Happy,Spring,55,1
5623,User5623,53.0,,Desktop,Side,Sports,Red-violet,#C71585,199,21,133,Sad,Monsoon,194,1
137,User137,,,Mobile,Side,Home_Decor,Pale spring bud,#ECEBBD,236,235,189,Neutral,Autumn,9,0
7201,User7201,21.0,,Desktop,,Tech,Cobalt Blue,#0047AB,0,71,171,Sad,Spring,215,0
4948,User4948,55.0,,Mobile,,Home_Decor,Glitter,#E6E8FA,230,232,250,Calm,Summer,199,0
6276,User6276,39.0,Female,Desktop,Side,Food,Mahogany,#C04000,192,64,0,Angry,Winter,5,0
2934,User2934,,Non-Binary,Desktop,Top,Sports,Sand,#C2B280,194,178,128,Neutral,Monsoon,108,1
43,User43,23.0,Male,Tablet,Bottom,Home_Decor,Chartreuse (web),#7FFF00,127,255,0,Neutral,Spring,105,0
5008,User5008,30.0,,Desktop,Side,Home_Decor,Pale taupe,#BC987E,188,152,126,Happy,Winter,132,0
2032,User2032,36.0,,,Bottom,Tech,Bright Yellow (Crayola),#FFAA1D,255,170,29,Happy,Monsoon,253,1
8353,User8353,,,,Bottom,Food,Picton blue,#45B1E8,69,177,232,Happy,Autumn,295,1
3915,User3915,,,Desktop,Side,Home_Decor,Teal blue,#367588,54,117,136,Sad,Winter,273,1
4024,User4024,,,,Top,Food,English green,#1B4D3E,27,77,62,Angry,Monsoon,42,0
6509,User6509,62.0,Female,Mobile,,Fashion,Wild orchid,#D470A2,212,112,162,Sad,Spring,254,0
714,User714,32.0,,Desktop,Top,Tech,Black bean,#3D0C02,61,12,2,Angry,Spring,225,0
6287,User6287,40.0,Female,Tablet,Bottom,Tech,Iris,#5A4FCF,90,79,207,Neutral,Monsoon,67,1
4011,User4011,20.0,Male,,Top,Tech,Dim gray,#696969,105,105,105,Sad,Autumn,257,0
1341,User1341,,Non-Binary,,Bottom,Food,Shiny Shamrock,#5FA778,95,167,120,Sad,Monsoon,269,0
2289,User2289,,Female,Desktop,Bottom,Home_Decor,Cool Black,#002E63,0,46,99,Sad,Summer,168,1
4539,User4539,,,Mobile,Bottom,Home_Decor,Pixie Powder,#391285,57,18,133,Calm,Monsoon,27,1
3164,User3164,,,Desktop,,Food,Crimson red,#990000,153,0,0,Angry,Monsoon,83,1
5838,User5838,27.0,,Tablet,,Food,Tangerine yellow,#FFCC00,255,204,0,Angry,Spring,122,0
8147,User8147,,Female,,Top,Fashion,Medium champagne,#F3E5AB,243,229,171,Sad,Autumn,189,1
6743,User6743,,,Mobile,Side,Sports,Wild watermelon,#FC6C85,252,108,133,Calm,Monsoon,63,1
2876,User2876,23.0,Non-Binary,Tablet,Top,Sports,Bazaar,#98777B,152,119,123,Sad,Winter,256,1
1200,User1200,,,Mobile,Top,Tech,Baby blue,#89CFF0,137,207,240,Angry,Spring,93,0
7544,User7544,,Female,Mobile,Top,Home_Decor,Arctic lime,#D0FF14,208,255,20,Neutral,Spring,233,1
6679,User6679,26.0,Male,Tablet,,Tech,Old lace,#FDF5E6,253,245,230,Calm,Monsoon,242,1
4848,User4848,,Female,Desktop,Bottom,Home_Decor,Salmon,#FA8072,250,128,114,Calm,Winter,296,1
4539,User4539,54.0,Male,,Bottom,Home_Decor,Mellow yellow,#F8DE7E,248,222,126,Sad,Monsoon,299,1
606,User606,,Non-Binary,Desktop,Bottom,Fashion,Otter brown,#654321,101,67,33,Neutral,Winter,48,1
8271,User8271,29.0,,Desktop,,Food,Minion Yellow,#F5E050,245,220,80,Angry,Spring,84,1
1178,User1178,,Male,Desktop,Bottom,Food,Deep lemon,#F5C71A,245,199,26,Happy,Winter,178,1
5629,User5629,,,Tablet,Top,Food,Dark byzantium,#5D3954,93,57,84,Angry,Monsoon,145,1
6288,User6288,61.0,Non-Binary,Tablet,Bottom,Sports,Blue sapphire,#126180,18,97,128,Angry,Summer,41,1
5878,User5878,,,Tablet,,Food,Royal blue,#4169E1,65,105,225,Neutral,Summer,18,1
1908,User1908,26.0,,Mobile,Bottom,Sports,Unmellow yellow,#FFFF66,255,255,102,Calm,Winter,126,1
2906,User2906,,,Desktop,Bottom,Tech,India green,#138808,19,136,8,Angry,Monsoon,242,0
1503,User1503,19.0,Female,Tablet,Side,Sports,American rose,#FF033E,255,3,62,Calm,Autumn,59,1
7702,User7702,,,Desktop,Side,Home_Decor,Pale gold,#E6BE8A,230,190,138,Neutral,Summer,26,0
8081,User8081,38.0,,Tablet,Bottom,Fashion,Nyanza,#E9FFDB,233,255,219,Neutral,Spring,207,1
3323,User3323,48.0,Female,Tablet,Side,Fashion,Middle Blue Green,#8DD9CC,141,217,204,Sad,Monsoon,19,1
3896,User3896,,,Mobile,Top,Home_Decor,Baby blue,#89CFF0,137,207,240,Happy,Monsoon,34,0
8205,User8205,46.0,,Desktop,Bottom,Tech,Capri,#00BFFF,0,191,255,Neutral,Summer,33,0
2938,User2938,,Female,Mobile,Top,Fashion,Citrine,#E4D00A,228,208,10,Neutral,Autumn,256,0
1126,User1126,31.0,,Tablet,Side,Home_Decor,Deep cerise,#DA3287,218,50,135,Calm,Spring,164,1
6893,User6893,21.0,,Mobile,Top,Fashion,Glaucous,#6082B6,96,130,182,Neutral,Autumn,121,1
9894,User9894,,,Mobile,Top,Sports,Kenyan copper,#7C1C05,124,28,5,Angry,Spring,162,1
3323,User3323,48.0,Female,Tablet,,Fashion,French rose,#F64A8A,246,74,138,Sad,Summer,112,1
315,User315,,Non-Binary,Desktop,Side,Sports,Vivid tangerine,#FFA089,255,160,137,Sad,Monsoon,119,1
7152,User7152,,,,Side,Sports,Dark electric blue,#536878,83,104,120,Angry,Spring,276,1
223,User223,,Female,Tablet,Top,Fashion,Vista blue,#7C9ED9,124,158,217,Neutral,Monsoon,180,0
443,User443,46.0,Male,Desktop,,Fashion,Cornsilk,#FFF8DC,255,248,220,Happy,Winter,235,0
6553,User6553,,,Desktop,Bottom,Sports,Hooker's green,#49796B,73,121,107,Neutral,Winter,288,1
2620,User2620,49.0,Non-Binary,Tablet,Top,Fashion,Mardi Gras,#880085,136,0,133,Sad,Summer,254,0
1325,User1325,,,Desktop,Side,Tech,Powder blue,#B0E0E6,176,224,230,Happy,Summer,60,1
5346,User5346,30.0,Non-Binary,Tablet,Top,Food,Cinnabar,#E34234,227,66,52,Calm,Summer,277,1
3601,User3601,,Non-Binary,Mobile,Bottom,Food,Vivid orchid,#CC00FF,204,0,255,Calm,Winter,194,1
4422,User4422,28.0,Non-Binary,Desktop,Bottom,Home_Decor,Lavender blue,#CCCCFF,204,204,255,Neutral,Spring,25,0
5897,User5897,,Female,Tablet,Side,Food,Flax,#EEDC82,238,220,130,Neutral,Autumn,169,0
6315,User6315,,,Desktop,Top,Tech,Peach puff,#FFDAB9,255,218,185,Happy,Summer,289,1
5566,User5566,,Non-Binary,Mobile,Bottom,Food,Ruber,#CE4676,206,70,118,Happy,Autumn,72,1
6724,User6724,37.0,Female,Desktop,Top,Food,Electric lavender,#F4BBFF,244,187,255,Neutral,Autumn,271,1
2044,User2044,,,Mobile,Top,Tech,Light crimson,#F56991,245,105,145,Sad,Winter,222,1
6862,User6862,,Male,Tablet,Side,Sports,Black leather jacket,#253529,37,53,41,Calm,Spring,100,1
6959,User6959,39.0,Male,,Top,Food,Kobicha,#6B4423,107,68,35,Happy,Winter,192,1
2373,User2373,31.0,,,Bottom,Home_Decor,Dark orchid,#9932CC,153,50,204,Sad,Summer,212,1
8930,User8930,24.0,Non-Binary,Desktop,Top,Food,Pictorial carmine,#C30B4E,195,11,78,Neutral,Winter,78,0
6042,User6042,62.0,Non-Binary,Desktop,Bottom,Food,Deep cerise,#DA3287,218,50,135,Angry,Winter,166,0
9894,User9894,,,Mobile,,Tech,Flirt,#A2006D,162,0,109,Happy,Winter,165,1
3471,User3471,,Female,Mobile,Side,Tech,Canary yellow,#FFEF00,255,239,0,Angry,Summer,64,0
6669,User6669,38.0,Female,Mobile,Side,Home_Decor,Brink pink,#FB607F,251,96,127,Sad,Summer,30,1
2593,User2593,38.0,Non-Binary,Mobile,,Fashion,Catawba,#703642,112,54,66,Calm,Winter,29,0
7138,User7138,26.0,Male,Tablet,Top,Tech,USC Cardinal,#990000,153,0,0,Sad,Winter,262,1
7266,User7266,,,Tablet,Bottom,Fashion,Vivid cerulean,#00AAEE,0,170,238,Calm,Autumn,7,1
6863,User6863,51.0,,,Side,Home_Decor,Twilight lavender,#8A496B,138,73,107,Sad,Spring,292,1
5937,User5937,18.0,Non-Binary,Desktop,Bottom,Food,Tuscan red,#7C4848,124,72,72,Happy,Autumn,261,0
3846,User3846,38.0,Non-Binary,Tablet,Bottom,Food,Purple Heart,#69359C,105,53,156,Happy,Spring,284,1
6271,User6271,,,,Top,Fashion,Heliotrope gray,#AA98A9,170,152,168,Angry,Spring,252,0
7647,User7647,,Male,Desktop,Top,Home_Decor,Seashell,#FFF5EE,255,245,238,Sad,Winter,48,1
5201,User5201,,Female,,Top,Home_Decor,Pink-orange,#FF9966,255,153,102,Sad,Autumn,37,0
980,User980,,,Mobile,,Tech,Champagne,#F7E7CE,247,231,206,Angry,Spring,298,0
6893,User6893,21.0,,,Top,Fashion,Middle Green,#4D8C57,77,140,87,Neutral,Spring,116,1
1741,User1741,45.0,,Mobile,,Tech,Papaya whip,#FFEFD5,255,239,213,Sad,Summer,295,1
632,User632,,Female,Desktop,Side,Fashion,Quinacridone magenta,#8E3A59,142,58,89,Sad,Spring,277,0
5006,User5006,30.0,,Tablet,Bottom,Tech,Wine,#722F37,114,47,55,Sad,Winter,47,0
2712,User2712,,,Mobile,,Tech,Palatinate purple,#682860,104,40,96,Neutral,Monsoon,48,0
3333,User3333,30.0,Male,Tablet,Top,Home_Decor,British racing green,#004225,0,66,37,Happy,Summer,293,1
6942,User6942,27.0,Male,Desktop,,Home_Decor,Ocean Blue,#4F42B5,79,66,181,Angry,Monsoon,91,0
332,User332,,Non-Binary,Desktop,,Food,Indian yellow,#E3A857,227,168,87,Neutral,Winter,234,0
816,User816,,,Tablet,Bottom,Food,Royal blue,#4169E1,65,105,225,Calm,Monsoon,87,0
9383,User9383,44.0,,Tablet,Top,Home_Decor,Baby blue,#89CFF0,137,207,240,Calm,Spring,208,0
2290,User2290,41.0,,,Top,Home_Decor,Blue yonder,#5072A7,80,114,167,Neutral,Monsoon,134,1
2342,User2342,30.0,Non-Binary,,Side,Tech,African violet,#B284BE,178,132,190,Neutral,Autumn,142,0
8817,User8817,53.0,Male,Tablet,Bottom,Food,UP Maroon,#7B1113,123,17,19,Happy,Winter,87,1
1935,User1935,30.0,Female,Desktop,,Home_Decor,Safety orange (blaze orange),#FF6700,255,103,0,Calm,Autumn,179,1
9346,User9346,,,Tablet,Side,Fashion,Yale Blue,#0F4D92,15,77,146,Angry,Monsoon,140,0
3574,User3574,,Female,Tablet,Top,Fashion,Black Shadows,#BFAFB2,191,175,178,Sad,Autumn,111,1
8849,User8849,,,Desktop,Bottom,Food,Light blue,#ADD8E6,173,216,230,Sad,Summer,155,0
7971,User7971,,Non-Binary,Tablet,Top,Fashion,Persian blue,#1C39BB,28,57,187,Happy,Monsoon,113,1
3337,User3337,37.0,Male,Tablet,Side,Tech,Maximum Green,#5E8C31,94,140,49,Happy,Autumn,226,0
5942,User5942,,Non-Binary,Tablet,Bottom,Food,Windsor tan,#A75502,167,85,2,Calm,Spring,251,1
7268,User7268,28.0,Female,,,Home_Decor,Wintergreen Dream,#56887D,86,136,125,Angry,Monsoon,41,1
3746,User3746,,Male,Desktop,Top,Fashion,Persian rose,#FE28A2,254,40,162,Angry,Summer,272,1
1167,User1167,,Male,Desktop,Top,Tech,Red (Munsell),#F2003C,242,0,60,Neutral,Spring,78,0
8081,User8081,38.0,,Tablet,Bottom,Home_Decor,Sugar Plum,#914E75,145,78,117,Happy,Monsoon,119,1
1910,User1910,63.0,Male,Desktop,Side,Sports,Madder Lake,#CC3336,204,51,54,Sad,Spring,85,1
2778,User2778,,,Mobile,Bottom,Tech,Lavender (floral),#B57EDC,181,126,220,Sad,Monsoon,197,0
301,User301,59.0,Male,Tablet,Side,Fashion,Languid lavender,#D6CADD,214,202,221,Calm,Monsoon,218,1
375,User375,26.0,,Mobile,Top,Tech,Golden poppy,#FCC200,252,194,0,Sad,Winter,19,1
924,User924,64.0,Non-Binary,Tablet,Top,Sports,Redwood,#A45A52,164,90,82,Angry,Autumn,88,0
748,User748,,,,Side,Sports,Red (NCS),#C40233,196,2,51,Angry,Monsoon,270,0
8530,User8530,52.0,Female,Mobile,Top,Tech,Xanadu,#738678,115,134,120,Happy,Summer,158,1
425,User425,61.0,,,Bottom,Home_Decor,Light salmon,#FFA07A,255,160,122,Calm,Autumn,257,0
9842,User9842,43.0,Non-Binary,Mobile,Top,Home_Decor,Roast coffee,#704241,112,66,65,Sad,Winter,277,1
3651,User3651,,Female,,Bottom,Sports,Dark brown-tangelo,#88654E,136,101,78,Happy,Autumn,136,0
6143,User6143,29.0,,,,Food,Rhythm,#777696,119,118,150,Neutral,Autumn,203,1
4489,User4489,,,,Bottom,Food,Spanish orange,#E86100,232,97,0,Neutral,Monsoon,87,0
89,User89,58.0,,Tablet,,Home_Decor,Very pale yellow,#FFFFBF,255,255,191,Sad,Summer,130,0
4483,User4483,,Non-Binary,,Top,Food,Amaranth,#E52B50,229,43,80,Sad,Monsoon,218,1
6167,User6167,20.0,,Mobile,Side,Home_Decor,Tulip,#FF878D,255,135,141,Sad,Summer,219,1
7151,User7151,,Non-Binary,Tablet,,Fashion,Puce red,#722F37,114,47,55,Angry,Summer,242,1
4361,User4361,29.0,,Tablet,Side,Home_Decor,Cordovan,#893F45,137,63,69,Sad,Spring,92,1
5808,User5808,,Male,Desktop,Side,Fashion,University of Tennessee Orange,#F77F00,247,127,0,Neutral,Monsoon,117,0
3706,User3706,,,Mobile,Top,Sports,Dark tangerine,#FFA812,255,168,18,Sad,Winter,109,0
2082,User2082,29.0,,Mobile,Side,Food,India green,#138808,19,136,8,Calm,Autumn,67,0
204,User204,,,Desktop,Side,Sports,Neon Carrot,#FFA343,255,163,67,Neutral,Spring,243,0
362,User362,,Female,Mobile,Bottom,Tech,Roast coffee,#704241,112,66,65,Calm,Winter,30,0
8081,User8081,38.0,,Tablet,Bottom,Tech,Pale green,#98FB98,152,251,152,Neutral,Monsoon,132,1
494,User494,,,Tablet,Side,Sports,UCLA Blue,#536895,83,104,149,Happy,Summer,5,0
6980,User6980,62.0,,,,Home_Decor,Deep spring bud,#556B2F,85,107,47,Neutral,Monsoon,98,1
7674,User7674,43.0,Female,Tablet,Bottom,Home_Decor,United Nations blue,#5B92E5,91,146,229,Neutral,Monsoon,16,1
9,User9,,Female,Desktop,Bottom,Food,Linen,#FAF0E6,250,240,230,Calm,Spring,170,0
6654,User6654,33.0,,Desktop,Top,Sports,Misty Moss,#BBB477,187,180,119,Calm,Winter,276,1
1369,User1369,,,,Bottom,Tech,Light salmon,#FFA07A,255,160,122,Neutral,Spring,71,1
670,User670,22.0,,Desktop,Top,Sports,Sea Serpent,#4BC7CF,75,199,207,Neutral,Winter,171,1
6602,User6602,,Female,Desktop,Side,Sports,Plump Purple,#5946B2,89,70,178,Angry,Spring,258,1
8357,User8357,60.0,,Tablet,Bottom,Food,Eucalyptus,#44D7A8,68,215,168,Happy,Autumn,257,0
4348,User4348,62.0,Female,,Top,Home_Decor,Corn,#FBEC5D,251,236,93,Happy,Summer,250,1
8400,User8400,,,Tablet,Bottom,Tech,Toolbox,#746CC0,116,108,192,Sad,Summer,63,1
7808,User7808,,Female,Desktop,Top,Food,Medium candy apple red,#E2062C,226,6,44,Neutral,Summer,298,1
8530,User8530,52.0,Female,,Top,Tech,Keppel,#3AB09E,58,176,158,Neutral,Autumn,148,1
9234,User9234,20.0,Male,Desktop,Bottom,Tech,Peru,#CD853F,205,133,63,Neutral,Autumn,213,1
5980,User5980,40.0,Female,Desktop,Side,Home_Decor,Alice blue,#F0F8FF,240,248,255,Neutral,Summer,230,1
3233,User3233,39.0,,Tablet,Bottom,Home_Decor,Amethyst,#9966CC,153,102,204,Happy,Summer,288,0
9550,User9550,,Non-Binary,Desktop,,Food,Raisin black,#242124,36,33,36,Calm,Winter,95,1
188,User188,56.0,,Tablet,Bottom,Fashion,Fashion fuchsia,#F400A1,244,0,161,Angry,Winter,115,1
1148,User1148,25.0,,Mobile,Bottom,Food,Vivid lime green,#A6D608,166,214,8,Calm,Monsoon,244,1
2979,User2979,33.0,Male,Desktop,Side,Food,Green (Color Wheel) (X11 green),#00FF00,0,255,0,Calm,Spring,84,0
2229,User2229,22.0,Non-Binary,,Side,Fashion,Wageningen Green,#34B233,52,178,51,Happy,Winter,208,0
4108,User4108,,,Tablet,Top,Tech,Cocoa brown,#D2691E,210,105,30,Angry,Winter,242,1
5520,User5520,,Non-Binary,Desktop,,Sports,Rose red,#C21E56,194,30,86,Neutral,Winter,298,1
3624,User3624,,Male,Desktop,Side,Fashion,Chestnut,#954535,149,69,53,Happy,Winter,188,0
9617,User9617,63.0,,,Side,Sports,Fuchsia,#FF00FF,255,0,255,Happy,Autumn,216,1
7674,User7674,43.0,Female,Tablet,Bottom,Tech,Livid,#6699CC,102,153,204,Angry,Monsoon,255,1
3429,User3429,59.0,,Tablet,Side,Fashion,Light orchid,#E6A8D7,230,168,215,Sad,Winter,231,1
9045,User9045,,,,,Home_Decor,Topaz,#FFC87C,255,200,124,Happy,Spring,171,0
6718,User6718,,Male,Mobile,Top,Food,Rich brilliant lavender,#F1A7FE,241,167,254,Calm,Winter,35,0
1213,User1213,,Male,Tablet,Bottom,Fashion,Carnelian,#B31B1B,179,27,27,Calm,Autumn,155,0
9486,User9486,19.0,Female,Mobile,,Fashion,Corn,#FBEC5D,251,236,93,Neutral,Summer,166,0
6959,User6959,,Male,Desktop,Top,Tech,Battery Charged Blue,#1DACD6,29,172,214,Happy,Summer,100,1
4034,User4034,,,Desktop,,Home_Decor,Light blue,#ADD8E6,173,216,230,Neutral,Monsoon,277,1
5596,User5596,,,Tablet,Top,Fashion,Dartmouth green,#00703C,0,112,60,Happy,Summer,28,1
6811,User6811,24.0,Male,Mobile,Bottom,Home_Decor,Magenta (dye),#CA1F7B,202,31,123,Angry,Winter,122,1
7363,User7363,48.0,Non-Binary,Mobile,,Sports,Orange-yellow,#F8D568,248,213,104,Happy,Autumn,91,0
6086,User6086,24.0,,Desktop,,Fashion,Pastel red,#FF6961,255,105,97,Sad,Monsoon,279,1
4427,User4427,19.0,Female,,,Home_Decor,Dark lavender,#734F96,115,79,150,Calm,Winter,54,0
2889,User2889,64.0,,Tablet,Bottom,Food,Deep moss green,#355E3B,53,94,59,Angry,Summer,116,0
6258,User6258,,,Tablet,Top,Tech,Cornell Red,#B31B1B,179,27,27,Calm,Spring,284,1
4539,User4539,,Male,Mobile,Bottom,Home_Decor,Rose quartz,#AA98A9,170,152,169,Neutral,Winter,140,1
664,User664,51.0,Female,Desktop,Bottom,Tech,Deep lilac,#9955BB,153,85,187,Angry,Spring,7,0
9238,User9238,,Non-Binary,,Top,Fashion,Heliotrope,#DF73FF,223,115,255,Sad,Spring,166,0
805,User805,,,Desktop,Bottom,Fashion,Quartz,#51484F,81,72,79,Calm,Monsoon,81,1
4793,User4793,,,Desktop,Top,Sports,Minion Yellow,#F5E050,245,220,80,Happy,Autumn,189,0
7313,User7313,,Non-Binary,Mobile,,Tech,Dark candy apple red,#A40000,164,0,0,Happy,Summer,62,1
1549,User1549,,,Desktop,,Food,Blue (NCS),#0087BD,0,135,189,Happy,Summer,167,1
5329,User5329,54.0,,Tablet,Side,Food,Celadon,#ACE1AF,172,225,175,Angry,Winter,25,1
3727,User3727,52.0,,Desktop,Side,Home_Decor,Gold (web) (Golden),#FFD700,255,215,0,Sad,Summer,69,0
6724,User6724,37.0,,Desktop,Top,Food,Payne's grey,#536878,83,104,120,Sad,Monsoon,70,1
8271,User8271,,,Desktop,Bottom,Tech,Vivid orchid,#CC00FF,204,0,255,Sad,Summer,286,1
6743,User6743,,,,,Fashion,Light apricot,#FDD5B1,253,213,177,Calm,Winter,179,1
3299,User3299,44.0,,Tablet,Side,Tech,Light carmine pink,#E66771,230,103,113,Angry,Summer,169,1
1206,User1206,,Female,Mobile,Side,Tech,Deep Tuscan red,#66424D,102,66,77,Happy,Autumn,86,0
453,User453,,Female,Tablet,Top,Fashion,Jet,#343434,52,52,52,Calm,Spring,150,1
4621,User4621,,,Desktop,Top,Tech,Lapis lazuli,#26619C,38,97,156,Sad,Spring,208,1
8684,User8684,,Non-Binary,,,Food,Smoky Topaz,#933D41,147,61,65,Happy,Spring,168,1
7453,User7453,39.0,Female,,Side,Home_Decor,Seashell,#FFF5EE,255,245,238,Angry,Autumn,108,0
1442,User1442,55.0,Female,Tablet,Side,Home_Decor,Fawn,#E5AA70,229,170,112,Neutral,Monsoon,134,0
5456,User5456,,Male,Desktop,Top,Tech,Pale brown,#987654,152,118,84,Sad,Winter,88,0
6441,User6441,,,,Top,Fashion,UP Forest green,#014421,1,68,33,Sad,Autumn,124,1
1524,User1524,24.0,Male,Mobile,Bottom,Sports,Indian red,#CD5C5C,205,92,92,Sad,Winter,263,1
9967,User9967,,,,Side,Tech,Beau blue,#BCD4E6,188,212,230,Sad,Monsoon,108,1
4548,User4548,,,Desktop,,Tech,Stormcloud,#4F666A,79,102,106,Happy,Autumn,38,1
3226,User3226,50.0,Non-Binary,Mobile,Top,Sports,Very light blue,#6666FF,102,102,255,Angry,Summer,178,0
3990,User3990,28.0,,,Side,Home_Decor,Steel pink,#CC33CC,204,51,204,Calm,Monsoon,236,1
3361,User3361,,Non-Binary,Tablet,Top,Home_Decor,Mountbatten pink,#997A8D,153,122,141,Happy,Spring,189,0
1305,User1305,,,Tablet,Top,Sports,Dark olive green,#556B2F,85,107,47,Angry,Autumn,22,1
9849,User9849,,Male,Mobile,Side,Fashion,Diamond,#B9F2FF,185,242,255,Calm,Monsoon,235,0
5579,User5579,,Non-Binary,Mobile,Side,Tech,Linen,#FAF0E6,250,240,230,Sad,Monsoon,139,1
7558,User7558,,,,Top,Food,Magnolia,#F8F4FF,248,244,255,Angry,Autumn,49,1
3644,User3644,,Female,Mobile,Side,Home_Decor,Electric cyan,#00FFFF,0,255,255,Sad,Spring,116,1
7962,User7962,58.0,,Tablet,Top,Home_Decor,China rose,#A8516E,168,81,110,Angry,Spring,87,1
4073,User4073,,Male,Desktop,Top,Home_Decor,Cardinal,#C41E3A,196,30,58,Neutral,Monsoon,43,1
2017,User2017,,,Tablet,Bottom,Fashion,Dark olive green,#556B2F,85,107,47,Sad,Winter,258,1
1171,User1171,,Female,Mobile,,Sports,Heat Wave,#FF7A00,255,122,0,Sad,Monsoon,149,1
8948,User8948,25.0,,Mobile,,Fashion,Rosy brown,#BC8F8F,188,143,143,Sad,Autumn,55,1
6161,User6161,,Female,Tablet,Bottom,Home_Decor,Aero blue,#C9FFE5,201,255,229,Happy,Autumn,297,1
1652,User1652,,,,Bottom,Tech,Paradise pink,#E63E62,230,62,98,Calm,Autumn,71,0
6164,User6164,57.0,Male,Mobile,,Home_Decor,Pale magenta-pink,#FF99CC,255,153,204,Sad,Spring,28,0
5959,User5959,,,Mobile,,Tech,Old moss green,#867E36,134,126,54,Sad,Summer,126,0
1905,User1905,,,,,Tech,Chartreuse (traditional),#DFFF00,223,255,0,Happy,Autumn,53,1
9894,User9894,,,,,Home_Decor,Red (NCS),#C40233,196,2,51,Happy,Autumn,153,1
3839,User3839,26.0,,Tablet,Side,Home_Decor,Blue (pigment),#333399,51,51,153,Neutral,Winter,189,0
3990,User3990,28.0,,Tablet,Side,Tech,Raw Sienna,#D68A59,214,138,89,Angry,Winter,254,1
1178,User1178,,Male,Desktop,Bottom,Fashion,June bud,#BDDA57,189,218,87,Sad,Monsoon,149,1
9967,User9967,,,Mobile,Side,Fashion,Little boy blue,#6CA0DC,108,160,220,Angry,Monsoon,247,1
8617,User8617,,,Mobile,Top,Fashion,Pumpkin,#FF7518,255,117,24,Happy,Monsoon,153,0
749,User749,,,,Top,Food,Skobeloff,#007474,0,116,116,Happy,Autumn,72,1
4819,User4819,26.0,,,Bottom,Tech,Chocolate (web),#D2691E,210,105,30,Neutral,Winter,228,0
2096,User2096,48.0,Non-Binary,Desktop,Top,Food,Blue-gray,#6699CC,102,153,204,Calm,Monsoon,214,1
8361,User8361,41.0,Female,Mobile,Side,Food,Mummy's Tomb,#828E84,130,142,132,Happy,Winter,196,1
2289,User2289,,Female,Desktop,,Tech,Wintergreen Dream,#56887D,86,136,125,Sad,Autumn,128,1
2174,User2174,,Female,,Bottom,Food,Firebrick,#B22222,178,34,34,Neutral,Autumn,288,1
301,User301,59.0,Male,,Side,Tech,Flavescent,#F7E98E,247,233,142,Calm,Monsoon,296,1
8053,User8053,31.0,Non-Binary,Tablet,Top,Sports,Violet (RYB),#8601AF,134,1,175,Neutral,Autumn,54,0
4266,User4266,28.0,,Desktop,,Sports,Sapphire,#0F52BA,15,82,186,Happy,Autumn,187,1
3784,User3784,18.0,,Mobile,Top,Tech,Malachite,#0BDA51,11,218,81,Calm,Winter,251,0
8152,User8152,25.0,,,Bottom,Tech,La Salle Green,#087830,8,120,48,Angry,Summer,92,0
5508,User5508,60.0,,Mobile,Top,Tech,Slimy Green,#299617,41,150,23,Calm,Spring,142,0
998,User998,,,Tablet,Top,Fashion,Pastel blue,#AEC6CF,174,198,207,Sad,Monsoon,42,1
9686,User9686,18.0,,,Top,Tech,Middle Yellow,#FFEB00,255,235,0,Angry,Summer,53,0
3236,User3236,56.0,Female,Mobile,Bottom,Home_Decor,UA red,#D9004C,217,0,76,Angry,Monsoon,76,1
2336,User2336,32.0,,Tablet,Side,Sports,Paris Green,#50C878,80,200,120,Sad,Summer,262,1
7738,User7738,55.0,,,,Sports,Deep Tuscan red,#66424D,102,66,77,Angry,Autumn,48,0
2272,User2272,,,Tablet,Bottom,Tech,Coral pink,#F88379,248,131,121,Happy,Monsoon,295,1
4348,User4348,,Female,Desktop,Top,Sports,Palm Leaf,#6F9940,130,142,132,Calm,Summer,120,1
6669,User6669,38.0,Female,Mobile,Side,Tech,Pale turquoise,#AFEEEE,175,238,238,Calm,Spring,153,1
2174,User2174,36.0,Female,Desktop,Bottom,Tech,UCLA Gold,#FFB300,255,179,0,Sad,Autumn,283,1
5066,User5066,46.0,,Mobile,,Sports,Spanish red,#E60026,230,0,38,Happy,Monsoon,292,1
3644,User3644,,Female,Mobile,Side,Sports,Ivory,#FFFFF0,255,255,240,Angry,Monsoon,222,1
6001,User6001,,,Desktop,,Home_Decor,Dark gunmetal,#1F262A,31,38,42,Calm,Summer,75,0
7465,User7465,,,Tablet,Side,Food,Pistachio,#93C572,147,197,114,Calm,Monsoon,165,0
7971,User7971,,,Tablet,Top,Home_Decor,Tufts Blue,#3E8EDE,62,142,222,Calm,Autumn,277,1
7313,User7313,,,Mobile,Side,Home_Decor,Telemagenta,#CF3476,207,52,118,Calm,Winter,131,1
1127,User1127,,,,Side,Sports,Flattery,#6B4423,107,68,35,Neutral,Summer,174,1
4758,User4758,56.0,,Mobile,Bottom,Home_Decor,Baby pink,#F4C2C2,244,194,194,Sad,Spring,21,0
973,User973,37.0,,Mobile,Bottom,Sports,Red,#FF0000,255,0,0,Angry,Monsoon,243,1
7770,User7770,,Female,Desktop,Bottom,Fashion,Pale brown,#987654,152,118,84,Angry,Autumn,180,0
3035,User3035,,Male,Tablet,Bottom,Tech,Celadon green,#2F847C,47,132,124,Sad,Monsoon,214,0
4957,User4957,58.0,Male,Desktop,Bottom,Food,Chartreuse (traditional),#DFFF00,223,255,0,Happy,Spring,61,1
5194,User5194,53.0,Male,,Top,Fashion,Persian rose,#FE28A2,254,40,162,Sad,Autumn,193,1
6479,User6479,,Male,,Side,Tech,Generic viridian,#007F66,0,127,102,Calm,Spring,48,1
2280,User2280,,,Tablet,,Tech,Copper red,#CB6D51,203,109,81,Calm,Autumn,126,0
5832,User5832,28.0,Non-Binary,Desktop,Side,Food,Dogwood rose,#D71868,215,24,104,Sad,Winter,37,1
6822,User6822,34.0,Male,Desktop,Bottom,Home_Decor,Rich carmine,#D70040,215,0,64,Sad,Autumn,32,0
2373,User2373,31.0,,Desktop,Bottom,Tech,Waterspout,#A4F4F9,164,244,249,Angry,Spring,155,1
9418,User9418,,Male,,,Food,Popstar,#BE4F62,190,79,98,Angry,Summer,67,1
7498,User7498,,Male,,Side,Sports,Ube,#8878C3,136,120,195,Neutral,Winter,11,1
1729,User1729,,Female,Mobile,Top,Tech,Italian sky blue,#B2FFFF,178,255,255,Neutral,Monsoon,115,1
9064,User9064,41.0,Female,Mobile,Top,Tech,Shiny Shamrock,#5FA778,95,167,120,Calm,Winter,134,1
9412,User9412,34.0,,Mobile,Bottom,Home_Decor,Maroon (Crayola),#C32148,195,33,72,Neutral,Winter,136,1
1710,User1710,,,Tablet,Side,Home_Decor,Dirt,#9B7653,155,118,83,Neutral,Monsoon,12,1
9992,User9992,,Male,Desktop,Side,Sports,Giant's Club,#B05C52,176,92,82,Happy,Autumn,33,1
5890,User5890,56.0,,Mobile,Bottom,Tech,Spartan Crimson,#9E1316,158,19,22,Sad,Winter,10,1
7266,User7266,,,Tablet,Bottom,Home_Decor,Maximum Blue Purple,#ACACE6,172,172,230,Angry,Winter,116,1
7065,User7065,57.0,,Desktop,Side,Food,Pink (Pantone),#D74894,215,72,148,Neutral,Summer,109,1
5053,User5053,61.0,,Tablet,Side,Tech,Raspberry glace,#915F6D,145,95,109,Angry,Summer,211,1
2431,User2431,54.0,Male,,Top,Food,Glitter,#E6E8FA,230,232,250,Neutral,Spring,44,1
2555,User2555,,,Tablet,Bottom,Fashion,Rose ebony,#674846,103,72,70,Neutral,Monsoon,272,1
5623,User5623,53.0,,Desktop,,Sports,Pomp and Power,#86608E,134,96,142,Calm,Autumn,50,1
1181,User1181,55.0,,Desktop,,Home_Decor,Meat brown,#E5B73B,229,183,59,Happy,Autumn,245,0
7,User7,,Female,Tablet,Bottom,Fashion,Vivid amber,#CC9900,204,153,0,Sad,Spring,274,1
2941,User2941,,,Desktop,Top,Home_Decor,Pale spring bud,#ECEBBD,236,235,189,Sad,Autumn,159,0
6576,User6576,62.0,Female,Desktop,Bottom,Fashion,Sunset orange,#FD5E53,253,94,83,Calm,Autumn,120,1
5624,User5624,,,Mobile,Top,Home_Decor,Royal blue,#4169E1,65,105,225,Calm,Summer,41,0
9714,User9714,25.0,Female,Mobile,,Sports,Mindaro,#E3F988,227,249,136,Sad,Autumn,209,0
1568,User1568,,,Desktop,Bottom,Tech,Green (RYB),#66B032,102,176,50,Sad,Autumn,253,0
773,User773,48.0,,Mobile,Top,Food,Orange (web),#FFA500,255,165,0,Happy,Spring,114,0
373,User373,34.0,,Mobile,Top,Fashion,La Salle Green,#087830,8,120,48,Neutral,Spring,84,1
5082,User5082,44.0,Female,Mobile,,Food,Medium aquamarine,#66DDAA,102,221,170,Happy,Winter,80,1
9234,User9234,20.0,Male,Desktop,,Food,Sepia,#704214,112,66,20,Sad,Autumn,274,1
8561,User8561,52.0,Male,Mobile,,Home_Decor,Wild orchid,#D470A2,212,112,162,Neutral,Autumn,102,1
8373,User8373,,Male,Desktop,,Tech,Spanish carmine,#D10047,209,0,71,Sad,Autumn,80,1
4539,User4539,54.0,,Mobile,Bottom,Home_Decor,CG Blue,#007AA5,0,122,165,Happy,Summer,286,1
8312,User8312,,,Desktop,Side,Food,Bud green,#7BB661,123,182,97,Happy,Autumn,85,0
2311,User2311,,,Desktop,Bottom,Sports,Madder Lake,#CC3336,204,51,54,Happy,Summer,67,1
9689,User9689,,Male,Desktop,Bottom,Tech,Honeydew,#F0FFF0,240,255,240,Neutral,Winter,271,1
3854,User3854,56.0,,Tablet,Bottom,Tech,Cadmium green,#006B3C,0,107,60,Angry,Monsoon,37,1
2946,User2946,,Female,Desktop,Bottom,Food,Pink raspberry,#980036,152,0,54,Angry,Autumn,44,1
2428,User2428,33.0,,Tablet,Side,Home_Decor,Tractor red,#FD0E35,253,14,53,Sad,Spring,178,1
2021,User2021,,Male,Mobile,Bottom,Sports,Rose taupe,#905D5D,144,93,93,Neutral,Spring,264,1
4621,User4621,20.0,,,Top,Fashion,Aqua,#00FFFF,0,255,255,Calm,Autumn,228,1
2385,User2385,,Male,,Side,Home_Decor,Dark vanilla,#D1BEA8,209,190,168,Angry,Summer,227,0
8631,User8631,,,Desktop,Top,Tech,Electric lime,#CCFF00,204,255,0,Neutral,Spring,271,1
6765,User6765,46.0,Female,Tablet,,Home_Decor,English violet,#563C5C,86,60,92,Neutral,Spring,159,1
9625,User9625,,,,Top,Fashion,Asparagus,#87A96B,135,169,107,Angry,Winter,268,0
4048,User4048,,Female,Tablet,Side,Sports,Cerulean frost,#6D9BC3,109,155,195,Neutral,Winter,153,0
9335,User9335,,,,Bottom,Sports,Ball blue,#21ABCD,33,171,205,Neutral,Winter,229,0
5596,User5596,43.0,,Tablet,,Fashion,Fandango pink,#DE5285,222,82,133,Angry,Spring,131,1
1130,User1130,,,Mobile,Bottom,Fashion,Pastel gray,#CFCFC4,207,207,196,Happy,Spring,9,0
8948,User8948,25.0,,Mobile,Bottom,Food,Orange Soda,#FA5B3D,250,91,61,Sad,Autumn,292,1
6863,User6863,51.0,,Desktop,Side,Tech,Amaranth purple,#AB274F,171,39,79,Calm,Autumn,62,1
4230,User4230,,Female,Tablet,,Food,Deep Space Sparkle,#4A646C,74,100,108,Sad,Summer,76,1
6862,User6862,,Male,Tablet,Side,Home_Decor,Russian violet,#32174D,50,23,77,Happy,Spring,159,1
8271,User8271,,,Desktop,Bottom,Fashion,Fiery Rose,#FF5470,255,84,112,Happy,Autumn,286,1
1301,User1301,,,Desktop,Side,Food,Tan,#D2B48C,210,180,140,Neutral,Autumn,172,0
2309,User2309,22.0,,,,Tech,Khaki (X11) (Light khaki),#F0E68C,240,230,140,Sad,Winter,33,1
5643,User5643,,Non-Binary,Desktop,Side,Tech,Indian yellow,#E3A857,227,168,87,Happy,Winter,86,0
315,User315,,Non-Binary,Desktop,Side,Fashion,Dark slate blue,#483D8B,72,61,139,Sad,Winter,267,1
9266,User9266,38.0,,Mobile,Bottom,Food,Azure mist,#F0FFFF,240,255,255,Happy,Monsoon,110,1
4568,User4568,27.0,Non-Binary,,Top,Sports,Napier green,#2A8000,42,128,0,Calm,Autumn,281,0
5342,User5342,,,Tablet,Side,Fashion,Rich electric blue,#0892D0,8,146,208,Happy,Winter,14,0
1539,User1539,43.0,,Mobile,Bottom,Home_Decor,Artichoke,#8F9779,143,151,121,Sad,Winter,66,1
9136,User9136,,Non-Binary,Desktop,Side,Food,Cinnamon Satin,#CD607E,205,96,126,Neutral,Spring,228,1
3352,User3352,,Female,,Side,Food,French puce,#4E1609,78,22,9,Sad,Winter,140,1
180,User180,56.0,,Mobile,,Fashion,Eggplant,#614051,97,64,81,Angry,Spring,228,0
249,User249,,,,Bottom,Food,Teal,#008080,0,128,128,Sad,Summer,118,0
1273,User1273,27.0,Non-Binary,Mobile,,Food,Maroon (X11),#B03060,176,48,96,Calm,Winter,264,1
1549,User1549,56.0,,Desktop,Top,Home_Decor,Ecru,#C2B280,194,178,128,Calm,Spring,161,1
7756,User7756,,,,Top,Home_Decor,Vegas gold,#C5B358,197,179,88,Calm,Winter,233,0
2733,User2733,,Non-Binary,Tablet,Bottom,Sports,Lavender rose,#FBA0E3,251,160,227,Happy,Summer,104,1
1199,User1199,,Non-Binary,Mobile,Top,Home_Decor,Peach-orange,#FFCC99,255,204,153,Calm,Winter,259,0
6654,User6654,,,Desktop,,Sports,Solid pink,#893843,137,56,67,Sad,Spring,183,1
1253,User1253,36.0,Female,Desktop,Bottom,Home_Decor,Black,#000000,0,0,0,Neutral,Summer,279,1
8253,User8253,57.0,,Desktop,Bottom,Sports,Sasquatch Socks,#FF4681,255,70,129,Calm,Summer,233,1
4981,User4981,,Male,Tablet,Bottom,Home_Decor,AuroMetalSaurus,#6E7F80,110,127,128,Sad,Summer,35,1
998,User998,,,Tablet,Top,Home_Decor,Tractor red,#FD0E35,253,14,53,Happy,Monsoon,112,1
6100,User6100,,,Desktop,Bottom,Fashion,Battleship grey,#848482,132,132,130,Happy,Spring,286,1
1141,User1141,37.0,Male,,Bottom,Home_Decor,Silver pink,#C4AEAD,196,174,173,Neutral,Monsoon,113,1
6674,User6674,24.0,Non-Binary,Desktop,Bottom,Sports,Maximum Blue Purple,#ACACE6,172,172,230,Neutral,Summer,33,0
8101,User8101,59.0,,Desktop,Bottom,Fashion,Glossy Grape,#AB92B3,171,146,179,Sad,Monsoon,21,1
4950,User4950,28.0,,Mobile,Side,Sports,Orange Soda,#FA5B3D,250,91,61,Neutral,Winter,174,1
326,User326,49.0,,Desktop,Top,Home_Decor,UFO Green,#3CD070,60,208,112,Neutral,Monsoon,179,0
6771,User6771,,,Desktop,Side,Home_Decor,Brown Yellow,#cc9966,204,153,102,Happy,Autumn,78,1
8019,User8019,,Female,Tablet,Side,Sports,Royal blue,#002366,0,35,102,Sad,Summer,244,0
9311,User9311,,,Desktop,Side,Food,Lemon glacier,#FDFF00,253,255,0,Neutral,Summer,100,1
4037,User4037,,,Desktop,Bottom,Fashion,French blue,#0072BB,0,114,187,Sad,Spring,6,0
1914,User1914,,Male,Tablet,Bottom,Fashion,China rose,#A8516E,168,81,110,Calm,Winter,206,1
2733,User2733,,Non-Binary,Tablet,Bottom,Home_Decor,Yellow (process),#FFEF00,255,239,0,Happy,Spring,41,1
6058,User6058,,Non-Binary,Mobile,Top,Fashion,Blond,#FAF0BE,250,240,190,Happy,Monsoon,95,0
5198,User5198,47.0,,Desktop,Bottom,Sports,Cotton candy,#FFBCD9,255,188,217,Happy,Autumn,237,1
6167,User6167,,Male,,Side,Home_Decor,Persian red,#CC3333,204,51,51,Angry,Autumn,151,1
5623,User5623,53.0,,Desktop,Side,Fashion,Smitten,#C84186,200,65,134,Sad,Autumn,257,1
9057,User9057,38.0,,Desktop,,Tech,Chestnut,#954535,149,69,53,Calm,Autumn,216,1
2374,User2374,54.0,Non-Binary,Tablet,Side,Fashion,Blast-off bronze,#A57164,165,113,100,Neutral,Winter,68,0
3352,User3352,,,Desktop,Side,Sports,Bright green,#66FF00,102,255,0,Calm,Monsoon,9,1
7962,User7962,,,Tablet,,Fashion,Bistre brown,#967117,150,113,23,Sad,Autumn,150,1
3561,User3561,37.0,,Desktop,,Food,Warm black,#004242,0,66,66,Happy,Summer,76,1
6114,User6114,42.0,,Mobile,Top,Food,Regalia,#522D80,82,45,128,Angry,Monsoon,109,0
3641,User3641,33.0,Female,Tablet,Top,Home_Decor,Pink pearl,#E7ACCF,231,172,207,Sad,Winter,40,1
2230,User2230,,Non-Binary,Mobile,Bottom,Food,Golden yellow,#FFDF00,255,223,0,Sad,Autumn,151,0
5057,User5057,24.0,Female,,Top,Sports,Mauvelous,#EF98AA,239,152,170,Neutral,Winter,260,0
5194,User5194,53.0,Male,,Top,Tech,American rose,#FF033E,255,3,62,Calm,Autumn,232,1
2137,User2137,,Male,Tablet,Side,Tech,Burnished Brown,#A17A74,161,122,116,Calm,Summer,283,1
8631,User8631,,Female,Desktop,Top,Home_Decor,Light khaki,#F0E68C,240,230,140,Neutral,Monsoon,117,1
3207,User3207,,,Mobile,Top,Home_Decor,Silver Lake blue,#5D89BA,93,137,186,Angry,Summer,15,0
6862,User6862,,,Tablet,,Food,Amaranth purple,#AB274F,171,39,79,Happy,Autumn,198,1
1503,User1503,19.0,Female,Tablet,Side,Sports,Vegas gold,#C5B358,197,179,88,Happy,Spring,228,1
6330,User6330,56.0,Female,Mobile,Side,Food,Cocoa brown,#D2691E,210,105,30,Angry,Monsoon,254,0
2804,User2804,,,Tablet,Bottom,Sports,Daffodil,#FFFF31,255,255,49,Neutral,Winter,253,1
4442,User4442,57.0,,Desktop,Side,Sports,Vivid raspberry,#FF006C,255,0,108,Sad,Autumn,273,0
2795,User2795,62.0,Female,Desktop,,Tech,Middle Red Purple,#A55353,0,83,83,Calm,Summer,295,0
8018,User8018,,,,,Sports,International Klein Blue,#002FA7,0,47,167,Sad,Spring,87,1
8669,User8669,,Non-Binary,Tablet,Top,Fashion,Turkish rose,#B57281,181,114,129,Calm,Autumn,33,0
3803,User3803,,,,Top,Sports,Light salmon,#FFA07A,255,160,122,Sad,Winter,84,1
3025,User3025,30.0,,Mobile,,Tech,Cocoa brown,#D2691E,210,105,30,Neutral,Summer,99,0
920,User920,,,Desktop,Side,Food,Robin egg blue,#00CCCC,0,204,204,Neutral,Monsoon,263,0
7438,User7438,,Non-Binary,Mobile,Side,Sports,Azure mist,#F0FFFF,240,255,255,Angry,Spring,126,1
8692,User8692,,Male,Mobile,,Fashion,Mandarin,#F37A48,243,122,72,Sad,Autumn,128,1
114,User114,38.0,,Desktop,Side,Home_Decor,Blue-magenta violet,#553592,85,53,146,Sad,Autumn,27,0
8872,User8872,50.0,Female,,Top,Food,Urobilin,#E1AD21,225,173,33,Angry,Autumn,220,0
9412,User9412,,,Mobile,Bottom,Home_Decor,Veronica,#A020F0,160,32,240,Angry,Autumn,293,1
3430,User3430,61.0,Male,Desktop,,Fashion,Desaturated cyan,#669999,102,153,153,Neutral,Summer,96,1
9115,User9115,30.0,,Tablet,Side,Tech,Red (Pantone),#ED2939,237,41,57,Neutral,Monsoon,28,0
3367,User3367,,Female,Tablet,Top,Tech,Celestial blue,#4997D0,73,151,208,Sad,Winter,111,0
3037,User3037,36.0,Male,,Side,Food,Pale pink,#FADADD,250,218,221,Neutral,Spring,56,1
2817,User2817,,Female,Tablet,Side,Sports,Grizzly,#885818,136,88,24,Neutral,Autumn,203,0
1474,User1474,31.0,,Desktop,Side,Sports,Cyber yellow,#FFD300,255,211,0,Sad,Autumn,298,1
5748,User5748,,Male,,Side,Home_Decor,Champagne pink,#F1DDCF,241,221,207,Angry,Monsoon,60,1
8097,User8097,,Non-Binary,Tablet,Side,Tech,Green-blue,#1164B4,17,100,180,Sad,Monsoon,198,1
7962,User7962,58.0,,Tablet,,Sports,Tangelo,#F94D00,249,77,0,Happy,Summer,49,1
3117,User3117,21.0,,Tablet,Bottom,Sports,Maximum Yellow,#FAFA37,250,250,55,Sad,Summer,243,1
8115,User8115,20.0,Female,Mobile,Top,Tech,Artichoke,#8F9779,143,151,121,Happy,Summer,236,1
9971,User9971,,Male,Desktop,Side,Tech,Dark powder blue,#003399,0,51,153,Sad,Spring,243,0
6691,User6691,60.0,Non-Binary,,Side,Fashion,Nickel,#727472,114,116,114,Happy,Summer,140,0
5346,User5346,30.0,Non-Binary,Tablet,Top,Home_Decor,Dark tangerine,#FFA812,255,168,18,Happy,Autumn,289,1
414,User414,,,Mobile,Side,Tech,St. Patrick's blue,#23297A,35,41,122,Sad,Summer,17,0
2836,User2836,,Female,Desktop,Top,Fashion,Dark byzantium,#5D3954,93,57,84,Neutral,Spring,33,0
7135,User7135,23.0,,,Top,Tech,Purple Heart,#69359C,105,53,156,Calm,Summer,182,0
4981,User4981,,Male,Tablet,Bottom,Food,Cornsilk,#FFF8DC,255,248,220,Neutral,Summer,297,1
6337,User6337,,,Mobile,Top,Food,Kelly green,#4CBB17,76,187,23,Happy,Autumn,261,1
9992,User9992,,Male,Desktop,Side,Food,Jungle green,#29AB87,41,171,135,Sad,Autumn,112,1
9431,User9431,,Male,Mobile,,Tech,Lemon yellow,#FFF44F,255,244,79,Sad,Autumn,73,1
1650,User1650,29.0,,Desktop,Bottom,Sports,Salmon pink,#FF91A4,255,145,164,Sad,Summer,180,1
5569,User5569,,,Mobile,Bottom,Sports,Pale carmine,#AF4035,175,64,53,Sad,Autumn,187,1
5566,User5566,,Non-Binary,Mobile,Bottom,Food,Feldgrau,#4D5D53,77,93,83,Calm,Monsoon,246,1
3333,User3333,30.0,Male,Tablet,Top,Home_Decor,Mint cream,#F5FFFA,245,255,250,Angry,Winter,198,1
7808,User7808,26.0,Female,Desktop,Top,Fashion,Mode beige,#967117,150,113,23,Happy,Winter,26,1
1529,User1529,20.0,,,Top,Food,Space cadet,#1D2951,29,41,81,Calm,Autumn,15,1
5260,User5260,49.0,,Tablet,Bottom,Fashion,Feldspar,#FDD5B1,253,213,177,Neutral,Spring,289,0
3345,User3345,39.0,,Desktop,Side,Fashion,Firebrick,#B22222,178,34,34,Angry,Autumn,263,1
2337,User2337,40.0,,Desktop,Top,Food,Cerulean,#007BA7,0,123,167,Angry,Autumn,177,1
8127,User8127,,,Tablet,Bottom,Sports,Ceil,#92A1CF,146,161,207,Sad,Summer,209,1
398,User398,28.0,Male,Tablet,Top,Home_Decor,Medium Tuscan red,#79443B,121,68,59,Calm,Spring,252,0
8321,User8321,,Non-Binary,Mobile,,Food,Dark cerulean,#08457E,8,69,126,Neutral,Autumn,263,0
301,User301,59.0,,Tablet,Side,Fashion,Ceil,#92A1CF,146,161,207,Sad,Monsoon,274,1
3169,User3169,23.0,,Desktop,Top,Tech,Dark olive green,#556B2F,85,107,47,Sad,Winter,85,0
8817,User8817,53.0,Male,Tablet,Bottom,Tech,Alloy orange,#C46210,196,98,16,Happy,Monsoon,192,1
6167,User6167,20.0,Male,Mobile,Side,Fashion,Trolley Grey,#808080,128,128,128,Angry,Monsoon,235,1
9010,User9010,23.0,,Desktop,Side,Food,Silver Lake blue,#5D89BA,93,137,186,Neutral,Monsoon,32,0
5037,User5037,64.0,,Desktop,Top,Sports,Medium slate blue,#7B68EE,123,104,238,Angry,Spring,7,0
3118,User3118,57.0,,,Top,Food,Navajo white,#FFDEAD,255,222,173,Calm,Spring,241,1
5276,User5276,42.0,,Tablet,Side,Home_Decor,Violet-red,#F75394,247,83,148,Happy,Spring,185,1
5030,User5030,54.0,,Tablet,,Tech,Honolulu blue,#006DB0,0,109,176,Sad,Winter,8,1
6142,User6142,35.0,,Desktop,Bottom,Fashion,Old burgundy,#43302E,67,48,46,Happy,Summer,76,0
8726,User8726,62.0,,Desktop,,Sports,Deep champagne,#FAD6A5,250,214,165,Sad,Autumn,186,1
7688,User7688,57.0,Male,Mobile,Top,Food,Chamoisee,#A0785A,160,120,90,Happy,Autumn,108,1
2800,User2800,31.0,,Desktop,Side,Home_Decor,Light sea green,#20B2AA,32,178,170,Sad,Summer,276,0
2021,User2021,41.0,Male,Mobile,Bottom,Food,Coral red,#FF4040,255,64,64,Angry,Autumn,291,1
5425,User5425,,Non-Binary,,Side,Home_Decor,Yellow (Pantone),#FEDF00,254,223,0,Angry,Monsoon,91,1
9109,User9109,24.0,,Mobile,,Food,Cyan cobalt blue,#28589C,40,88,156,Angry,Winter,77,0
6,User6,,Female,Desktop,Bottom,Sports,Pixie Powder,#391285,57,18,133,Angry,Autumn,95,0
3060,User3060,,Male,Tablet,,Sports,Fandango,#B53389,181,51,137,Happy,Winter,177,1
7229,User7229,43.0,,Mobile,Top,Fashion,Ochre,#CC7722,204,119,34,Sad,Summer,191,1
2962,User2962,49.0,Non-Binary,Desktop,Top,Sports,Viridian,#40826D,64,130,109,Angry,Autumn,240,0
5520,User5520,,Non-Binary,Desktop,Bottom,Home_Decor,Snow,#FFFAFA,255,250,250,Happy,Winter,166,1
7878,User7878,60.0,,Tablet,Side,Fashion,Medium spring green,#00FA9A,0,250,154,Sad,Monsoon,77,1
7784,User7784,55.0,,,,Sports,Flattery,#6B4423,107,68,35,Happy,Monsoon,229,0
9456,User9456,,,Tablet,,Tech,Blue-magenta violet,#553592,85,53,146,Angry,Summer,234,0
1041,User1041,37.0,,Mobile,,Home_Decor,Light sea green,#20B2AA,32,178,170,Calm,Spring,258,1
1136,User1136,,,Mobile,,Fashion,Shampoo,#FFCFF1,255,207,241,Happy,Autumn,166,1
7138,User7138,26.0,,Tablet,Top,Home_Decor,Dingy Dungeon,#C53151,197,49,81,Angry,Monsoon,254,1
2577,User2577,44.0,Non-Binary,Mobile,Top,Fashion,Spring bud,#A7FC00,167,252,0,Neutral,Monsoon,203,0
928,User928,,Male,Desktop,Side,Home_Decor,Rajah,#FBAB60,251,171,96,Sad,Summer,244,1
2017,User2017,,Male,Tablet,Bottom,Tech,Blue Bell,#A2A2D0,162,162,208,Angry,Monsoon,241,1
7704,User7704,62.0,Male,,,Sports,Persian green,#00A693,0,166,147,Neutral,Autumn,80,0
3345,User3345,39.0,,,,Food,Pale spring bud,#ECEBBD,236,235,189,Happy,Summer,299,1
5324,User5324,,Non-Binary,Mobile,,Food,Trolley Grey,#808080,128,128,128,Happy,Winter,49,1
1710,User1710,37.0,,Tablet,Side,Food,Sap green,#507D2A,80,125,42,Neutral,Summer,183,1
8252,User8252,,Male,Tablet,Side,Fashion,Hooker's green,#49796B,73,121,107,Neutral,Autumn,226,1
4742,User4742,31.0,Male,Desktop,Bottom,Sports,Mahogany,#C04000,192,64,0,Sad,Autumn,21,1
2804,User2804,,Female,,,Fashion,Rich black (FOGRA39),#010203,1,2,3,Happy,Winter,223,1
2174,User2174,36.0,Female,Desktop,Bottom,Fashion,Spanish bistre,#807532,128,117,50,Neutral,Summer,88,1
6658,User6658,60.0,,Mobile,,Fashion,Fiery Rose,#FF5470,255,84,112,Calm,Autumn,195,0
9990,User9990,25.0,Male,Desktop,Side,Fashion,Orchid,#DA70D6,218,112,214,Calm,Autumn,136,1
3552,User3552,37.0,Male,Desktop,Bottom,Sports,Tuscan tan,#A67B5B,166,123,91,Neutral,Winter,291,0
2337,User2337,,Male,Desktop,Top,Food,Prune,#701C1C,112,28,28,Sad,Spring,98,1
6086,User6086,24.0,Male,Desktop,,Home_Decor,Sea Foam Green,#9FE2BF,195,226,191,Happy,Summer,99,1
1805,User1805,,Male,Mobile,,Fashion,Guppie green,#00FF7F,0,255,127,Calm,Autumn,188,1
5501,User5501,28.0,Non-Binary,Mobile,Bottom,Sports,Eerie black,#1B1B1B,27,27,27,Neutral,Monsoon,136,1
8269,User8269,20.0,,Desktop,Side,Tech,Medium electric blue,#035096,3,80,150,Neutral,Winter,86,0
5227,User5227,,,Mobile,Top,Home_Decor,Gray-asparagus,#465945,70,89,69,Angry,Spring,116,1
3101,User3101,22.0,Male,Desktop,Side,Fashion,Very light blue,#6666FF,102,102,255,Neutral,Spring,55,0
9842,User9842,43.0,Non-Binary,Mobile,Top,Fashion,Wintergreen Dream,#56887D,86,136,125,Sad,Winter,298,1
6771,User6771,,,Desktop,Side,Home_Decor,University of California Gold,#B78727,183,135,39,Calm,Spring,193,1
5141,User5141,,Male,Desktop,Bottom,Home_Decor,Indigo,#4B0082,75,0,130,Angry,Autumn,212,0
6188,User6188,,Male,Desktop,Bottom,Fashion,Lavender (floral),#B57EDC,181,126,220,Calm,Spring,153,1
6679,User6679,,Male,Tablet,Bottom,Sports,Dutch white,#EFDFBB,239,223,187,Calm,Summer,269,1
8081,User8081,38.0,,Tablet,Bottom,Tech,Burnt sienna,#E97451,233,116,81,Sad,Monsoon,285,1
4254,User4254,19.0,Male,Desktop,Bottom,Sports,Rufous,#A81C07,168,28,7,Neutral,Autumn,117,1
518,User518,29.0,Male,Tablet,Bottom,Food,Cadmium red,#E30022,227,0,34,Sad,Winter,40,1
8067,User8067,,,Tablet,Side,Food,Raspberry glace,#915F6D,145,95,109,Neutral,Monsoon,115,0
9347,User9347,53.0,Male,,Bottom,Food,Eminence,#6C3082,108,48,130,Angry,Autumn,175,0
5812,User5812,,Non-Binary,Mobile,Top,Fashion,Very pale yellow,#FFFFBF,255,255,191,Sad,Monsoon,82,0
3245,User3245,40.0,Male,Desktop,Side,Tech,Catawba,#703642,112,54,66,Sad,Spring,32,1
2060,User2060,57.0,,,Top,Tech,Classic rose,#FBCCE7,251,204,231,Happy,Winter,49,0
2578,User2578,,Male,Mobile,Top,Fashion,Medium purple,#9370DB,147,112,219,Sad,Winter,146,0
6620,User6620,52.0,Female,Tablet,Top,Fashion,Tufts Blue,#3E8EDE,62,142,222,Happy,Summer,19,1
8947,User8947,22.0,Male,Desktop,,Fashion,Tuscan,#FAD6A5,250,214,165,Neutral,Spring,132,1
64,User64,63.0,Non-Binary,Tablet,,Tech,Orange (RYB),#FB9902,251,153,2,Neutral,Summer,171,0
2913,User2913,57.0,,Mobile,Side,Fashion,Electric purple,#BF00FF,191,0,255,Neutral,Summer,157,1
6634,User6634,,Female,Desktop,,Home_Decor,Persian indigo,#32127A,50,18,122,Happy,Spring,67,0
188,User188,56.0,,Tablet,Bottom,Home_Decor,Magnolia,#F8F4FF,248,244,255,Neutral,Autumn,63,1
3429,User3429,,,Tablet,Side,Home_Decor,Battery Charged Blue,#1DACD6,29,172,214,Calm,Summer,207,1
5807,User5807,41.0,Male,Desktop,Side,Fashion,Black leather jacket,#253529,37,53,41,Sad,Monsoon,161,0
749,User749,,,Mobile,,Home_Decor,Cherry,#DE3163,222,49,99,Happy,Autumn,7,1
8063,User8063,,,Tablet,Bottom,Fashion,Absolute zero,#0048BA,0,72,186,Neutral,Spring,43,0
5878,User5878,,,Tablet,Bottom,Home_Decor,Thistle,#D8BFD8,216,191,216,Calm,Winter,282,1
2096,User2096,48.0,Non-Binary,Desktop,Top,Fashion,British racing green,#004225,0,66,37,Sad,Autumn,105,1
1719,User1719,,,,,Sports,Light carmine pink,#E66771,230,103,113,Sad,Summer,173,0
8684,User8684,,Non-Binary,Tablet,,Food,Bright turquoise,#08E8DE,8,232,222,Neutral,Monsoon,24,1
9431,User9431,,Male,,,Sports,Candy apple red,#FF0800,255,8,0,Calm,Spring,145,1
1505,User1505,18.0,Male,Desktop,Top,Food,Olivine,#9AB973,154,185,115,Happy,Winter,279,0
2336,User2336,32.0,,,Side,Food,Dirt,#9B7653,155,118,83,Neutral,Monsoon,197,1
7944,User7944,62.0,,Tablet,,Home_Decor,Pine green,#01796F,1,121,111,Sad,Winter,156,0
1586,User1586,38.0,Non-Binary,,Top,Food,Little boy blue,#6CA0DC,108,160,220,Sad,Spring,240,1
4211,User4211,,Male,Mobile,,Food,French mauve,#D473D4,212,115,212,Sad,Autumn,298,0
1305,User1305,,Female,Tablet,Top,Sports,KSU Purple,#512888,79,38,131,Neutral,Summer,212,1
9294,User9294,50.0,Non-Binary,,Side,Food,Fuchsia pink,#FF77FF,255,119,255,Angry,Spring,41,0
6811,User6811,24.0,,Mobile,,Fashion,Rich brilliant lavender,#F1A7FE,241,167,254,Angry,Monsoon,82,1
5748,User5748,,Male,Desktop,Side,Fashion,Sugar Plum,#914E75,145,78,117,Angry,Autumn,176,1
9400,User9400,,Non-Binary,,Side,Home_Decor,Boysenberry,#873260,135,50,96,Calm,Winter,49,1
2137,User2137,,Male,,Side,Sports,Amaranth deep purple,#9F2B68,159,43,104,Neutral,Autumn,88,1
6287,User6287,40.0,Female,Tablet,Bottom,Tech,Vermilion,#E34234,227,66,52,Sad,Autumn,97,1
8127,User8127,,Male,Tablet,Bottom,Sports,Dark spring green,#177245,23,114,69,Calm,Monsoon,158,1
5647,User5647,46.0,Female,Tablet,Side,Tech,Dark raspberry,#872657,135,38,87,Angry,Summer,110,1
2509,User2509,,,,Side,Food,Olive Drab #7,#3C341F,60,52,31,Happy,Autumn,213,0
7781,User7781,33.0,,Desktop,Top,Tech,Wine dregs,#673147,103,49,71,Calm,Autumn,208,0
3601,User3601,,,Mobile,Bottom,Food,Green (RYB),#66B032,102,176,50,Calm,Summer,252,1
2481,User2481,50.0,Non-Binary,Mobile,Side,Sports,Booger Buster,#DDE26A,221,226,106,Neutral,Summer,230,0
2125,User2125,,Female,Tablet,Top,Sports,Medium candy apple red,#E2062C,226,6,44,Calm,Winter,52,1
8957,User8957,,Female,Mobile,,Home_Decor,Asparagus,#87A96B,135,169,107,Neutral,Winter,250,1
2403,User2403,38.0,,Desktop,Bottom,Home_Decor,Dark pink,#E75480,231,84,128,Happy,Summer,35,0
2334,User2334,,Non-Binary,Desktop,Top,Food,University of California Gold,#B78727,183,135,39,Sad,Spring,187,0
182,User182,,Female,,Side,Food,Falu red,#801818,128,24,24,Sad,Summer,261,0
4910,User4910,,Female,Desktop,Top,Fashion,Iris,#5A4FCF,90,79,207,Angry,Winter,130,0
2542,User2542,58.0,Non-Binary,Mobile,Side,Fashion,Solid pink,#893843,137,56,67,Angry,Monsoon,223,1
4848,User4848,,,Desktop,Bottom,Fashion,Dark slate gray,#2F4F4F,47,79,79,Happy,Monsoon,249,1
2691,User2691,,,,Bottom,Sports,Han purple,#5218FA,82,24,250,Sad,Autumn,143,1
4697,User4697,,,,Side,Tech,Charm pink,#E68FAC,230,143,172,Angry,Monsoon,231,1
3846,User3846,38.0,Non-Binary,,Bottom,Food,Beige,#F5F5DC,245,245,220,Calm,Winter,261,1
795,User795,,,,Top,Home_Decor,Grizzly,#885818,136,88,24,Neutral,Monsoon,259,0
2290,User2290,41.0,,Tablet,Top,Food,Dark turquoise,#00CED1,0,206,209,Angry,Spring,74,1
7138,User7138,26.0,Male,Tablet,Top,Tech,Spanish viridian,#007F5C,0,127,92,Happy,Summer,70,1
7526,User7526,,,Tablet,Side,Food,Marigold,#EAA221,234,162,33,Sad,Summer,6,1
3236,User3236,56.0,,Mobile,Bottom,Home_Decor,Liseran Purple,#DE6FA1,222,111,161,Happy,Winter,273,1
58,User58,36.0,Female,Mobile,Top,Home_Decor,Yellow Orange,#FFAE42,255,174,66,Neutral,Autumn,133,1
5768,User5768,,Male,,Side,Tech,Rufous,#A81C07,168,28,7,Neutral,Summer,150,0
3335,User3335,24.0,Male,,Top,Home_Decor,Tiffany Blue,#0ABAB5,10,186,181,Happy,Monsoon,117,1
1141,User1141,,Male,Desktop,Bottom,Sports,Vivid tangelo,#F07427,240,116,39,Angry,Spring,292,1
4429,User4429,34.0,,Mobile,Top,Home_Decor,Lavender magenta,#EE82EE,238,130,238,Angry,Autumn,100,1
4193,User4193,23.0,Male,Mobile,,Tech,Shocking pink,#FC0FC0,252,15,192,Sad,Autumn,271,0
775,User775,,Female,Mobile,Top,Tech,Dark slate blue,#483D8B,72,61,139,Sad,Autumn,12,1
1204,User1204,38.0,Female,,Top,Food,Rich electric blue,#0892D0,8,146,208,Calm,Summer,224,0
6582,User6582,28.0,Non-Binary,Mobile,Top,Home_Decor,Medium Persian blue,#0067A5,0,103,165,Calm,Autumn,217,0
5276,User5276,42.0,,Tablet,Side,Home_Decor,Medium slate blue,#7B68EE,123,104,238,Sad,Winter,106,1
3990,User3990,28.0,,Tablet,Side,Tech,Daffodil,#FFFF31,255,255,49,Calm,Monsoon,170,1
8817,User8817,53.0,Male,Tablet,,Food,Iguana Green,#71BC78,113,188,120,Happy,Spring,266,1
6127,User6127,34.0,Non-Binary,Desktop,Side,Food,Buff,#F0DC82,240,220,130,Angry,Monsoon,6,0
9125,User9125,,Male,Mobile,Side,Sports,Rackley,#5D8AA8,93,138,168,Calm,Winter,206,0
8361,User8361,,,Mobile,Side,Sports,Cosmic Cobalt,#2E2D88,46,45,136,Calm,Winter,187,1
3018,User3018,,,Desktop,,Tech,Dark sky blue,#8CBED6,140,190,214,Happy,Monsoon,263,0
2129,User2129,47.0,,Tablet,Bottom,Food,Royal blue,#4169E1,65,105,225,Neutral,Summer,232,1
2471,User2471,,,Tablet,Bottom,Food,Pastel green,#77DD77,119,221,119,Sad,Winter,204,0
3323,User3323,48.0,,Tablet,Side,Sports,Ube,#8878C3,136,120,195,Happy,Autumn,30,1
1214,User1214,26.0,Female,Mobile,Bottom,Sports,Marigold,#EAA221,234,162,33,Neutral,Spring,106,1
8253,User8253,,Non-Binary,Desktop,Bottom,Tech,Dark pastel blue,#779ECB,119,158,203,Happy,Spring,140,1
5520,User5520,,Non-Binary,Desktop,,Food,Old mauve,#673147,103,49,71,Angry,Winter,201,1
7661,User7661,48.0,,Mobile,Side,Tech,Silver chalice,#ACACAC,172,172,172,Happy,Autumn,34,1
6143,User6143,29.0,Non-Binary,,Bottom,Sports,Light coral,#F08080,240,128,128,Happy,Monsoon,137,1
9723,User9723,,Female,Mobile,Side,Home_Decor,Ghost white,#F8F8FF,248,248,255,Angry,Spring,260,1
5881,User5881,26.0,Non-Binary,Tablet,,Sports,Fuchsia,#FF00FF,255,0,255,Sad,Autumn,24,1
7266,User7266,,,Tablet,Bottom,Food,Orange (Crayola),#FF7538,255,117,56,Neutral,Autumn,25,1
5783,User5783,,Male,,Bottom,Tech,Pale lavender,#DCD0FF,220,208,255,Calm,Summer,45,1
5110,User5110,44.0,Female,Tablet,Top,Food,Titanium yellow,#EEE600,238,230,0,Sad,Winter,156,1
7969,User7969,,Non-Binary,Mobile,,Sports,Macaroni and Cheese,#FFBD88,255,189,136,Happy,Autumn,6,0
1305,User1305,,,Tablet,Top,Sports,Cotton candy,#FFBCD9,255,188,217,Calm,Monsoon,48,1
3541,User3541,,,Mobile,Side,Fashion,Wenge,#645452,100,84,82,Angry,Spring,45,0
2311,User2311,,,Desktop,,Sports,Deep maroon,#820000,130,0,0,Sad,Summer,267,1
786,User786,,,Mobile,,Food,Mughal green,#306030,48,96,48,Neutral,Monsoon,298,0
2124,User2124,,Male,,Top,Tech,Capri,#00BFFF,0,191,255,Sad,Spring,177,1
4620,User4620,43.0,,Mobile,Side,Tech,Barbie pink,#E0218A,224,33,138,Sad,Winter,13,1
1616,User1616,21.0,Male,Tablet,,Fashion,Orange Soda,#FA5B3D,250,91,61,Calm,Monsoon,57,0
7941,User7941,41.0,,,Bottom,Food,Cal Poly Pomona green,#1E4D2B,30,77,43,Angry,Spring,288,1
3336,User3336,26.0,Non-Binary,Desktop,Bottom,Sports,Giant's Club,#B05C52,176,92,82,Angry,Summer,132,1
1767,User1767,,Non-Binary,Tablet,,Home_Decor,Iceberg,#71A6D2,113,166,210,Sad,Spring,23,0
1136,User1136,,,Mobile,Side,Tech,Strawberry,#FC5A8D,252,90,141,Angry,Autumn,136,1
8948,User8948,25.0,,Mobile,,Food,Fluorescent pink,#FF1493,255,20,147,Calm,Summer,17,1
5242,User5242,31.0,Male,Mobile,Side,Fashion,Pale blue,#AFEEEE,175,238,238,Calm,Monsoon,224,0
8994,User8994,34.0,Female,Mobile,Bottom,Home_Decor,Chrome yellow,#FFA700,255,167,0,Neutral,Winter,271,1
6669,User6669,38.0,Female,,Side,Food,Forest green (traditional),#014421,1,68,33,Angry,Summer,249,1
3854,User3854,,,Tablet,Bottom,Sports,Egyptian blue,#1034A6,16,52,166,Neutral,Summer,262,1
7878,User7878,60.0,,Tablet,,Tech,Medium Tuscan red,#79443B,121,68,59,Happy,Summer,144,1
9220,User9220,21.0,,Mobile,,Sports,Bittersweet shimmer,#BF4F51,191,79,81,Calm,Spring,251,1
8283,User8283,,,Desktop,Bottom,Fashion,Safety orange (blaze orange),#FF6700,255,103,0,Sad,Autumn,236,0
6722,User6722,64.0,Non-Binary,Mobile,,Tech,Mauve taupe,#915F6D,145,95,109,Calm,Winter,60,0
3325,User3325,,Male,Mobile,Bottom,Home_Decor,Gray (X11 gray),#BEBEBE,190,190,190,Happy,Winter,92,1
6409,User6409,52.0,Male,Desktop,,Tech,Yellow-green,#9ACD32,154,205,50,Sad,Autumn,258,1
4702,User4702,,Female,Tablet,Bottom,Sports,Tangerine yellow,#FFCC00,255,204,0,Angry,Spring,56,0
1356,User1356,37.0,,Tablet,,Food,Red (Crayola),#EE204D,238,32,77,Angry,Spring,251,0
8708,User8708,,,Mobile,Top,Food,Deep lilac,#9955BB,153,85,187,Calm,Autumn,256,0
3802,User3802,48.0,,Mobile,Top,Food,Silver Lake blue,#5D89BA,93,137,186,Sad,Autumn,129,0
3390,User3390,,,Desktop,Top,Fashion,Army green,#4B5320,75,83,32,Sad,Monsoon,205,0
8613,User8613,31.0,,Tablet,,Fashion,Light salmon pink,#FF9999,255,153,153,Neutral,Spring,136,0
9822,User9822,,,,Side,Food,Camel,#C19A6B,193,154,107,Happy,Summer,181,0
3236,User3236,,Female,,Bottom,Home_Decor,Cosmic Cobalt,#2E2D88,46,45,136,Angry,Winter,56,1
5942,User5942,,Non-Binary,Tablet,,Sports,Harlequin,#3FFF00,63,255,0,Calm,Spring,38,1
3517,User3517,18.0,Non-Binary,Tablet,Bottom,Home_Decor,Medium violet-red,#C71585,199,21,133,Sad,Autumn,26,0
3889,User3889,,Male,Desktop,Top,Food,Heidelberg Red[2],#960018,150,0,24,Angry,Summer,145,0
2174,User2174,36.0,Female,,Bottom,Sports,Pale chestnut,#DDADAF,221,173,175,Calm,Monsoon,275,1
3846,User3846,38.0,Non-Binary,Tablet,Bottom,Fashion,Bondi blue,#0095B6,0,149,182,Angry,Monsoon,172,1
4676,User4676,21.0,Non-Binary,Mobile,Side,Tech,Carmine,#960018,150,0,24,Calm,Summer,42,0
7369,User7369,51.0,,Tablet,Bottom,Tech,Sweet Brown,#A83731,168,55,49,Angry,Summer,250,0
6258,User6258,,Non-Binary,Tablet,,Sports,Cadet,#536872,83,104,114,Neutral,Autumn,239,1
8862,User8862,,,,Side,Home_Decor,Independence,#4C516D,76,81,109,Happy,Autumn,59,1
6188,User6188,20.0,Male,Desktop,Bottom,Sports,Wageningen Green,#34B233,52,178,51,Angry,Winter,124,1
4058,User4058,33.0,,Tablet,Bottom,Home_Decor,Pale chestnut,#DDADAF,221,173,175,Happy,Winter,70,1
4957,User4957,58.0,Male,Desktop,Bottom,Home_Decor,Slate blue,#6A5ACD,106,90,205,Angry,Monsoon,170,1
2348,User2348,,,Mobile,Side,Tech,Smashed Pumpkin,#FF6D3A,255,109,58,Sad,Summer,214,0
7511,User7511,31.0,Female,,Side,Fashion,French fuchsia,#FD3F92,253,63,146,Neutral,Monsoon,79,1
1474,User1474,,,Desktop,Side,Food,Eucalyptus,#44D7A8,68,215,168,Neutral,Autumn,138,1
1387,User1387,61.0,Male,Mobile,Top,Fashion,Hot pink,#FF69B4,255,105,180,Happy,Spring,269,0
6153,User6153,30.0,,Mobile,Side,Food,Folly,#FF004F,255,0,79,Sad,Autumn,178,1
7466,User7466,47.0,,Mobile,,Tech,Middle Blue Green,#8DD9CC,141,217,204,Calm,Spring,247,1
973,User973,37.0,,Mobile,Bottom,Food,Fuchsia purple,#CC397B,204,57,123,Neutral,Summer,93,1
7709,User7709,22.0,,,Top,Home_Decor,Egyptian blue,#1034A6,16,52,166,Sad,Summer,254,0
4086,User4086,,Female,Desktop,Top,Sports,Medium carmine,#AF4035,175,64,53,Sad,Summer,35,1
8753,User8753,,Non-Binary,Tablet,Top,Food,Eggshell,#F0EAD6,240,234,214,Happy,Winter,281,1
6487,User6487,19.0,Male,Tablet,Side,Fashion,Dark slate gray,#2F4F4F,47,79,79,Sad,Winter,42,1
5734,User5734,,Male,Desktop,Side,Tech,Spanish sky blue,#00FFFF,0,255,255,Sad,Spring,142,0
6011,User6011,,Non-Binary,,Top,Tech,Midnight green (eagle green),#004953,0,73,83,Calm,Monsoon,80,0
4781,User4781,43.0,Male,Tablet,,Sports,Smashed Pumpkin,#FF6D3A,255,109,58,Happy,Monsoon,257,0
3692,User3692,,Non-Binary,Desktop,,Home_Decor,UA blue,#0033AA,0,51,170,Happy,Spring,83,0
3660,User3660,,,Mobile,Top,Home_Decor,Light sky blue,#87CEFA,135,206,250,Sad,Winter,42,0
5276,User5276,42.0,,Tablet,,Tech,Charm pink,#E68FAC,230,143,172,Calm,Autumn,167,1
3429,User3429,59.0,,Tablet,Side,Home_Decor,Deep violet,#330066,51,0,102,Angry,Spring,132,1
5818,User5818,,,,Top,Sports,AuroMetalSaurus,#6E7F80,110,127,128,Neutral,Monsoon,162,1
4742,User4742,31.0,Male,Desktop,Bottom,Tech,Shocking pink,#FC0FC0,252,15,192,Happy,Spring,87,1
4057,User4057,,,Desktop,Side,Home_Decor,Waterspout,#A4F4F9,164,244,249,Calm,Spring,221,1
2959,User2959,,Male,Tablet,Bottom,Food,Bright turquoise,#08E8DE,8,232,222,Calm,Summer,206,0
6094,User6094,,Non-Binary,Tablet,,Food,Rocket metallic,#8A7F80,138,127,128,Sad,Winter,282,1
900,User900,51.0,,Mobile,Side,Home_Decor,New Car,#214FC6,33,79,198,Neutral,Summer,156,0
2192,User2192,,Male,Mobile,,Food,UA blue,#0033AA,0,51,170,Happy,Winter,30,0
8127,User8127,,Male,Tablet,Bottom,Sports,Desaturated cyan,#669999,102,153,153,Angry,Spring,258,1
5968,User5968,,,,Side,Fashion,Glossy Grape,#AB92B3,171,146,179,Sad,Winter,255,1
3345,User3345,,Male,,Side,Sports,Palatinate blue,#273BE2,39,59,226,Happy,Monsoon,171,1
8753,User8753,,Non-Binary,Tablet,Top,Sports,Lime (color wheel),#BFFF00,191,255,0,Happy,Summer,144,1
9676,User9676,21.0,,,Top,Home_Decor,Malachite,#0BDA51,11,218,81,Calm,Spring,233,1
4058,User4058,,,Tablet,Bottom,Sports,Marigold,#EAA221,234,162,33,Neutral,Monsoon,77,1
2573,User2573,27.0,Male,Mobile,Side,Home_Decor,Bitter lime,#BFFF00,191,255,0,Angry,Winter,240,0
4266,User4266,,,Desktop,Side,Tech,Black Coral,#54626F,84,98,111,Neutral,Winter,199,1
3368,User3368,,,Tablet,Top,Home_Decor,Chocolate (traditional),#7B3F00,123,63,0,Calm,Monsoon,92,0
2239,User2239,,Female,,Bottom,Home_Decor,Amaranth,#E52B50,229,43,80,Angry,Winter,101,1
8018,User8018,,,Desktop,Side,Tech,Orchid,#DA70D6,218,112,214,Angry,Summer,170,1
5531,User5531,34.0,,Desktop,Top,Fashion,Cadet blue,#5F9EA0,95,158,160,Sad,Autumn,207,1
9876,User9876,,,Mobile,,Tech,Han blue,#446CCF,68,108,207,Angry,Winter,191,0
4366,User4366,43.0,,Desktop,Side,Home_Decor,Deep jungle green,#004B49,0,75,73,Happy,Spring,279,0
4429,User4429,34.0,,Mobile,,Food,Majorelle Blue,#6050DC,96,80,220,Neutral,Winter,24,1
911,User911,32.0,Non-Binary,Desktop,Top,Home_Decor,Spanish violet,#4C2882,76,40,130,Neutral,Spring,77,1
8994,User8994,34.0,Female,,Bottom,Tech,Caput mortuum,#592720,89,39,32,Sad,Winter,86,1
8753,User8753,,Non-Binary,,Top,Home_Decor,Middle Purple,#D982B5,217,130,181,Angry,Winter,31,1
4828,User4828,,Male,,Side,Tech,Liver (dogs),#B86D29,184,109,41,Calm,Spring,145,0
6657,User6657,22.0,,Desktop,Bottom,Sports,Utah Crimson,#D3003F,211,0,63,Happy,Summer,51,1
9290,User9290,61.0,,Desktop,Bottom,Fashion,Gray (X11 gray),#BEBEBE,190,190,190,Sad,Autumn,116,1
2309,User2309,22.0,Male,Tablet,Bottom,Fashion,Plum (web),#DDA0DD,221,160,221,Angry,Autumn,239,1
8041,User8041,,,Mobile,Bottom,Tech,Bright lavender,#BF94E4,191,148,228,Calm,Summer,155,1
9078,User9078,,Male,Tablet,Side,Fashion,Japanese violet,#5B3256,91,50,86,Angry,Winter,130,0
5198,User5198,47.0,Male,Desktop,Bottom,Food,USC Gold,#FFCC00,255,204,0,Sad,Autumn,11,1
9789,User9789,36.0,,Tablet,Side,Food,Infra Red,#FF496C,255,73,108,Calm,Summer,54,1
1635,User1635,,Female,Tablet,Top,Fashion,French puce,#4E1609,78,22,9,Calm,Summer,70,1
4461,User4461,64.0,Female,Tablet,,Tech,Gargoyle Gas,#FFDF46,255,223,70,Calm,Autumn,171,0
1257,User1257,24.0,Female,Desktop,Top,Food,Rich black (FOGRA29),#010B13,1,11,19,Calm,Spring,256,0
7992,User7992,,,Desktop,Bottom,Fashion,Middle Blue Green,#8DD9CC,141,217,204,Angry,Monsoon,267,0
5030,User5030,54.0,,Tablet,Top,Home_Decor,Chlorophyll green,#4AFF00,74,255,0,Calm,Spring,200,1
990,User990,,,,Side,Food,Burgundy,#800020,128,0,32,Angry,Winter,187,0
2983,User2983,27.0,,Desktop,Side,Sports,Italian sky blue,#B2FFFF,178,255,255,Calm,Spring,268,0
8278,User8278,,,Mobile,Top,Food,Deep koamaru,#333366,51,51,102,Calm,Monsoon,292,1
1446,User1446,,,Desktop,Bottom,Fashion,Tropical rain forest,#00755E,0,117,94,Sad,Monsoon,279,1
2469,User2469,,Non-Binary,Mobile,,Fashion,Deep green-cyan turquoise,#0E7C61,14,124,97,Angry,Summer,122,0
8994,User8994,34.0,Female,Mobile,Bottom,Fashion,Cardinal,#C41E3A,196,30,58,Angry,Winter,281,1
2177,User2177,23.0,Non-Binary,,Side,Tech,Light pink,#FFB6C1,255,182,193,Neutral,Summer,136,0
119,User119,59.0,,,Top,Tech,Royal fuchsia,#CA2C92,202,44,146,Sad,Spring,151,1
3902,User3902,,Male,Mobile,Side,Home_Decor,Candy pink,#E4717A,228,113,122,Angry,Spring,33,0
2808,User2808,,Non-Binary,Mobile,Bottom,Home_Decor,Sea green,#2E8B57,46,139,87,Sad,Autumn,229,0
6099,User6099,,,Mobile,Top,Food,Mummy's Tomb,#828E84,130,142,132,Sad,Summer,143,0
9736,User9736,,,Desktop,Bottom,Fashion,Persian orange,#D99058,217,144,88,Sad,Summer,293,1
9806,User9806,58.0,Male,Tablet,,Home_Decor,Ruddy pink,#E18E96,225,142,150,Happy,Summer,285,1
9676,User9676,21.0,,Mobile,Top,Fashion,Royal blue,#002366,0,35,102,Angry,Summer,30,1
5227,User5227,24.0,,Mobile,Top,Food,Banana yellow,#FFE135,255,225,53,Sad,Monsoon,296,1
775,User775,,Female,Mobile,Top,Tech,Antique brass,#CD9575,205,149,117,Happy,Autumn,271,1
8883,User8883,,,Mobile,,Home_Decor,Denim Blue,#2243B6,34,67,182,Happy,Winter,290,1
7878,User7878,60.0,,,Side,Sports,Blue (Crayola),#1F75FE,31,117,254,Calm,Winter,101,1
1122,User1122,49.0,Non-Binary,Tablet,,Sports,Very pale orange,#FFDFBF,255,223,191,Calm,Winter,142,1
8577,User8577,,,Mobile,,Sports,Rich lavender,#A76BCF,167,107,207,Angry,Monsoon,285,0
5968,User5968,,,Tablet,Side,Sports,Amazon,#3B7A57,59,122,87,Calm,Autumn,100,1
1630,User1630,,,Tablet,Side,Sports,Metallic Sunburst,#9C7C38,156,124,56,Angry,Autumn,61,0
370,User370,,,,,Sports,Steel Teal,#5F8A8B,95,138,139,Happy,Monsoon,127,0
3299,User3299,44.0,Non-Binary,Tablet,Side,Sports,Shadow blue,#778BA5,119,139,165,Happy,Summer,235,1
6636,User6636,,Male,Tablet,Bottom,Home_Decor,Barbie pink,#E0218A,224,33,138,Angry,Spring,294,0
7085,User7085,,Non-Binary,Desktop,,Sports,Lavender purple,#967BB6,150,123,182,Calm,Summer,90,0
4086,User4086,,Female,Desktop,Top,Sports,Twilight lavender,#8A496B,138,73,107,Calm,Winter,55,1
9676,User9676,21.0,,Mobile,Top,Food,Sunny,#F2F27A,242,242,122,Angry,Summer,232,1
1539,User1539,43.0,,Mobile,Bottom,Home_Decor,Debian red,#D70A53,215,10,83,Neutral,Monsoon,10,1
6318,User6318,,Male,Tablet,,Food,Brandeis blue,#0070FF,0,112,255,Calm,Winter,277,0
5780,User5780,,Female,Mobile,Bottom,Fashion,French fuchsia,#FD3F92,253,63,146,Sad,Spring,6,1
2021,User2021,41.0,Male,Mobile,Bottom,Sports,Lemon meringue,#F6EABE,246,234,190,Calm,Winter,280,1
8400,User8400,,,Tablet,Bottom,Tech,Magenta (dye),#CA1F7B,202,31,123,Neutral,Summer,95,1
4924,User4924,,Non-Binary,Desktop,,Sports,Light apricot,#FDD5B1,253,213,177,Happy,Autumn,266,0
6501,User6501,49.0,Male,,Bottom,Sports,Persian red,#CC3333,204,51,51,Happy,Autumn,246,0
7367,User7367,35.0,,Mobile,,Food,Dark brown,#654321,101,67,33,Happy,Autumn,250,0
8127,User8127,,,Tablet,Bottom,Fashion,Selective yellow,#FFBA00,255,186,0,Calm,Winter,83,1
4756,User4756,59.0,Non-Binary,,Bottom,Food,Lavender blue,#CCCCFF,204,204,255,Happy,Autumn,62,1
4136,User4136,47.0,,,Bottom,Home_Decor,Maximum Yellow,#FAFA37,250,250,55,Neutral,Monsoon,229,0
9789,User9789,36.0,,Tablet,Side,Fashion,Shiny Shamrock,#5FA778,95,167,120,Neutral,Spring,206,1
2934,User2934,26.0,Non-Binary,Desktop,Top,Fashion,Champagne,#F7E7CE,247,231,206,Calm,Autumn,10,1
7122,User7122,,Female,Desktop,Side,Fashion,Bright cerulean,#1DACD6,29,172,214,Sad,Monsoon,34,0
1305,User1305,,Female,Tablet,,Food,Gray (HTML/CSS gray),#808080,128,128,128,Calm,Monsoon,155,1
5100,User5100,42.0,,Mobile,,Sports,Raspberry glace,#915F6D,145,95,109,Happy,Winter,40,1
5921,User5921,,,,Side,Sports,Red (Crayola),#EE204D,238,32,77,Calm,Winter,114,1
2044,User2044,31.0,,Mobile,Top,Sports,Kiwi,#8EE53F,142,229,63,Neutral,Spring,125,1
2934,User2934,,Non-Binary,Desktop,,Sports,Nadeshiko pink,#F6ADC6,246,173,198,Calm,Spring,245,1
3682,User3682,44.0,,,Bottom,Sports,Cornsilk,#FFF8DC,255,248,220,Calm,Summer,263,0
6581,User6581,33.0,,Mobile,Bottom,Home_Decor,University of Tennessee Orange,#F77F00,247,127,0,Sad,Spring,94,1
3322,User3322,37.0,,Mobile,Side,Tech,Cinnamon[citation needed],#D2691E,210,105,30,Neutral,Winter,34,0
6143,User6143,29.0,Non-Binary,Mobile,,Fashion,Carnelian,#B31B1B,179,27,27,Angry,Monsoon,241,1
316,User316,42.0,Non-Binary,Desktop,Top,Tech,Alabaster,#F2F0E6,242,240,230,Angry,Summer,174,1
6669,User6669,38.0,Female,,Side,Home_Decor,Sunset orange,#FD5E53,253,94,83,Neutral,Spring,153,1
7850,User7850,,,,,Sports,Snow,#FFFAFA,255,250,250,Angry,Monsoon,92,0
3236,User3236,56.0,,Mobile,,Home_Decor,Magic mint,#AAF0D1,170,240,209,Happy,Winter,8,1
7152,User7152,32.0,,,Side,Home_Decor,Green (pigment),#00A550,0,165,80,Angry,Autumn,256,1
1529,User1529,20.0,,Mobile,Top,Tech,Black,#000000,0,0,0,Happy,Summer,55,1
5308,User5308,,Non-Binary,Desktop,Side,Fashion,AuroMetalSaurus,#6E7F80,110,127,128,Neutral,Monsoon,28,1
2129,User2129,,,Tablet,Bottom,Food,Pale cerulean,#9BC4E2,155,196,226,Angry,Winter,50,1
2125,User2125,,Female,,Top,Food,Rose quartz,#AA98A9,170,152,169,Angry,Winter,120,1
4227,User4227,48.0,,Desktop,Top,Fashion,Maroon (Crayola),#C32148,195,33,72,Happy,Summer,31,0
9231,User9231,,,Desktop,Top,Sports,Duke blue,#00009C,0,0,156,Happy,Summer,99,1
5500,User5500,,,,,Home_Decor,Red (Crayola),#EE204D,238,32,77,Calm,Spring,103,0
9400,User9400,,,Mobile,Side,Sports,Rose madder,#E32636,227,38,54,Sad,Spring,120,1
9266,User9266,38.0,,,Bottom,Home_Decor,Cherry blossom pink,#FFB7C5,255,183,197,Angry,Summer,280,1
6072,User6072,40.0,,Desktop,,Food,Rose gold,#B76E79,183,110,121,Sad,Summer,99,0
4756,User4756,,Non-Binary,Mobile,Bottom,Fashion,Vivid sky blue,#00CCFF,0,204,255,Sad,Monsoon,203,1
1503,User1503,,Female,,Side,Tech,Corn,#FBEC5D,251,236,93,Angry,Spring,150,1
2576,User2576,31.0,,Tablet,Bottom,Tech,Cobalt Blue,#0047AB,0,71,171,Happy,Winter,159,0
728,User728,,Male,Tablet,Bottom,Fashion,Sangria,#92000A,146,0,10,Calm,Spring,274,0
4685,User4685,58.0,Female,Tablet,Bottom,Food,Yellow,#FFFF00,255,255,0,Neutral,Spring,280,0
3109,User3109,,,,Side,Home_Decor,Cyan cobalt blue,#28589C,40,88,156,Angry,Summer,260,1
6100,User6100,,,Desktop,Bottom,Tech,Brandeis blue,#0070FF,0,112,255,Angry,Summer,49,1
3474,User3474,,,Mobile,Side,Food,Loeen(lopen)look/vomit+indogo+Lopen+Gabriel,#15F2FD,123,154,200,Neutral,Spring,5,0
8947,User8947,22.0,Male,,Bottom,Fashion,Wood brown,#C19A6B,193,154,107,Sad,Autumn,151,1
5878,User5878,,,Tablet,Bottom,Sports,Cosmic Cobalt,#2E2D88,46,45,136,Calm,Autumn,299,1
3245,User3245,40.0,Male,,Side,Food,Purple taupe,#50404D,80,64,77,Sad,Spring,159,1
6137,User6137,48.0,Male,,Top,Food,Auburn,#A52A2A,165,42,42,Neutral,Autumn,60,0
2504,User2504,,Female,Mobile,Side,Sports,Paradise pink,#E63E62,230,62,98,Neutral,Spring,230,0
3915,User3915,,Female,Desktop,Side,Food,Heliotrope gray,#AA98A9,170,152,168,Calm,Summer,11,1
6924,User6924,,Non-Binary,,Top,Tech,Peridot,#E6E200,230,226,0,Neutral,Summer,24,0
9418,User9418,20.0,,Tablet,Side,Tech,CG Red,#E03C31,224,60,49,Neutral,Summer,163,1
1399,User1399,,Female,Mobile,Bottom,Tech,Middle Yellow Red,#ECB176,166,58,121,Calm,Winter,83,1
8530,User8530,52.0,Female,Mobile,Top,Food,Bubble gum,#FFC1CC,255,193,204,Angry,Summer,5,1
3694,User3694,,Male,Desktop,,Food,Fluorescent orange,#FFBF00,255,191,0,Sad,Summer,233,0
7878,User7878,60.0,,Tablet,,Food,Burlywood,#DEB887,222,184,135,Angry,Spring,217,1
966,User966,54.0,Male,,Bottom,Fashion,Spanish red,#E60026,230,0,38,Angry,Autumn,287,1
8994,User8994,,Female,Mobile,Bottom,Sports,Deep peach,#FFCBA4,255,203,164,Sad,Autumn,252,1
1608,User1608,39.0,Male,Tablet,,Food,Ultra pink,#FF6FFF,255,111,255,Angry,Summer,123,0
8726,User8726,62.0,,Desktop,Side,Sports,Vivid cerise,#DA1D81,218,29,129,Calm,Summer,231,1
8097,User8097,,Non-Binary,Tablet,Side,Home_Decor,French sky blue,#77B5FE,119,181,254,Sad,Summer,28,1
9992,User9992,,,,Side,Tech,Mystic Maroon,#AD4379,173,67,121,Happy,Spring,194,1
8174,User8174,20.0,Female,,Bottom,Fashion,Light grayish magenta,#CC99CC,204,153,204,Angry,Spring,61,1
8291,User8291,,,Desktop,Side,Sports,Very light azure,#74BBFB,116,187,251,Neutral,Spring,93,0
5308,User5308,,Non-Binary,,Side,Tech,Palatinate blue,#273BE2,39,59,226,Sad,Autumn,279,1
2440,User2440,37.0,Female,Desktop,Top,Fashion,Golden yellow,#FFDF00,255,223,0,Happy,Winter,113,0
2319,User2319,,Male,,Bottom,Tech,Hunter green,#355E3B,53,94,59,Neutral,Autumn,145,0
6503,User6503,39.0,,Tablet,Side,Food,Celeste,#B2FFFF,178,255,255,Happy,Spring,289,0
3641,User3641,33.0,Female,Tablet,,Food,Denim,#1560BD,21,96,189,Angry,Monsoon,248,1
1704,User1704,61.0,Female,Tablet,Bottom,Tech,Rosy brown,#BC8F8F,188,143,143,Neutral,Winter,78,1
7065,User7065,57.0,,,Side,Fashion,Pale silver,#C9C0BB,201,192,187,Angry,Summer,266,1
3345,User3345,,Male,Desktop,,Tech,Copper rose,#996666,153,102,102,Neutral,Autumn,180,1
3846,User3846,38.0,,,Bottom,Home_Decor,Nickel,#727472,114,116,114,Sad,Winter,234,1
5623,User5623,53.0,,Desktop,Side,Fashion,Crimson,#DC143C,220,20,60,Calm,Monsoon,80,1
8300,User8300,,Male,Desktop,,Fashion,Silver pink,#C4AEAD,196,174,173,Calm,Winter,187,0
5066,User5066,46.0,,,Side,Tech,Antique fuchsia,#915C83,145,92,131,Happy,Autumn,278,1
6771,User6771,,,Desktop,Side,Sports,Willpower orange,#FD5800,253,88,0,Neutral,Spring,281,1
9087,User9087,,,Mobile,,Tech,Lawn green,#7CFC00,124,252,0,Angry,Summer,231,0
234,User234,19.0,Female,,Bottom,Sports,Yellow Sunshine,#FFF700,255,247,0,Sad,Spring,169,1
8906,User8906,,Male,Desktop,Top,Fashion,Green (pigment),#00A550,0,165,80,Sad,Spring,279,1
2581,User2581,,Female,Mobile,Bottom,Food,Spanish carmine,#D10047,209,0,71,Sad,Autumn,221,1
3225,User3225,23.0,,Tablet,Bottom,Food,Pearl Aqua,#88D8C0,136,216,192,Calm,Spring,194,1
6074,User6074,35.0,Male,Mobile,Bottom,Tech,Indigo (web),#4B0082,75,0,130,Angry,Spring,22,1
6287,User6287,40.0,Female,,Bottom,Sports,Pale chestnut,#DDADAF,221,173,175,Sad,Autumn,236,1
2722,User2722,39.0,,Desktop,Top,Tech,Spanish viridian,#007F5C,0,127,92,Sad,Autumn,188,1
4029,User4029,21.0,,Desktop,Side,Home_Decor,Pale magenta-pink,#FF99CC,255,153,204,Happy,Monsoon,110,1
9499,User9499,,Female,Mobile,Bottom,Tech,Liberty,#545AA7,84,90,167,Neutral,Spring,247,1
9992,User9992,,Male,,Side,Tech,English red,#AB4B52,171,75,82,Neutral,Winter,57,1
3854,User3854,56.0,,,Bottom,Tech,Flamingo pink,#FC8EAC,252,142,172,Neutral,Summer,230,1
9600,User9600,,Female,Desktop,Top,Tech,Magnolia,#F8F4FF,248,244,255,Happy,Summer,206,0
1474,User1474,31.0,,Desktop,Side,Sports,Burnt umber,#8A3324,138,51,36,Calm,Autumn,90,1
854,User854,60.0,Female,Tablet,Bottom,Sports,Alloy orange,#C46210,196,98,16,Happy,Autumn,54,0
2934,User2934,26.0,Non-Binary,,Top,Sports,Desaturated cyan,#669999,102,153,153,Sad,Monsoon,264,1
1710,User1710,37.0,,,Side,Home_Decor,Chocolate (traditional),#7B3F00,123,63,0,Angry,Spring,199,1
3988,User3988,49.0,Non-Binary,Mobile,,Home_Decor,Smokey Topaz,#832A0D,131,42,34,Sad,Autumn,252,0
6296,User6296,29.0,,Desktop,Bottom,Tech,Willpower orange,#FD5800,253,88,0,Sad,Autumn,60,1
5921,User5921,,,Desktop,Side,Sports,Guppie green,#00FF7F,0,255,127,Angry,Summer,181,1
6184,User6184,,Non-Binary,Tablet,Top,Home_Decor,Lavender purple,#967BB6,150,123,182,Neutral,Spring,154,0
9445,User9445,34.0,Male,Tablet,Bottom,Food,Chartreuse (web),#7FFF00,127,255,0,Happy,Monsoon,17,0
859,User859,38.0,,,,Tech,Rich black (FOGRA29),#010B13,1,11,19,Calm,Autumn,293,0
6916,User6916,33.0,Female,Tablet,Side,Fashion,Vivid gamboge,#FF9900,255,153,0,Sad,Autumn,68,0
5629,User5629,,,Tablet,Top,Sports,Pale copper,#DA8A67,218,138,103,Sad,Autumn,109,1
5968,User5968,,,Tablet,Side,Tech,Medium turquoise,#48D1CC,72,209,204,Calm,Summer,243,1
2365,User2365,20.0,Male,,,Tech,Vivid lime green,#A6D608,166,214,8,Happy,Autumn,38,0
7809,User7809,18.0,Male,Mobile,Top,Fashion,International orange (engineering),#BA160C,186,22,12,Sad,Autumn,43,0
4305,User4305,,Male,,,Food,Seashell,#FFF5EE,255,245,238,Calm,Summer,229,0
4530,User4530,32.0,Male,,Side,Home_Decor,Magic mint,#AAF0D1,170,240,209,Sad,Autumn,133,0
536,User536,20.0,Non-Binary,Desktop,,Home_Decor,Pastel purple,#B39EB5,179,158,181,Neutral,Spring,137,0
9983,User9983,43.0,,Desktop,Side,Fashion,Dark byzantium,#5D3954,93,57,84,Neutral,Spring,44,0
1935,User1935,30.0,Female,,Bottom,Fashion,Silver pink,#C4AEAD,196,174,173,Sad,Summer,225,1
4462,User4462,52.0,,Tablet,Bottom,Home_Decor,Pale aqua,#BCD4E6,188,212,230,Sad,Spring,98,1
1539,User1539,43.0,,,Bottom,Food,Illuminating Emerald,#319177,49,145,119,Neutral,Monsoon,103,1
749,User749,,,Mobile,Top,Food,Smokey Topaz,#832A0D,131,42,34,Sad,Autumn,64,1
9572,User9572,38.0,,Mobile,Bottom,Tech,Plum (web),#DDA0DD,221,160,221,Happy,Monsoon,133,1
8790,User8790,,,Tablet,,Fashion,Teal blue,#367588,54,117,136,Happy,Spring,136,0
5084,User5084,,Non-Binary,Tablet,Side,Fashion,Pale cyan,#87D3F8,135,211,248,Angry,Summer,73,1
9516,User9516,28.0,Female,Desktop,Top,Fashion,Purple taupe,#50404D,80,64,77,Happy,Summer,18,1
9267,User9267,20.0,,,,Home_Decor,Lust,#E62020,230,32,32,Sad,Monsoon,155,1
4800,User4800,39.0,Non-Binary,Desktop,,Home_Decor,Tea green,#D0F0C0,208,240,192,Sad,Spring,178,0
9146,User9146,58.0,,Desktop,,Home_Decor,Barn red,#7C0A02,124,10,2,Calm,Autumn,296,1
1227,User1227,59.0,Non-Binary,Tablet,Top,Food,Air Force blue (RAF),#5D8AA8,93,138,168,Happy,Spring,200,0
8515,User8515,,Non-Binary,Mobile,Bottom,Home_Decor,Light pink,#FFB6C1,255,182,193,Neutral,Spring,36,1
8957,User8957,,Female,Mobile,,Tech,Dark pink,#E75480,231,84,128,Neutral,Summer,77,1
7471,User7471,,Female,Mobile,Bottom,Home_Decor,Japanese violet,#5B3256,91,50,86,Angry,Winter,198,1
6075,User6075,32.0,Non-Binary,Desktop,,Food,Outer Space,#414A4C,65,74,76,Calm,Autumn,54,1
8830,User8830,55.0,,Tablet,Top,Fashion,Green Lizard,#A7F432,167,244,50,Neutral,Autumn,61,0
228,User228,46.0,,,Top,Tech,Spanish bistre,#807532,128,117,50,Angry,Summer,121,1
3333,User3333,30.0,Male,Tablet,Top,Food,Ruddy brown,#BB6528,187,101,40,Happy,Spring,196,1
9194,User9194,53.0,Non-Binary,Mobile,Side,Sports,Cerulean,#007BA7,0,123,167,Calm,Summer,221,0
6479,User6479,,,Tablet,,Fashion,Liver chestnut,#987456,152,116,86,Calm,Spring,115,1
7422,User7422,,Female,Desktop,Top,Home_Decor,Old rose,#C08081,192,128,129,Sad,Winter,93,1
7422,User7422,20.0,Female,,Top,Food,Electric purple,#BF00FF,191,0,255,Happy,Winter,161,1
3325,User3325,,,Mobile,Bottom,Sports,Stil de grain yellow,#FADA5E,250,218,94,Calm,Monsoon,73,1
8147,User8147,32.0,Female,Desktop,Top,Food,Iguana Green,#71BC78,113,188,120,Angry,Spring,274,1
6074,User6074,35.0,Male,,Bottom,Home_Decor,Viridian green,#009698,0,150,152,Neutral,Summer,229,1
2129,User2129,47.0,,,Bottom,Food,Keppel,#3AB09E,58,176,158,Happy,Summer,9,1
8726,User8726,62.0,Female,Desktop,Side,Sports,Violet-blue,#324AB2,50,74,178,Happy,Summer,247,1
3117,User3117,21.0,,Tablet,Bottom,Food,Mode beige,#967117,150,113,23,Calm,Monsoon,122,1
2448,User2448,31.0,Female,Tablet,Bottom,Tech,Bondi blue,#0095B6,0,149,182,Calm,Autumn,176,0
8326,User8326,23.0,Female,,,Tech,Light gray,#D3D3D3,211,211,211,Calm,Summer,147,1
9520,User9520,59.0,,Mobile,,Home_Decor,Midnight blue,#191970,25,25,112,Angry,Winter,261,0
7086,User7086,,,Mobile,Top,Sports,Blue-gray,#6699CC,102,153,204,Sad,Summer,82,1
9220,User9220,21.0,Female,Mobile,Side,Sports,Gray-blue,#8C92AC,140,146,172,Calm,Summer,61,1
7829,User7829,47.0,Female,Mobile,Side,Sports,Atomic tangerine,#FF9966,255,153,102,Sad,Summer,24,0
7866,User7866,51.0,,Mobile,Top,Sports,Orchid pink,#F2BDCD,242,189,205,Sad,Autumn,18,1
5531,User5531,34.0,Male,,Top,Sports,Vivid burgundy,#9F1D35,159,29,53,Happy,Summer,210,1
9400,User9400,,,Mobile,,Fashion,Redwood,#A45A52,164,90,82,Neutral,Autumn,241,1
3310,User3310,28.0,,Tablet,Bottom,Food,Raspberry glace,#915F6D,145,95,109,Neutral,Autumn,185,0
7229,User7229,,,Mobile,Top,Sports,Pale green,#98FB98,152,251,152,Angry,Monsoon,295,1
6581,User6581,33.0,,Mobile,Bottom,Tech,French lime,#9EFD38,158,253,56,Angry,Winter,193,1
4976,User4976,34.0,Female,Mobile,Bottom,Food,Iguana Green,#71BC78,113,188,120,Neutral,Summer,151,1
8862,User8862,,,Mobile,Side,Home_Decor,Guppie green,#00FF7F,0,255,127,Neutral,Summer,46,1
316,User316,42.0,Non-Binary,Desktop,,Home_Decor,Imperial purple,#66023C,102,2,60,Happy,Summer,5,1
8274,User8274,25.0,Female,,Bottom,Sports,Amaranth,#E52B50,229,43,80,Happy,Autumn,108,0
5049,User5049,29.0,,,Top,Fashion,Cool grey,#8C92AC,140,146,172,Neutral,Spring,259,0
6476,User6476,46.0,,Tablet,,Fashion,Violet (RYB),#8601AF,134,1,175,Calm,Winter,213,0
6989,User6989,28.0,Male,Mobile,,Food,Pink Flamingo,#FC74FD,252,116,253,Calm,Summer,222,1
1020,User1020,,,Mobile,Side,Fashion,Yellow Sunshine,#FFF700,255,247,0,Happy,Spring,82,1
8278,User8278,,,Mobile,Top,Home_Decor,Misty rose,#FFE4E1,255,228,225,Sad,Spring,55,1
7504,User7504,,,Mobile,Top,Sports,May green,#4C9141,76,145,65,Neutral,Spring,292,0
2445,User2445,,,Mobile,Top,Tech,Blush,#DE5D83,222,93,131,Angry,Winter,104,0
1485,User1485,22.0,,Mobile,Side,Home_Decor,Electric blue,#7DF9FF,125,249,255,Calm,Spring,216,0
1914,User1914,42.0,Male,Tablet,Bottom,Home_Decor,Eggplant,#614051,97,64,81,Sad,Summer,241,1
596,User596,,Female,Mobile,Bottom,Food,Smoky Topaz,#933D41,147,61,65,Calm,Summer,299,0
3375,User3375,52.0,Non-Binary,Mobile,,Fashion,Red-orange,#FF5349,255,83,73,Sad,Monsoon,161,1
6447,User6447,63.0,,Tablet,,Tech,Stil de grain yellow,#FADA5E,250,218,94,Neutral,Autumn,18,0
6620,User6620,,Female,,Top,Tech,Dark jungle green,#1A2421,26,36,33,Neutral,Spring,120,1
3543,User3543,55.0,,Tablet,Top,Fashion,Rose bonbon,#F9429E,249,66,158,Neutral,Autumn,143,1
5070,User5070,,Male,,Bottom,Sports,Candy apple red,#FF0800,255,8,0,Happy,Autumn,79,0
9842,User9842,43.0,,Mobile,Top,Fashion,Vivid auburn,#922724,146,39,36,Sad,Autumn,28,1
1572,User1572,,Male,Tablet,Bottom,Sports,Razzmic Berry,#8D4E85,141,78,133,Angry,Autumn,181,0
7065,User7065,57.0,,Desktop,Side,Tech,Dark powder blue,#003399,0,51,153,Angry,Autumn,59,1
6355,User6355,,Male,Mobile,,Food,Sea green,#2E8B57,46,139,87,Neutral,Summer,217,0
6898,User6898,,,Mobile,Side,Home_Decor,Cosmic Cobalt,#2E2D88,46,45,136,Angry,Winter,167,0
5501,User5501,28.0,Non-Binary,Mobile,Bottom,Tech,Air Force blue (USAF),#00308F,0,48,143,Calm,Spring,168,1
7915,User7915,21.0,,Desktop,Top,Tech,AuroMetalSaurus,#6E7F80,110,127,128,Sad,Spring,93,0
7973,User7973,28.0,Female,Mobile,Bottom,Tech,Byzantium,#702963,112,41,99,Sad,Summer,19,1
9692,User9692,,Non-Binary,Mobile,Top,Home_Decor,Canary,#FFFF99,255,255,153,Sad,Summer,126,0
9220,User9220,21.0,Female,,Side,Sports,Ruddy brown,#BB6528,187,101,40,Calm,Autumn,182,1
247,User247,20.0,,Desktop,,Food,Rose,#FF007F,255,0,127,Happy,Winter,273,0
3915,User3915,,Female,Desktop,,Food,French rose,#F64A8A,246,74,138,Calm,Spring,109,1
4108,User4108,36.0,,Tablet,Top,Food,Cyclamen,#F56FA1,245,111,161,Sad,Monsoon,163,1
8715,User8715,63.0,Female,Mobile,,Sports,Green (HTML/CSS color),#008000,0,128,0,Sad,Summer,9,0
9228,User9228,40.0,Non-Binary,,Top,Fashion,Magic mint,#AAF0D1,170,240,209,Sad,Monsoon,145,0
8883,User8883,,Female,,Bottom,Fashion,Sapphire,#0F52BA,15,82,186,Angry,Spring,173,1
7151,User7151,,,Tablet,Side,Food,Ruddy,#FF0028,255,0,40,Happy,Summer,21,1
1370,User1370,52.0,Female,Desktop,Bottom,Tech,University of Tennessee Orange,#F77F00,247,127,0,Calm,Spring,36,1
4488,User4488,31.0,Male,Mobile,Top,Tech,Azureish white,#DBE9F4,219,233,244,Sad,Summer,9,0
5921,User5921,,,Desktop,,Home_Decor,Indigo,#4B0082,75,0,130,Neutral,Spring,141,1
4620,User4620,43.0,Non-Binary,,Side,Fashion,Sunray,#E3AB57,227,171,87,Happy,Monsoon,111,1
8753,User8753,,Non-Binary,Tablet,Top,Tech,Apricot,#FBCEB1,251,206,177,Neutral,Winter,166,1
3581,User3581,29.0,,Desktop,Side,Food,Fluorescent pink,#FF1493,255,20,147,Happy,Summer,261,0
5085,User5085,,,Tablet,Top,Home_Decor,Lavender (web),#E6E6FA,230,230,250,Sad,Monsoon,172,1
9642,User9642,,,Mobile,Bottom,Fashion,Dark olive green,#556B2F,85,107,47,Happy,Spring,292,1
6479,User6479,,Male,,Side,Home_Decor,Light cobalt blue,#88ACE0,136,172,224,Happy,Monsoon,249,1
1732,User1732,,,Tablet,Top,Tech,Sunburnt Cyclops,#FF404C,255,64,76,Sad,Summer,117,0
7466,User7466,,,,Bottom,Food,Deep moss green,#355E3B,53,94,59,Neutral,Monsoon,182,1
284,User284,,Non-Binary,Tablet,Side,Food,Caput mortuum,#592720,89,39,32,Neutral,Spring,194,1
2017,User2017,,Male,Tablet,Bottom,Food,Battery Charged Blue,#1DACD6,29,172,214,Angry,Autumn,15,1
1805,User1805,,Male,Mobile,Top,Tech,Dark green,#013220,1,50,32,Neutral,Winter,27,1
9823,User9823,,,Desktop,Bottom,Sports,Mauve,#E0B0FF,224,176,255,Neutral,Winter,123,0
960,User960,,Male,Desktop,Side,Food,Caput mortuum,#592720,89,39,32,Happy,Autumn,286,0
3613,User3613,,,Mobile,Top,Sports,Flavescent,#F7E98E,247,233,142,Angry,Summer,73,0
2017,User2017,,Male,Tablet,Bottom,Food,Pink lavender,#D8B2D1,216,178,209,Sad,Monsoon,138,1
5796,User5796,46.0,Non-Binary,,Bottom,Sports,Barbie pink,#E0218A,224,33,138,Sad,Monsoon,257,1
255,User255,31.0,,Desktop,Bottom,Fashion,Sand dune,#967117,150,113,23,Calm,Autumn,55,1
4058,User4058,33.0,,Tablet,,Fashion,Dolphin Gray,#828E84,130,142,132,Angry,Autumn,47,1
8873,User8873,64.0,,Tablet,,Food,Arctic lime,#D0FF14,208,255,20,Happy,Spring,145,0
6248,User6248,,Female,Mobile,Top,Home_Decor,Orchid,#DA70D6,218,112,214,Calm,Spring,29,1
1975,User1975,30.0,Female,,Top,Home_Decor,Lavender pink,#FBAED2,251,174,210,Calm,Winter,274,1
1721,User1721,34.0,Non-Binary,,Bottom,Tech,Neon green,#39FF14,57,255,20,Sad,Summer,108,1
1136,User1136,,,Mobile,Side,Fashion,University of Tennessee Orange,#F77F00,247,127,0,Neutral,Summer,299,1
503,User503,43.0,,Desktop,Side,Fashion,Magenta (dye),#CA1F7B,202,31,123,Happy,Autumn,157,1
1650,User1650,29.0,,Desktop,Bottom,Home_Decor,White,#FFFFFF,255,255,255,Angry,Winter,165,1
1503,User1503,19.0,Female,Tablet,Side,Food,Smokey Topaz,#832A0D,131,42,34,Calm,Winter,287,1
6708,User6708,,,Desktop,Top,Tech,Glossy Grape,#AB92B3,171,146,179,Happy,Spring,49,1
4539,User4539,54.0,Male,Mobile,,Fashion,Ivory,#FFFFF0,255,255,240,Sad,Monsoon,291,1
3435,User3435,,Male,Mobile,Bottom,Tech,Blue (pigment),#333399,51,51,153,Calm,Summer,170,0
3298,User3298,,,Tablet,Bottom,Fashion,Han blue,#446CCF,68,108,207,Calm,Winter,211,0
4541,User4541,48.0,Male,,Top,Sports,Canary,#FFFF99,255,255,153,Sad,Spring,112,0
3574,User3574,,,Tablet,Top,Sports,Coconut,#965A3E,150,90,62,Sad,Spring,69,1
2733,User2733,,Non-Binary,,,Tech,Pink,#FFC0CB,255,192,203,Sad,Spring,271,1
2129,User2129,,,Tablet,Bottom,Home_Decor,Silver sand,#BFC1C2,191,193,194,Happy,Monsoon,189,1
4869,User4869,49.0,,Tablet,,Home_Decor,Star command blue,#007BB8,0,123,184,Happy,Winter,228,0
7092,User7092,,Non-Binary,Tablet,Bottom,Fashion,Pastel orange,#FFB347,255,179,71,Happy,Autumn,157,0
4585,User4585,57.0,,Mobile,Bottom,Sports,Gray-blue,#8C92AC,140,146,172,Neutral,Autumn,293,0
119,User119,59.0,,Tablet,Top,Sports,Purple Plum,#9C51B6,156,81,182,Calm,Spring,289,1
6581,User6581,,,,Bottom,Tech,Ming,#36747D,54,116,125,Happy,Spring,190,1
2973,User2973,27.0,,Tablet,Bottom,Tech,Champagne pink,#F1DDCF,241,221,207,Neutral,Monsoon,230,1
5053,User5053,61.0,,Tablet,Side,Home_Decor,Taupe,#483C32,72,60,50,Calm,Spring,204,1
5227,User5227,24.0,,,Top,Home_Decor,Vivid red-tangelo,#DF6124,223,97,36,Happy,Winter,15,1
6248,User6248,48.0,,,Top,Home_Decor,British racing green,#004225,0,66,37,Sad,Spring,281,1
2602,User2602,,Female,Desktop,Side,Food,Imperial red,#ED2939,237,41,57,Angry,Spring,7,1
1141,User1141,,Male,Desktop,,Sports,Cyan-blue azure,#4682BF,70,130,191,Happy,Winter,282,1
3854,User3854,56.0,,Tablet,Bottom,Sports,Safety orange,#FF7800,255,120,0,Angry,Summer,66,1
3604,User3604,49.0,,,Bottom,Tech,Green Lizard,#A7F432,167,244,50,Happy,Autumn,9,1
7688,User7688,,Male,Mobile,Top,Sports,Straw,#E4D96F,228,217,111,Sad,Spring,13,1
2579,User2579,,Female,Desktop,Side,Tech,Antique ruby,#841B2D,132,27,45,Angry,Winter,62,0
3801,User3801,26.0,Non-Binary,Desktop,Side,Food,Smoky black,#100C08,16,12,8,Neutral,Autumn,284,1
400,User400,,Non-Binary,Tablet,,Home_Decor,UFO Green,#3CD070,60,208,112,Sad,Monsoon,242,1
9098,User9098,46.0,,Mobile,Bottom,Food,Slimy Green,#299617,41,150,23,Angry,Summer,131,0
3938,User3938,,Male,Mobile,Bottom,Home_Decor,Orange (color wheel),#FF7F00,255,127,0,Angry,Spring,241,1
1116,User1116,,Female,,Bottom,Home_Decor,Deep ruby,#843F5B,132,63,91,Sad,Summer,223,0
9311,User9311,,,Desktop,Side,Tech,Powder blue,#B0E0E6,176,224,230,Sad,Spring,182,1
6319,User6319,,,Mobile,Bottom,Home_Decor,Blue (Pantone),#0018A8,0,24,168,Sad,Spring,153,0
8234,User8234,,Male,Mobile,Top,Food,Alabama crimson,#AF002A,175,0,42,Calm,Spring,42,0
5412,User5412,35.0,,Mobile,Top,Fashion,Maximum Blue Purple,#ACACE6,172,172,230,Neutral,Summer,122,1
6577,User6577,56.0,,Tablet,Top,Tech,Sapphire blue,#0067A5,0,103,165,Happy,Monsoon,101,0
3014,User3014,,,Mobile,Top,Home_Decor,Sunset orange,#FD5E53,253,94,83,Angry,Winter,21,1
6989,User6989,28.0,,,,Home_Decor,Fuchsia (Crayola),#C154C1,193,84,193,Happy,Winter,283,1
3792,User3792,61.0,,Tablet,Top,Sports,Platinum,#E5E4E2,229,228,226,Sad,Monsoon,158,0
3746,User3746,,,Desktop,Top,Tech,Toolbox,#746CC0,116,108,192,Neutral,Monsoon,98,1
3297,User3297,18.0,Female,Tablet,,Tech,Earth yellow,#E1A95F,225,169,95,Neutral,Spring,179,1
7860,User7860,,Female,Mobile,Side,Food,Light khaki,#F0E68C,240,230,140,Calm,Spring,33,0
4842,User4842,,Female,Tablet,,Fashion,Malachite,#0BDA51,11,218,81,Sad,Winter,38,0
7971,User7971,,,Tablet,Top,Food,Burnt orange,#CC5500,204,85,0,Angry,Spring,14,1
1239,User1239,61.0,Male,,Bottom,Food,Dark yellow,#9B870C,155,135,12,Calm,Spring,280,0
5110,User5110,,Female,Tablet,Top,Food,Cosmic latte,#FFF8E7,255,248,231,Sad,Monsoon,294,1
5569,User5569,,,Mobile,Bottom,Fashion,Bitter lime,#BFFF00,191,255,0,Calm,Summer,105,1
4046,User4046,36.0,Female,,Bottom,Food,Mindaro,#E3F988,227,249,136,Happy,Autumn,145,0
2311,User2311,,,Desktop,Bottom,Tech,Ultramarine,#3F00FF,18,10,143,Sad,Autumn,91,1
9842,User9842,43.0,Non-Binary,Mobile,Top,Fashion,Vivid tangelo,#F07427,240,116,39,Angry,Spring,132,1
3111,User3111,27.0,Female,Desktop,Bottom,Home_Decor,Medium ruby,#AA4069,170,64,105,Angry,Spring,210,0
24,User24,,,Tablet,Side,Sports,B'dazzled blue,#2E5894,46,88,148,Sad,Autumn,93,1
7151,User7151,,Non-Binary,,,Sports,Yellow rose,#FFF000,255,240,0,Calm,Monsoon,86,1
1369,User1369,,,,Bottom,Tech,Light fuchsia pink,#F984EF,249,132,239,Neutral,Autumn,216,1
9117,User9117,43.0,Male,Mobile,Side,Sports,Ball blue,#21ABCD,33,171,205,Sad,Autumn,123,0
9518,User9518,58.0,,Tablet,Bottom,Sports,Pastel red,#FF6961,255,105,97,Angry,Autumn,140,0
4942,User4942,32.0,Male,Tablet,Side,Sports,Dark salmon,#E9967A,233,150,122,Happy,Spring,265,0
1698,User1698,50.0,,,Top,Home_Decor,Blue (RYB),#0247FE,2,71,254,Angry,Spring,280,0
288,User288,,Non-Binary,Mobile,,Sports,Pastel red,#FF6961,255,105,97,Neutral,Autumn,212,0
1710,User1710,37.0,,Tablet,,Food,Quinacridone magenta,#8E3A59,142,58,89,Angry,Spring,247,1
2038,User2038,46.0,Non-Binary,Desktop,,Tech,Corn,#FBEC5D,251,236,93,Neutral,Autumn,104,0
2434,User2434,30.0,Male,Tablet,Bottom,Tech,Jet,#343434,52,52,52,Sad,Monsoon,119,0
4620,User4620,43.0,Non-Binary,,Side,Tech,Blue yonder,#5072A7,80,114,167,Angry,Spring,20,1
1969,User1969,,Non-Binary,Mobile,Bottom,Home_Decor,Resolution blue,#002387,0,35,135,Calm,Summer,8,1
4735,User4735,59.0,,,Bottom,Home_Decor,Robin egg blue,#00CCCC,0,204,204,Calm,Spring,270,0
6620,User6620,52.0,Female,Tablet,Top,Sports,Fuchsia,#FF00FF,255,0,255,Angry,Monsoon,52,1
4803,User4803,,,,Top,Food,Medium aquamarine,#66DDAA,102,221,170,Angry,Monsoon,227,0
3117,User3117,21.0,,,Bottom,Sports,Pearly purple,#B768A2,183,104,162,Happy,Spring,208,1
5276,User5276,42.0,,Tablet,Side,Tech,Spanish violet,#4C2882,76,40,130,Angry,Winter,24,1
8569,User8569,,Non-Binary,Desktop,,Food,Shocking pink,#FC0FC0,252,15,192,Happy,Autumn,292,0
6251,User6251,44.0,Non-Binary,,Side,Tech,Harvest gold,#DA9100,218,145,0,Happy,Autumn,198,1
262,User262,33.0,Male,Mobile,Bottom,Food,Opera mauve,#B784A7,183,132,167,Happy,Monsoon,15,0
4981,User4981,,Male,Tablet,Bottom,Fashion,Spring green,#00FF7F,0,255,127,Happy,Spring,24,1
5921,User5921,,,Desktop,,Home_Decor,Cobalt Blue,#0047AB,0,71,171,Sad,Winter,283,1
2142,User2142,,Non-Binary,,,Home_Decor,Popstar,#BE4F62,190,79,98,Calm,Summer,39,1
2032,User2032,36.0,,Desktop,,Tech,Irresistible,#B3446C,179,68,108,Happy,Autumn,270,1
9716,User9716,,Non-Binary,,Top,Tech,Lilac Luster,#AE98AA,174,152,170,Calm,Winter,236,0
928,User928,,,Desktop,Side,Fashion,Claret,#7F1734,127,23,52,Happy,Autumn,42,1
375,User375,,Non-Binary,,Top,Sports,Scarlet,#FF2400,255,36,0,Calm,Spring,87,1
4672,User4672,,Male,Desktop,Bottom,Food,Khaki (HTML/CSS) (Khaki),#C3B091,195,176,145,Angry,Autumn,36,0
3164,User3164,,,Desktop,Bottom,Fashion,Inchworm,#B2EC5D,178,236,93,Angry,Summer,58,1
6530,User6530,33.0,Female,Mobile,Bottom,Fashion,Bluebonnet,#1C1CF0,28,28,240,Calm,Spring,229,0
400,User400,52.0,Non-Binary,Tablet,,Tech,Cerulean,#007BA7,0,123,167,Happy,Monsoon,111,1
8278,User8278,,,,Top,Tech,Sapphire blue,#0067A5,0,103,165,Sad,Winter,29,1
5110,User5110,,Female,Tablet,Top,Sports,Light slate gray,#778899,119,136,153,Calm,Autumn,49,1
6237,User6237,,,Mobile,Top,Sports,Giant's Club,#B05C52,176,92,82,Neutral,Spring,122,1
3335,User3335,24.0,Male,Mobile,Top,Tech,Maximum Blue Purple,#ACACE6,172,172,230,Sad,Spring,298,1
8400,User8400,,,Tablet,Bottom,Home_Decor,Coral Reef,#FD7C6E,253,124,110,Neutral,Autumn,129,1
2948,User2948,,,Desktop,Bottom,Sports,Picton blue,#45B1E8,69,177,232,Calm,Monsoon,40,0
2336,User2336,32.0,,,Side,Fashion,Drab,#967117,150,113,23,Happy,Autumn,171,1
8692,User8692,,,Mobile,Bottom,Tech,Ball blue,#21ABCD,33,171,205,Neutral,Monsoon,273,1
4069,User4069,39.0,Non-Binary,Desktop,Side,Food,Han purple,#5218FA,82,24,250,Calm,Autumn,198,0
5968,User5968,,,Tablet,Side,Food,Fire engine red,#CE2029,206,32,41,Sad,Spring,128,1
8366,User8366,39.0,,Desktop,Side,Home_Decor,Khaki (X11) (Light khaki),#F0E68C,240,230,140,Happy,Summer,275,0
1324,User1324,,Male,Tablet,Bottom,Tech,Titanium yellow,#EEE600,238,230,0,Neutral,Summer,62,0
8621,User8621,26.0,Female,Desktop,Top,Fashion,Middle Purple,#D982B5,217,130,181,Calm,Spring,63,0
6075,User6075,32.0,Non-Binary,Desktop,Side,Home_Decor,Magenta-pink,#CC338B,204,51,139,Happy,Summer,221,1
3574,User3574,,Female,Tablet,Top,Fashion,Dark pastel green,#03C03C,3,192,60,Happy,Monsoon,73,1
1171,User1171,,Female,Mobile,Bottom,Food,Gargoyle Gas,#FFDF46,255,223,70,Angry,Spring,248,1
8173,User8173,53.0,Non-Binary,Tablet,Side,Fashion,Olive Drab #7,#3C341F,60,52,31,Happy,Monsoon,107,0
3062,User3062,34.0,Male,Desktop,Bottom,Food,Cambridge Blue,#A3C1AD,163,193,173,Calm,Spring,9,1
7503,User7503,,Female,Tablet,,Sports,Kenyan copper,#7C1C05,124,28,5,Sad,Monsoon,268,0
8726,User8726,62.0,,Desktop,Side,Food,Antique fuchsia,#915C83,145,92,131,Angry,Monsoon,245,1
6296,User6296,29.0,,Desktop,Bottom,Food,Auburn,#A52A2A,165,42,42,Calm,Summer,226,1
1970,User1970,,,,Bottom,Home_Decor,Bright maroon,#C32148,195,33,72,Calm,Spring,233,0
6609,User6609,,Male,Desktop,Bottom,Home_Decor,Deep lemon,#F5C71A,245,199,26,Calm,Autumn,36,0
2391,User2391,22.0,,Desktop,Side,Tech,Red-orange,#FF5349,255,83,73,Neutral,Summer,28,0
3801,User3801,26.0,Non-Binary,Desktop,Side,Tech,Baby blue eyes,#A1CAF1,161,202,241,Neutral,Monsoon,191,1
6776,User6776,,Non-Binary,Tablet,Bottom,Food,Straw,#E4D96F,228,217,111,Sad,Monsoon,132,0
8271,User8271,,,Desktop,Bottom,Sports,Opera mauve,#B784A7,183,132,167,Calm,Autumn,116,1
4950,User4950,,Male,Mobile,Side,Tech,Mountbatten pink,#997A8D,153,122,141,Neutral,Autumn,298,1
3044,User3044,34.0,Male,Desktop,,Food,Manatee,#979AAA,151,154,170,Neutral,Monsoon,153,1
9936,User9936,,Non-Binary,Mobile,Side,Home_Decor,Tuscan tan,#A67B5B,166,123,91,Neutral,Autumn,155,0
4742,User4742,31.0,Male,Desktop,,Tech,Roast coffee,#704241,112,66,65,Sad,Winter,178,1
651,User651,57.0,Female,Tablet,Side,Tech,Dark chestnut,#986960,152,105,96,Sad,Summer,201,0
5495,User5495,,,Mobile,Bottom,Food,Smitten,#C84186,200,65,134,Calm,Spring,259,1
6861,User6861,,Non-Binary,Tablet,,Food,Pearl Aqua,#88D8C0,136,216,192,Angry,Autumn,172,1
7689,User7689,33.0,Non-Binary,Tablet,,Fashion,Electric blue,#7DF9FF,125,249,255,Calm,Autumn,86,0
6258,User6258,,Non-Binary,Tablet,,Fashion,Amethyst,#9966CC,153,102,204,Neutral,Winter,74,1
2337,User2337,40.0,,,Top,Sports,Dark pastel red,#C23B22,194,59,34,Neutral,Spring,17,1
7138,User7138,26.0,Male,Tablet,Top,Tech,Bright cerulean,#1DACD6,29,172,214,Happy,Winter,123,1
226,User226,46.0,,Desktop,Top,Fashion,Veronica,#A020F0,160,32,240,Calm,Spring,216,1
9064,User9064,41.0,Female,Mobile,Top,Food,Onyx,#353839,53,56,57,Neutral,Summer,106,1
7415,User7415,47.0,,Mobile,Top,Tech,Carnation pink,#FFA6C9,255,166,201,Neutral,Autumn,281,0
7740,User7740,,Male,Tablet,Side,Fashion,Maximum Green,#5E8C31,94,140,49,Angry,Summer,200,0
3466,User3466,,Non-Binary,Tablet,,Sports,Olivine,#9AB973,154,185,115,Happy,Spring,81,0
813,User813,,,Tablet,Top,Sports,Medium orchid,#BA55D3,186,85,211,Calm,Autumn,209,1
6949,User6949,27.0,Male,Desktop,Top,Sports,French mauve,#D473D4,212,115,212,Sad,Winter,233,0
4232,User4232,,,,Side,Sports,Heidelberg Red[2],#960018,150,0,24,Calm,Monsoon,193,0
518,User518,29.0,,,Bottom,Food,Rhythm,#777696,119,118,150,Calm,Winter,103,1
9966,User9966,,,Mobile,Top,Sports,Little boy blue,#6CA0DC,108,160,220,Angry,Monsoon,222,1
7750,User7750,46.0,,Mobile,Side,Home_Decor,Lavender blush,#FFF0F5,255,240,245,Calm,Winter,198,1
1759,User1759,,Female,Tablet,Top,Sports,Blue (Pantone),#0018A8,0,24,168,Angry,Spring,47,0
3885,User3885,26.0,,Desktop,Top,Fashion,Light blue,#ADD8E6,173,216,230,Angry,Summer,128,0
6765,User6765,46.0,Female,Tablet,Side,Tech,Purple taupe,#50404D,80,64,77,Neutral,Monsoon,24,1
6315,User6315,,,Desktop,,Fashion,Iris,#5A4FCF,90,79,207,Sad,Spring,172,1
3330,User3330,49.0,Male,,Top,Tech,Dandelion,#F0E130,240,225,48,Angry,Summer,50,1
2946,User2946,37.0,Female,,,Food,Gray,#808080,128,128,128,Happy,Summer,227,1
2032,User2032,36.0,,Desktop,,Tech,Corn,#FBEC5D,251,236,93,Happy,Autumn,83,1
4200,User4200,54.0,Non-Binary,Mobile,Bottom,Home_Decor,Dodger blue,#1E90FF,30,144,255,Sad,Autumn,174,0
5098,User5098,,Male,Mobile,Top,Sports,Persian green,#00A693,0,166,147,Angry,Autumn,250,0
9855,User9855,,Male,Desktop,Bottom,Fashion,Inchworm,#B2EC5D,178,236,93,Sad,Monsoon,275,1
2532,User2532,,,Mobile,,Tech,Yellow (NCS),#FFD300,255,211,0,Neutral,Monsoon,103,0
1706,User1706,,,Tablet,Bottom,Fashion,Otter brown,#654321,101,67,33,Happy,Summer,145,1
8018,User8018,,,Desktop,Side,Sports,Peach,#FFE5B4,255,229,180,Calm,Monsoon,113,1
7971,User7971,,Non-Binary,Tablet,Top,Food,Super pink,#CF6BA9,207,107,169,Happy,Summer,141,1
3225,User3225,,,Tablet,Bottom,Sports,Dark brown,#654321,101,67,33,Angry,Spring,125,1
5250,User5250,58.0,Male,Mobile,Side,Food,Mustard,#FFDB58,255,219,88,Sad,Winter,103,0
3559,User3559,25.0,Non-Binary,Tablet,Top,Fashion,Pale gold,#E6BE8A,230,190,138,Happy,Summer,70,0
2137,User2137,,,Tablet,Side,Food,Medium red-violet,#BB3385,187,51,133,Calm,Summer,148,1
5030,User5030,54.0,,Tablet,,Food,Dark tan,#918151,145,129,81,Calm,Spring,114,1
3393,User3393,,Male,Tablet,Top,Food,Champagne pink,#F1DDCF,241,221,207,Sad,Autumn,134,1
159,User159,52.0,Male,Tablet,Top,Food,Medium turquoise,#48D1CC,72,209,204,Sad,Autumn,261,0
1805,User1805,,Male,Mobile,Top,Food,Plum (web),#DDA0DD,221,160,221,Happy,Autumn,214,1
6573,User6573,55.0,Non-Binary,Desktop,Side,Tech,International Klein Blue,#002FA7,0,47,167,Angry,Summer,250,1
5439,User5439,38.0,,Tablet,Side,Food,Amethyst,#9966CC,153,102,204,Neutral,Summer,158,1
3334,User3334,,Female,Tablet,Top,Food,Android green,#A4C639,164,198,57,Calm,Monsoon,137,0
6870,User6870,,,,Bottom,Sports,Maximum Red Purple,#A63A79,166,58,121,Sad,Monsoon,25,0
6167,User6167,20.0,Male,Mobile,Side,Sports,Spanish blue,#0070B8,0,112,184,Neutral,Winter,39,1
2555,User2555,,,,,Sports,Malachite,#0BDA51,11,218,81,Neutral,Winter,228,1
9431,User9431,,Male,Mobile,,Food,English vermillion,#CC474B,204,71,75,Neutral,Monsoon,128,1
838,User838,,,Mobile,Top,Sports,Cadmium red,#E30022,227,0,34,Angry,Summer,244,0
2311,User2311,,,Desktop,Bottom,Tech,Café au lait,#A67B5B,166,123,91,Sad,Spring,8,1
3430,User3430,61.0,Male,Desktop,,Fashion,Cinnabar,#E34234,227,66,52,Calm,Monsoon,127,1
4756,User4756,59.0,Non-Binary,Mobile,Bottom,Sports,Deep Taupe,#7E5E60,126,94,96,Sad,Summer,46,1
8684,User8684,,Non-Binary,Tablet,Top,Sports,Honeydew,#F0FFF0,240,255,240,Happy,Monsoon,173,1
6724,User6724,37.0,Female,,Top,Tech,Nyanza,#E9FFDB,233,255,219,Calm,Autumn,284,1
8521,User8521,62.0,,Desktop,,Home_Decor,Heliotrope,#DF73FF,223,115,255,Sad,Monsoon,229,0
1524,User1524,24.0,,Mobile,Bottom,Home_Decor,Smoke,#738276,115,130,118,Calm,Autumn,189,1
3297,User3297,18.0,,Tablet,Bottom,Tech,Blue-green,#0D98BA,13,152,186,Happy,Summer,15,1
2555,User2555,,Non-Binary,,Bottom,Sports,Mellow yellow,#F8DE7E,248,222,126,Calm,Autumn,177,1
1190,User1190,,Non-Binary,Tablet,Bottom,Fashion,Razzle dazzle rose,#FF33CC,255,51,204,Neutral,Monsoon,100,1
1197,User1197,62.0,Male,Mobile,Top,Sports,Bright turquoise,#08E8DE,8,232,222,Angry,Autumn,282,1
5276,User5276,42.0,,Tablet,,Tech,Iceberg,#71A6D2,113,166,210,Happy,Spring,143,1
2044,User2044,31.0,,Mobile,Top,Tech,Red (RYB),#FE2712,254,39,18,Calm,Autumn,170,1
1190,User1190,,Non-Binary,,Bottom,Food,Cyan azure,#4E82B4,78,130,180,Happy,Autumn,191,1
1982,User1982,42.0,,Desktop,Bottom,Tech,Magenta (process),#FF0090,255,0,144,Neutral,Winter,90,0
250,User250,,Non-Binary,Mobile,Bottom,Food,Nyanza,#E9FFDB,233,255,219,Angry,Spring,235,1
7229,User7229,,,Mobile,Top,Tech,Amaranth pink,#F19CBB,241,156,187,Happy,Summer,142,1
1785,User1785,,,Mobile,Bottom,Food,Bondi blue,#0095B6,0,149,182,Neutral,Autumn,23,0
5439,User5439,38.0,,Tablet,Side,Food,Old burgundy,#43302E,67,48,46,Neutral,Spring,160,1
24,User24,,,Tablet,Side,Sports,Topaz,#FFC87C,255,200,124,Neutral,Summer,99,1
7333,User7333,23.0,,Desktop,Bottom,Food,Interdimensional Blue,#360CCC,54,12,204,Calm,Spring,21,0
4429,User4429,34.0,,Mobile,Top,Home_Decor,Powder blue,#B0E0E6,176,224,230,Sad,Winter,284,1
1975,User1975,30.0,Female,Mobile,Top,Tech,Mimi Pink,#FFDAE9,255,218,233,Happy,Summer,265,1
813,User813,,,Tablet,Top,Fashion,Fawn,#E5AA70,229,170,112,Sad,Summer,164,1
6251,User6251,,Non-Binary,Mobile,Side,Tech,Light Thulian pink,#E68FAC,230,143,172,Neutral,Autumn,85,1
7271,User7271,60.0,,Mobile,Top,Sports,Isabelline,#F4F0EC,244,240,236,Sad,Monsoon,189,0
8018,User8018,,,Desktop,Side,Sports,Avocado,#568203,86,130,3,Neutral,Summer,217,1
5414,User5414,,Female,,Bottom,Food,Magnolia,#F8F4FF,248,244,255,Neutral,Summer,171,1
8271,User8271,29.0,,Desktop,,Sports,Blue-green,#0D98BA,13,152,186,Angry,Winter,210,1
1706,User1706,,,Tablet,,Sports,Vivid burgundy,#9F1D35,159,29,53,Angry,Winter,265,1
749,User749,,,,Top,Tech,Little boy blue,#6CA0DC,108,160,220,Sad,Winter,278,1
7440,User7440,,,Desktop,,Home_Decor,Smoke,#738276,115,130,118,Happy,Autumn,240,0
1503,User1503,19.0,Female,,,Home_Decor,Rich black (FOGRA29),#010B13,1,11,19,Sad,Summer,247,1
2529,User2529,,Female,Desktop,Top,Food,Pale cyan,#87D3F8,135,211,248,Happy,Winter,224,1
2311,User2311,,,Desktop,,Sports,French blue,#0072BB,0,114,187,Sad,Winter,74,1
9869,User9869,,Male,Mobile,Bottom,Sports,USC Cardinal,#990000,153,0,0,Calm,Spring,217,0
9182,User9182,,Non-Binary,,Bottom,Home_Decor,Bazaar,#98777B,152,119,123,Calm,Spring,291,0
6288,User6288,,Non-Binary,Tablet,Bottom,Food,Bubbles,#E7FEFF,231,254,255,Happy,Winter,230,1
6462,User6462,36.0,,,Side,Sports,Wild orchid,#D470A2,212,112,162,Angry,Autumn,273,1
4258,User4258,,,Desktop,Bottom,Food,Myrtle green,#317873,49,120,115,Happy,Monsoon,283,0
6109,User6109,19.0,,Desktop,Top,Tech,Star command blue,#007BB8,0,123,184,Sad,Spring,253,0
7132,User7132,61.0,,,Bottom,Sports,Purple mountain majesty,#9678B6,150,120,182,Neutral,Spring,200,0
3740,User3740,,Non-Binary,,Side,Sports,French rose,#F64A8A,246,74,138,Calm,Summer,34,1
3225,User3225,,,Tablet,,Sports,Stizza,#990000,153,0,0,Neutral,Summer,135,1
6320,User6320,,Male,Desktop,Top,Home_Decor,Purple pizzazz,#FE4EDA,254,78,218,Calm,Winter,16,0
901,User901,40.0,,Mobile,,Home_Decor,Lavender mist,#E6E6FA,230,230,250,Sad,Summer,20,0
1969,User1969,46.0,Non-Binary,,Bottom,Sports,Limerick,#9DC209,157,194,9,Calm,Summer,121,1
1635,User1635,54.0,Female,Tablet,Top,Sports,Medium spring green,#00FA9A,0,250,154,Happy,Monsoon,153,1
5324,User5324,,Non-Binary,Mobile,Top,Tech,Citron,#9FA91F,158,169,31,Neutral,Autumn,113,1
7248,User7248,,Non-Binary,Mobile,Top,Tech,Coral pink,#F88379,248,131,121,Neutral,Winter,240,1
1975,User1975,30.0,,,Top,Food,Bistre,#3D2B1F,61,43,31,Sad,Monsoon,9,1
3569,User3569,,,Desktop,Bottom,Food,Shocking pink,#FC0FC0,252,15,192,Neutral,Winter,184,0
8684,User8684,,Non-Binary,Tablet,,Home_Decor,Persian rose,#FE28A2,254,40,162,Sad,Autumn,5,1
2531,User2531,,,Mobile,Top,Fashion,Platinum,#E5E4E2,229,228,226,Angry,Winter,12,0
6315,User6315,,,Desktop,,Tech,Navy,#000080,0,0,128,Happy,Summer,148,1
3246,User3246,,,Mobile,Top,Food,Chocolate (web),#D2691E,210,105,30,Calm,Autumn,147,1
4209,User4209,29.0,Female,Tablet,Bottom,Tech,Shiny Shamrock,#5FA778,95,167,120,Calm,Monsoon,279,0
4553,User4553,27.0,Male,Mobile,Top,Tech,USC Cardinal,#990000,153,0,0,Calm,Monsoon,157,0
6708,User6708,,,,Top,Fashion,Schauss pink,#FF91AF,255,145,175,Angry,Spring,291,1
7688,User7688,57.0,Male,Mobile,Top,Tech,Old mauve,#673147,103,49,71,Happy,Monsoon,134,1
6854,User6854,32.0,Male,Mobile,,Fashion,Middle Green Yellow,#ACBF60,172,191,96,Neutral,Spring,125,1
4938,User4938,28.0,Male,Desktop,Side,Fashion,Bright navy blue,#1974D2,25,116,210,Neutral,Summer,63,1
2804,User2804,,,Tablet,,Tech,Ruby,#E0115F,224,17,95,Happy,Monsoon,221,1
7941,User7941,,Female,,Bottom,Tech,Light khaki,#F0E68C,240,230,140,Happy,Autumn,35,1
373,User373,34.0,Female,Mobile,,Food,Pale cerulean,#9BC4E2,155,196,226,Calm,Spring,248,1
9966,User9966,,,Mobile,Top,Tech,Mint green,#98FF98,152,255,152,Neutral,Monsoon,144,1
1296,User1296,,,Tablet,Top,Tech,Maximum Yellow Red,#F2BA49,242,186,73,Happy,Summer,217,1
8081,User8081,38.0,,Tablet,Bottom,Tech,Green (Crayola),#1CAC78,28,172,120,Neutral,Autumn,33,1
3014,User3014,,,Mobile,Top,Food,Dark sienna,#3C1414,60,20,20,Happy,Autumn,168,1
518,User518,29.0,Male,,Bottom,Fashion,Violet-red,#F75394,247,83,148,Sad,Summer,108,1
5414,User5414,,Female,Desktop,Bottom,Food,Light apricot,#FDD5B1,253,213,177,Calm,Monsoon,67,1
3561,User3561,37.0,,,,Tech,Dark tangerine,#FFA812,255,168,18,Happy,Winter,19,1
5878,User5878,,,,Bottom,Sports,Bright turquoise,#08E8DE,8,232,222,Angry,Monsoon,290,1
5425,User5425,,Non-Binary,Mobile,Side,Tech,Pale blue,#AFEEEE,175,238,238,Happy,Spring,183,1
3941,User3941,,,,Bottom,Food,Lime (web) (X11 green),#00FF00,0,255,0,Sad,Spring,15,0
9499,User9499,,Female,,Bottom,Food,Bottle green,#006A4E,0,106,78,Angry,Monsoon,17,1
7824,User7824,,Female,Desktop,Top,Home_Decor,Lemon,#FFF700,255,247,0,Angry,Spring,219,0
8326,User8326,23.0,Female,Desktop,,Sports,Razzle dazzle rose,#FF33CC,255,51,204,Happy,Winter,230,1
4950,User4950,28.0,Male,Mobile,Side,Food,Bright lilac,#D891EF,216,145,239,Sad,Winter,67,1
9888,User9888,49.0,Male,Mobile,Top,Fashion,Spanish sky blue,#00FFFF,0,255,255,Angry,Autumn,259,1
5129,User5129,62.0,Female,Tablet,Side,Tech,Antique brass,#CD9575,205,149,117,Calm,Spring,134,0
6315,User6315,,,Desktop,Top,Fashion,Medium sky blue,#80DAEB,128,218,235,Calm,Monsoon,267,1
5629,User5629,,,Tablet,Top,Food,Dark vanilla,#D1BEA8,209,190,168,Neutral,Autumn,175,1
4123,User4123,,Non-Binary,Desktop,,Food,Teal deer,#99E6B3,153,230,179,Neutral,Winter,194,0
3684,User3684,35.0,Male,Mobile,,Fashion,Ultramarine blue,#4166F5,65,102,245,Sad,Autumn,288,0
9557,User9557,,,Mobile,Top,Fashion,Purple mountain majesty,#9678B6,150,120,182,Angry,Summer,29,0
9436,User9436,,,Mobile,Side,Home_Decor,Sandy Tan,#FDD9B5,253,217,181,Calm,Spring,164,0
5685,User5685,,Non-Binary,Mobile,Bottom,Tech,Star command blue,#007BB8,0,123,184,Calm,Monsoon,221,0
8278,User8278,,,Mobile,Top,Fashion,Deep mauve,#D473D4,212,115,212,Sad,Winter,180,1
7209,User7209,,,Mobile,Top,Tech,Brink pink,#FB607F,251,96,127,Angry,Autumn,225,0
2876,User2876,23.0,Non-Binary,Tablet,Top,Sports,Ultra pink,#FF6FFF,255,111,255,Sad,Monsoon,284,1
393,User393,40.0,,,,Food,Antique brass,#CD9575,205,149,117,Happy,Spring,85,1
1881,User1881,,Non-Binary,Mobile,Bottom,Fashion,Princeton orange,#F58025,245,128,37,Calm,Monsoon,129,0
1474,User1474,31.0,,Desktop,Side,Sports,Green (Color Wheel) (X11 green),#00FF00,0,255,0,Sad,Spring,174,1
8,User8,24.0,Male,Tablet,,Food,Rosy brown,#BC8F8F,188,143,143,Sad,Spring,74,0
3990,User3990,28.0,,,,Home_Decor,Linen,#FAF0E6,250,240,230,Happy,Spring,82,1
1529,User1529,20.0,Female,Mobile,Top,Food,Oxford Blue,#002147,0,33,71,Neutral,Autumn,94,1
5301,User5301,,Male,Tablet,,Fashion,Deep koamaru,#333366,51,51,102,Calm,Spring,115,1
973,User973,37.0,,,Bottom,Sports,International orange (engineering),#BA160C,186,22,12,Sad,Monsoon,168,1
973,User973,,,Mobile,Bottom,Sports,Dark lava,#483C32,72,60,50,Calm,Summer,132,1
6861,User6861,,,Tablet,Side,Sports,Vanilla ice,#F38FA9,243,143,169,Neutral,Monsoon,159,1
7138,User7138,26.0,Male,Tablet,Top,Food,Banana yellow,#FFE135,255,225,53,Sad,Autumn,198,1
1539,User1539,43.0,,Mobile,Bottom,Tech,Ming,#36747D,54,116,125,Happy,Spring,177,1
3335,User3335,24.0,,Mobile,Top,Tech,Mughal green,#306030,48,96,48,Calm,Summer,25,1
5574,User5574,52.0,Female,Desktop,Bottom,Food,Vivid auburn,#922724,146,39,36,Happy,Autumn,113,1
5425,User5425,,,Mobile,,Fashion,Pale aqua,#BCD4E6,188,212,230,Neutral,Winter,133,1
9290,User9290,61.0,,Desktop,,Food,Cadmium orange,#ED872D,237,135,45,Neutral,Winter,284,1
4483,User4483,,,Desktop,Top,Tech,Vivid tangerine,#FFA089,255,160,137,Calm,Winter,31,1
585,User585,59.0,Female,Mobile,Side,Food,Verdigris,#43B3AE,67,179,174,Neutral,Summer,96,0
7910,User7910,58.0,Non-Binary,Desktop,Side,Sports,Green Lizard,#A7F432,167,244,50,Angry,Monsoon,299,0
1454,User1454,,Female,Tablet,,Fashion,Ocean Boat Blue,#0077BE,0,119,190,Calm,Summer,59,1
9894,User9894,,,Mobile,,Fashion,Palatinate purple,#682860,104,40,96,Angry,Summer,200,1
2581,User2581,,Female,Mobile,Bottom,Home_Decor,Pale violet-red,#DB7093,219,112,147,Neutral,Summer,225,1
1762,User1762,41.0,Male,Desktop,Side,Food,Old silver,#848482,132,132,130,Calm,Winter,160,1
3029,User3029,62.0,Female,Desktop,,Sports,True Blue,#0073CF,0,115,207,Angry,Monsoon,105,0
3906,User3906,,Non-Binary,Tablet,Bottom,Food,Misty rose,#FFE4E1,255,228,225,Neutral,Summer,240,1
3393,User3393,,Male,Tablet,,Home_Decor,Palatinate purple,#682860,104,40,96,Sad,Monsoon,289,1
4034,User4034,43.0,Female,Desktop,Top,Home_Decor,Dark byzantium,#5D3954,93,57,84,Sad,Spring,73,1
9649,User9649,,,Mobile,Bottom,Food,Dingy Dungeon,#C53151,197,49,81,Happy,Summer,271,0
1975,User1975,30.0,Female,Mobile,Top,Food,Celadon blue,#007BA7,0,123,167,Sad,Summer,142,1
4981,User4981,,,,Bottom,Food,Royal azure,#0038A8,0,56,168,Angry,Summer,252,1
471,User471,40.0,,,,Tech,Ruby red,#9B111E,155,17,30,Sad,Spring,107,0
3801,User3801,26.0,Non-Binary,Desktop,Side,Home_Decor,Iris,#5A4FCF,90,79,207,Calm,Spring,112,1
2733,User2733,,Non-Binary,Tablet,,Fashion,Deep mauve,#D473D4,212,115,212,Calm,Winter,204,1
9267,User9267,20.0,,Desktop,Top,Tech,St. Patrick's blue,#23297A,35,41,122,Calm,Autumn,219,1
8243,User8243,24.0,Non-Binary,Desktop,Bottom,Sports,Light salmon,#FFA07A,255,160,122,Sad,Monsoon,159,0
7468,User7468,21.0,,Mobile,Side,Fashion,Dingy Dungeon,#C53151,197,49,81,Sad,Autumn,91,0
998,User998,,,Tablet,Top,Fashion,Maize,#FBEC5D,251,236,93,Happy,Summer,213,1
5766,User5766,,Male,Desktop,Side,Fashion,Green Lizard,#A7F432,167,244,50,Neutral,Summer,182,1
7138,User7138,26.0,Male,Tablet,,Home_Decor,Persimmon,#EC5800,236,88,0,Happy,Winter,78,1
4976,User4976,34.0,,Mobile,Bottom,Sports,Big dip o’ruby,#9C2542,156,37,66,Angry,Autumn,262,1
4254,User4254,19.0,Male,Desktop,Bottom,Tech,Cinnamon Satin,#CD607E,205,96,126,Calm,Summer,277,1
8252,User8252,,Male,Tablet,Side,Sports,Raspberry rose,#B3446C,179,68,108,Sad,Autumn,28,1
195,User195,,Male,Desktop,Bottom,Tech,Wild watermelon,#FC6C85,252,108,133,Neutral,Winter,75,0
7475,User7475,53.0,Female,Tablet,Bottom,Home_Decor,Dark liver (horses),#543D37,84,61,55,Neutral,Autumn,87,1
4086,User4086,,Female,Desktop,,Sports,Medium taupe,#674C47,103,76,71,Sad,Monsoon,296,1
4058,User4058,33.0,,Tablet,Bottom,Fashion,Chartreuse (traditional),#DFFF00,223,255,0,Happy,Winter,14,1
6066,User6066,,,Desktop,,Sports,Turtle green,#8A9A5B,138,154,91,Neutral,Autumn,47,1
7971,User7971,,Non-Binary,Tablet,Top,Home_Decor,Battleship grey,#848482,132,132,130,Happy,Summer,55,1
2204,User2204,50.0,,Tablet,Side,Home_Decor,Eerie black,#1B1B1B,27,27,27,Sad,Spring,211,0
7149,User7149,,,Mobile,Top,Home_Decor,Spanish crimson,#E51A4C,229,26,76,Happy,Spring,111,0
9196,User9196,37.0,,Desktop,Side,Tech,Cultured,#F5F5F5,245,245,245,Calm,Winter,263,0
6153,User6153,30.0,,Mobile,Side,Sports,Slimy Green,#299617,41,150,23,Sad,Spring,198,1
2555,User2555,,Non-Binary,Tablet,Bottom,Fashion,Lemon meringue,#F6EABE,246,234,190,Sad,Monsoon,239,1
1805,User1805,,,Mobile,Top,Fashion,Rose red,#C21E56,194,30,86,Neutral,Winter,167,1
6620,User6620,52.0,Female,,Top,Food,Raspberry rose,#B3446C,179,68,108,Neutral,Summer,73,1
6100,User6100,,,Desktop,Bottom,Home_Decor,Medium Tuscan red,#79443B,121,68,59,Neutral,Summer,296,1
8361,User8361,41.0,Female,Mobile,,Fashion,Magenta (process),#FF0090,255,0,144,Calm,Winter,261,1
6946,User6946,30.0,,Tablet,Bottom,Home_Decor,Feldgrau,#4D5D53,77,93,83,Calm,Spring,189,0
6008,User6008,,,Desktop,Top,Fashion,Ultra pink,#FF6FFF,255,111,255,Angry,Spring,259,0
1549,User1549,,,Desktop,Top,Sports,Blush,#DE5D83,222,93,131,Sad,Summer,120,1
1741,User1741,45.0,,Mobile,Bottom,Food,China pink,#DE6FA1,222,111,161,Neutral,Monsoon,18,1
6095,User6095,52.0,Male,Desktop,Top,Home_Decor,Antique fuchsia,#915C83,145,92,131,Sad,Spring,219,0
3330,User3330,49.0,,,Top,Tech,Teal deer,#99E6B3,153,230,179,Happy,Monsoon,97,1
9642,User9642,,Non-Binary,Mobile,,Tech,Light brown,#B5651D,181,101,29,Calm,Spring,238,1
9414,User9414,60.0,Non-Binary,Desktop,Top,Fashion,Imperial blue,#002395,0,35,149,Angry,Winter,184,0
6849,User6849,,,Mobile,Top,Sports,Middle Blue Purple,#8B72BE,139,114,190,Happy,Autumn,58,1
7741,User7741,27.0,,Tablet,Side,Home_Decor,Ruddy brown,#BB6528,187,101,40,Sad,Summer,34,0
3330,User3330,49.0,,Desktop,Top,Food,Pastel orange,#FFB347,255,179,71,Calm,Winter,16,1
9689,User9689,,Male,,,Sports,Blue (pigment),#333399,51,51,153,Neutral,Spring,115,1
6927,User6927,45.0,,Tablet,Top,Fashion,Silver pink,#C4AEAD,196,174,173,Happy,Summer,116,0
4696,User4696,55.0,Non-Binary,Tablet,Top,Sports,Mauve,#E0B0FF,224,176,255,Calm,Autumn,173,0
5005,User5005,49.0,Male,,Top,Food,Purple (Munsell),#9F00C5,159,0,197,Sad,Autumn,108,1
1762,User1762,,Male,Desktop,Side,Sports,Deep carmine pink,#EF3038,239,48,56,Sad,Spring,15,1
3330,User3330,49.0,Male,Desktop,Top,Home_Decor,Paolo Veronese green,#009B7D,0,155,125,Happy,Summer,276,1
1586,User1586,38.0,,Desktop,,Fashion,Sand,#C2B280,194,178,128,Happy,Spring,18,1
4953,User4953,,,Tablet,Side,Food,Wintergreen Dream,#56887D,86,136,125,Happy,Autumn,179,0
9753,User9753,46.0,Male,Tablet,Top,Fashion,Aquamarine,#7FFFD4,127,255,212,Angry,Winter,162,1
5832,User5832,,Non-Binary,Desktop,Side,Home_Decor,Liver (dogs),#B86D29,184,109,41,Neutral,Winter,114,1
3225,User3225,23.0,,Tablet,Bottom,Food,Portland Orange,#FF5A36,255,90,54,Calm,Monsoon,156,1
6180,User6180,,,,Top,Food,Sangria,#92000A,146,0,10,Sad,Autumn,238,0
5053,User5053,61.0,,Tablet,,Fashion,French raspberry,#C72C48,199,44,72,Sad,Autumn,145,1
1635,User1635,54.0,Female,Tablet,Top,Sports,Middle Blue,#7ED4E6,126,212,230,Neutral,Spring,123,1
2655,User2655,57.0,,Mobile,Bottom,Sports,Orange-red,#FF4500,255,69,0,Happy,Monsoon,13,0
9766,User9766,31.0,Male,Desktop,Bottom,Tech,Mustard,#FFDB58,255,219,88,Happy,Monsoon,181,1
9549,User9549,29.0,,Tablet,Bottom,Tech,Alizarin crimson,#E32636,227,38,54,Sad,Summer,53,0
8459,User8459,38.0,Non-Binary,Tablet,Bottom,Food,Pink-orange,#FF9966,255,153,102,Neutral,Spring,153,1
5574,User5574,,Female,Desktop,Bottom,Fashion,Platinum,#E5E4E2,229,228,226,Sad,Winter,161,1
8728,User8728,,,,,Food,Otter brown,#654321,101,67,33,Happy,Summer,96,0
8015,User8015,47.0,,Tablet,Top,Fashion,Denim,#1560BD,21,96,189,Calm,Monsoon,156,0
5520,User5520,,Non-Binary,Desktop,Bottom,Home_Decor,Dark turquoise,#00CED1,0,206,209,Happy,Winter,174,1
4707,User4707,21.0,,Desktop,Top,Tech,Coyote brown,#81613C,129,97,60,Calm,Autumn,88,1
9266,User9266,38.0,,Mobile,Bottom,Food,Violet,#8F00FF,143,0,255,Angry,Spring,52,1
8115,User8115,,Female,Mobile,Top,Home_Decor,Maximum Blue Purple,#ACACE6,172,172,230,Neutral,Monsoon,221,1
6281,User6281,53.0,Female,Mobile,Side,Sports,Mardi Gras,#880085,136,0,133,Angry,Autumn,81,0
1318,User1318,24.0,,Desktop,Top,Tech,Quartz,#51484F,81,72,79,Happy,Monsoon,47,0
7304,User7304,,Male,Desktop,Side,Fashion,Duke blue,#00009C,0,0,156,Neutral,Winter,268,0
3204,User3204,38.0,Female,,Bottom,Sports,Orange-yellow,#F8D568,248,213,104,Happy,Summer,67,0
8245,User8245,57.0,,Mobile,,Sports,Gainsboro,#DCDCDC,220,220,220,Neutral,Winter,249,0
5301,User5301,,,,Side,Home_Decor,Battleship grey,#848482,132,132,130,Neutral,Spring,124,1
2142,User2142,,Non-Binary,Desktop,Top,Food,Stizza,#990000,153,0,0,Happy,Spring,266,1
8947,User8947,22.0,Male,Desktop,,Food,Tuscan red,#7C4848,124,72,72,Happy,Monsoon,254,1
5230,User5230,,,Mobile,Top,Home_Decor,Celeste,#B2FFFF,178,255,255,Neutral,Winter,56,0
7695,User7695,,,Tablet,Top,Sports,Chartreuse (web),#7FFF00,127,255,0,Neutral,Summer,281,0
9807,User9807,35.0,Non-Binary,Tablet,,Tech,Charcoal,#36454F,54,69,79,Happy,Spring,146,1
8938,User8938,,,Tablet,Top,Sports,Green-yellow,#ADFF2F,173,255,47,Happy,Summer,255,0
3430,User3430,61.0,Male,Desktop,,Home_Decor,Amaranth,#E52B50,229,43,80,Sad,Autumn,229,1
7099,User7099,22.0,Female,Mobile,Top,Sports,Pear,#D1E231,209,226,49,Sad,Monsoon,157,1
3746,User3746,,Male,,Top,Sports,Dark turquoise,#00CED1,0,206,209,Sad,Summer,60,1
6449,User6449,42.0,,,Top,Sports,Medium Persian blue,#0067A5,0,103,165,Angry,Monsoon,13,1
7652,User7652,,,Mobile,Bottom,Sports,Interdimensional Blue,#360CCC,54,12,204,Neutral,Autumn,245,1
5019,User5019,49.0,Non-Binary,Desktop,Bottom,Tech,Purple (X11),#A020F0,160,32,240,Calm,Summer,168,0
7615,User7615,,,Tablet,,Fashion,Cornell Red,#B31B1B,179,27,27,Angry,Summer,137,0
6683,User6683,,Female,Tablet,Side,Fashion,Rich electric blue,#0892D0,8,146,208,Neutral,Autumn,85,1
5240,User5240,25.0,Female,Desktop,Top,Food,Medium Tuscan red,#79443B,121,68,59,Calm,Winter,139,0
9499,User9499,,Female,Mobile,Bottom,Fashion,Peach,#FFCBA4,255,203,164,Sad,Summer,138,1
5074,User5074,,Non-Binary,,Side,Fashion,Orange (Pantone),#FF5800,255,88,0,Calm,Summer,56,0
1524,User1524,24.0,,Mobile,,Fashion,Ultramarine,#3F00FF,18,10,143,Happy,Spring,206,1
1762,User1762,41.0,Male,Desktop,Side,Sports,Lilac Luster,#AE98AA,174,152,170,Happy,Winter,202,1
5329,User5329,54.0,Male,Tablet,Side,Sports,Roman silver,#838996,131,137,150,Neutral,Summer,110,1
3245,User3245,40.0,,Desktop,Side,Tech,Gargoyle Gas,#FFDF46,255,223,70,Angry,Autumn,248,1
4548,User4548,,Male,,Side,Sports,Maroon (HTML/CSS),#800000,128,0,0,Sad,Monsoon,237,1
188,User188,56.0,Female,Tablet,,Sports,Maximum Purple,#733380,115,51,128,Neutral,Autumn,18,1
7323,User7323,59.0,Non-Binary,Mobile,Top,Fashion,Green Sheen,#6EAEA1,110,174,161,Sad,Winter,229,0
2215,User2215,33.0,Female,Tablet,Top,Tech,Rich electric blue,#0892D0,8,146,208,Happy,Spring,215,0
2595,User2595,,Female,Desktop,Bottom,Tech,Rose taupe,#905D5D,144,93,93,Angry,Spring,205,1
573,User573,,,Desktop,Side,Fashion,Old moss green,#867E36,134,126,54,Angry,Spring,169,0
8773,User8773,,,Mobile,Side,Fashion,Pakistan green,#006600,0,102,0,Happy,Autumn,53,0
2303,User2303,64.0,Male,Tablet,Bottom,Tech,Charm pink,#E68FAC,230,143,172,Calm,Monsoon,137,0
6959,User6959,39.0,,Desktop,Top,Home_Decor,Violet (web),#EE82EE,238,130,238,Angry,Monsoon,74,1
5432,User5432,37.0,,,Top,Fashion,Café au lait,#A67B5B,166,123,91,Calm,Summer,123,0
58,User58,36.0,Female,,Top,Fashion,Red-orange,#FF5349,255,83,73,Sad,Monsoon,143,1
9412,User9412,,,Mobile,Bottom,Tech,Brown Sugar,#AF6E4D,175,110,77,Angry,Monsoon,247,1
2239,User2239,,,Tablet,Bottom,Home_Decor,Hansa yellow,#E9D66B,233,214,107,Happy,Summer,185,1
5414,User5414,,Female,Desktop,Bottom,Home_Decor,Spanish red,#E60026,230,0,38,Calm,Autumn,187,1
5629,User5629,,,Tablet,Top,Food,French puce,#4E1609,78,22,9,Sad,Autumn,54,1
5439,User5439,38.0,,Tablet,Side,Home_Decor,Baby powder,#FEFEFA,254,254,250,Sad,Winter,185,1
4548,User4548,,Male,Desktop,,Fashion,Honeydew,#F0FFF0,240,255,240,Angry,Autumn,129,1
8530,User8530,52.0,Female,Mobile,Top,Sports,Vivid raspberry,#FF006C,255,0,108,Angry,Spring,235,1
1240,User1240,52.0,,Desktop,,Tech,Ruby red,#9B111E,155,17,30,Neutral,Spring,7,0
6288,User6288,61.0,Non-Binary,Tablet,Bottom,Fashion,Giant's Club,#B05C52,176,92,82,Neutral,Winter,177,1
1905,User1905,62.0,,Mobile,Bottom,Tech,Mint,#3EB489,62,180,137,Angry,Monsoon,85,1
7138,User7138,26.0,Male,Tablet,,Home_Decor,Navy purple,#9457EB,148,87,235,Neutral,Winter,279,1
6401,User6401,45.0,Female,,,Tech,Sonic silver,#757575,117,117,117,Happy,Summer,223,1
315,User315,,Non-Binary,Desktop,Side,Fashion,Flattery,#6B4423,107,68,35,Happy,Winter,144,1
6765,User6765,,Female,Tablet,Side,Sports,Turkish rose,#B57281,181,114,129,Neutral,Winter,67,1
1729,User1729,26.0,Female,,Top,Fashion,Electric indigo,#6F00FF,111,0,255,Angry,Spring,31,1
3297,User3297,,Female,Tablet,,Food,Baby blue,#89CFF0,137,207,240,Happy,Summer,200,1
6861,User6861,,Non-Binary,Tablet,Side,Tech,Rose Dust,#9E5E6F,158,94,111,Sad,Summer,156,1
1367,User1367,29.0,Male,Mobile,,Fashion,Carmine pink,#EB4C42,235,76,66,Angry,Winter,256,0
7921,User7921,49.0,Male,,Top,Home_Decor,Electric crimson,#FF003F,255,0,63,Calm,Summer,252,0
5732,User5732,,Non-Binary,,Bottom,Home_Decor,Lawn green,#7CFC00,124,252,0,Calm,Summer,158,1
5412,User5412,35.0,,Mobile,Top,Fashion,Nickel,#727472,114,116,114,Angry,Autumn,214,1
9796,User9796,24.0,,Mobile,,Food,Burnt sienna,#E97451,233,116,81,Neutral,Summer,26,0
9146,User9146,58.0,,Desktop,Top,Tech,Languid lavender,#D6CADD,214,202,221,Happy,Monsoon,74,1
3237,User3237,43.0,,Tablet,,Food,Fulvous,#E48400,228,132,0,Happy,Summer,23,0
5066,User5066,46.0,Non-Binary,,,Sports,French blue,#0072BB,0,114,187,Angry,Spring,105,1
9095,User9095,,Female,,Top,Fashion,Old lace,#FDF5E6,253,245,230,Sad,Autumn,166,0
5756,User5756,51.0,Non-Binary,Tablet,Top,Food,Smokey Topaz,#832A0D,131,42,34,Neutral,Spring,143,1
7538,User7538,31.0,,Mobile,Side,Sports,Powder blue,#B0E0E6,176,224,230,Sad,Spring,92,0
2791,User2791,,,Tablet,Bottom,Food,Amaranth deep purple,#9F2B68,159,43,104,Angry,Monsoon,41,0
6344,User6344,,,Desktop,Top,Sports,Mellow apricot,#F8B878,248,184,120,Angry,Autumn,175,0
628,User628,59.0,,Mobile,Bottom,Home_Decor,Dark slate gray,#2F4F4F,47,79,79,Sad,Winter,264,0
1755,User1755,,Non-Binary,Tablet,Bottom,Home_Decor,Rich maroon,#B03060,176,48,96,Calm,Summer,275,1
6581,User6581,33.0,,Mobile,Bottom,Fashion,Licorice,#1A1110,26,17,16,Angry,Monsoon,259,1
2109,User2109,58.0,Non-Binary,Desktop,Top,Food,Indian yellow,#E3A857,227,168,87,Neutral,Monsoon,144,0
9419,User9419,64.0,,Mobile,Side,Home_Decor,Lavender blue,#CCCCFF,204,204,255,Sad,Winter,72,1
9064,User9064,41.0,Female,Mobile,,Tech,Platinum,#E5E4E2,229,228,226,Calm,Monsoon,72,1
4057,User4057,,,Desktop,Side,Home_Decor,Pale cyan,#87D3F8,135,211,248,Sad,Winter,173,1
4043,User4043,,,,Top,Home_Decor,Very light tangelo,#FFB077,255,176,119,Calm,Winter,109,0
4191,User4191,,,Mobile,Bottom,Food,Deep champagne,#FAD6A5,250,214,165,Calm,Winter,62,0
6051,User6051,18.0,Female,Tablet,Side,Sports,Palm Leaf,#6F9940,130,142,132,Neutral,Monsoon,191,0
2373,User2373,31.0,,Desktop,Bottom,Tech,Vivid cerulean,#00AAEE,0,170,238,Angry,Winter,60,1
5110,User5110,44.0,,Tablet,Top,Tech,French bistre,#856D4D,133,109,77,Calm,Monsoon,8,1
6074,User6074,35.0,Male,,,Sports,Chinese red,#AA381E,170,56,30,Angry,Autumn,289,1
284,User284,,Non-Binary,,Side,Food,Laurel green,#A9BA9D,169,186,157,Neutral,Winter,21,1
4230,User4230,35.0,Female,Tablet,Top,Home_Decor,Russian violet,#32174D,50,23,77,Angry,Monsoon,241,1
5094,User5094,48.0,,Mobile,Side,Sports,Zaffre,#0014A8,0,20,168,Happy,Monsoon,254,0
5980,User5980,,,Desktop,Side,Tech,Royal fuchsia,#CA2C92,202,44,146,Calm,Monsoon,28,1
5212,User5212,,,Desktop,,Tech,Amaranth,#E52B50,229,43,80,Neutral,Summer,120,0
3330,User3330,49.0,Male,Desktop,,Home_Decor,Heliotrope,#DF73FF,223,115,255,Sad,Summer,242,1
3561,User3561,37.0,,Desktop,Side,Home_Decor,Old mauve,#673147,103,49,71,Neutral,Winter,173,1
1225,User1225,27.0,,Tablet,,Fashion,Amazon,#3B7A57,59,122,87,Calm,Autumn,292,1
3449,User3449,,Female,Tablet,Top,Sports,Cinereous,#98817B,152,129,123,Neutral,Winter,245,0
8948,User8948,25.0,,Mobile,Bottom,Home_Decor,Rose quartz,#AA98A9,170,152,169,Sad,Spring,294,1
5647,User5647,46.0,,Tablet,,Fashion,Olive Drab #7,#3C341F,60,52,31,Happy,Spring,255,1
6906,User6906,,Non-Binary,Mobile,,Food,Terra cotta,#E2725B,226,114,91,Calm,Autumn,169,1
234,User234,19.0,Female,Tablet,Bottom,Tech,Electric purple,#BF00FF,191,0,255,Calm,Autumn,145,1
7376,User7376,,,Mobile,Side,Sports,Slate blue,#6A5ACD,106,90,205,Neutral,Autumn,124,1
9795,User9795,55.0,,Tablet,Side,Food,Floral white,#FFFAF0,255,250,240,Angry,Summer,165,0
1650,User1650,29.0,,Desktop,Bottom,Sports,OU Crimson Red,#990000,153,0,0,Angry,Summer,109,1
2047,User2047,64.0,,Tablet,,Sports,Psychedelic purple,#DF00FF,223,0,255,Sad,Spring,96,0
4865,User4865,,Female,Tablet,Top,Home_Decor,Cosmic Cobalt,#2E2D88,46,45,136,Happy,Autumn,208,0
9967,User9967,,,Mobile,Side,Fashion,Blue Bell,#A2A2D0,162,162,208,Happy,Monsoon,44,1
2044,User2044,31.0,,Mobile,Top,Sports,Rich lavender,#A76BCF,167,107,207,Neutral,Spring,58,1
3037,User3037,36.0,Male,Mobile,Side,Food,MSU Green,#18453B,24,69,59,Neutral,Autumn,93,1
6669,User6669,38.0,,Mobile,Side,Sports,Steel pink,#CC33CC,204,51,204,Angry,Monsoon,139,1
9611,User9611,,Male,Desktop,Side,Fashion,Veronica,#A020F0,160,32,240,Happy,Autumn,6,1
3746,User3746,,Male,Desktop,Top,Tech,Orange (color wheel),#FF7F00,255,127,0,Happy,Winter,101,1
7224,User7224,29.0,,Mobile,Bottom,Sports,Chocolate (web),#D2691E,210,105,30,Happy,Monsoon,60,0
5531,User5531,34.0,,Desktop,,Food,Purple Heart,#69359C,105,53,156,Sad,Winter,128,1
3323,User3323,48.0,Female,Tablet,Side,Tech,Fuchsia pink,#FF77FF,255,119,255,Sad,Summer,189,1
6066,User6066,,,Desktop,Side,Tech,Cocoa brown,#D2691E,210,105,30,Neutral,Spring,129,1
2563,User2563,33.0,,Tablet,Bottom,Home_Decor,Sangria,#92000A,146,0,10,Angry,Autumn,268,0
3644,User3644,,Female,,Side,Home_Decor,Tango pink,#E4717A,228,113,122,Calm,Spring,195,1
9975,User9975,37.0,Male,Mobile,,Sports,Green Lizard,#A7F432,167,244,50,Angry,Autumn,219,0
2336,User2336,32.0,,Tablet,,Food,UP Maroon,#7B1113,123,17,19,Sad,Winter,225,1
8147,User8147,32.0,Female,Desktop,Top,Home_Decor,Orange (Crayola),#FF7538,255,117,56,Sad,Monsoon,203,1
7281,User7281,,,Desktop,Side,Fashion,Mountain Meadow,#30BA8F,48,186,143,Neutral,Monsoon,178,0
7962,User7962,58.0,,Tablet,Top,Fashion,Light moss green,#ADDFAD,173,223,173,Calm,Autumn,221,1
9431,User9431,,Male,,,Tech,Rich carmine,#D70040,215,0,64,Happy,Winter,210,1
5194,User5194,53.0,Male,Mobile,Top,Tech,Light carmine pink,#E66771,230,103,113,Calm,Autumn,71,1
1233,User1233,57.0,,,Top,Tech,Cyan (process),#00B7EB,0,183,235,Calm,Autumn,178,0
9266,User9266,38.0,,Mobile,Bottom,Fashion,Citrine,#E4D00A,228,208,10,Calm,Autumn,82,1
5085,User5085,,,Tablet,Top,Home_Decor,Mountbatten pink,#997A8D,153,122,141,Neutral,Monsoon,46,1
5806,User5806,,,Desktop,Side,Home_Decor,Green (Color Wheel) (X11 green),#00FF00,0,255,0,Sad,Autumn,68,0
2289,User2289,,Female,Desktop,Bottom,Sports,Sandy Tan,#FDD9B5,253,217,181,Happy,Monsoon,203,1
3345,User3345,39.0,Male,Desktop,Side,Food,Sunburnt Cyclops,#FF404C,255,64,76,Calm,Summer,94,1
1305,User1305,,,,Top,Fashion,Green (pigment),#00A550,0,165,80,Happy,Winter,11,1
8966,User8966,,Non-Binary,Mobile,Bottom,Tech,American rose,#FF033E,255,3,62,Calm,Summer,267,0
2722,User2722,39.0,,Desktop,Top,Food,USC Gold,#FFCC00,255,204,0,Sad,Autumn,126,1
3574,User3574,,Female,Tablet,,Tech,Dark cyan,#008B8B,0,139,139,Happy,Monsoon,168,1
2934,User2934,,Non-Binary,Desktop,Top,Food,Debian red,#D70A53,215,10,83,Angry,Winter,120,1
7700,User7700,45.0,Male,Tablet,Bottom,Food,Sea blue,#006994,0,105,148,Sad,Spring,17,0
58,User58,,Female,Mobile,Top,Home_Decor,Brilliant lavender,#F4BBFF,244,187,255,Happy,Winter,24,1
375,User375,26.0,Non-Binary,Mobile,Top,Sports,Green-yellow,#ADFF2F,173,255,47,Calm,Winter,205,1
7218,User7218,59.0,Non-Binary,Mobile,Top,Sports,Chrome yellow,#FFA700,255,167,0,Calm,Autumn,258,0
1524,User1524,24.0,Male,Mobile,Bottom,Tech,Dark salmon,#E9967A,233,150,122,Sad,Summer,90,1
1136,User1136,58.0,,Mobile,Side,Fashion,Pink pearl,#E7ACCF,231,172,207,Sad,Summer,184,1
5512,User5512,45.0,Non-Binary,Desktop,Side,Sports,UP Maroon,#7B1113,123,17,19,Calm,Spring,241,0
2428,User2428,33.0,,Tablet,Side,Fashion,Black bean,#3D0C02,61,12,2,Happy,Autumn,65,1
1908,User1908,26.0,Male,Mobile,,Tech,Pomp and Power,#86608E,134,96,142,Angry,Winter,219,1
7289,User7289,18.0,,Tablet,Top,Fashion,Azure,#007FFF,0,127,255,Neutral,Summer,219,0
9736,User9736,,,Desktop,Bottom,Food,Pansy purple,#78184A,120,24,74,Sad,Summer,94,1
7466,User7466,47.0,,Mobile,Bottom,Food,Pastel brown,#836953,130,105,83,Calm,Monsoon,100,1
4621,User4621,20.0,,Desktop,Top,Tech,Vivid yellow,#FFE302,255,227,2,Happy,Winter,65,1
2142,User2142,34.0,Non-Binary,Desktop,Top,Fashion,Flattery,#6B4423,107,68,35,Sad,Autumn,60,1
5172,User5172,,,Desktop,,Fashion,Rocket metallic,#8A7F80,138,127,128,Happy,Summer,224,0
7766,User7766,,,Mobile,Top,Tech,Blue (Pantone),#0018A8,0,24,168,Sad,Autumn,98,1
3216,User3216,54.0,Non-Binary,,Side,Sports,Rich brilliant lavender,#F1A7FE,241,167,254,Calm,Winter,44,0
3556,User3556,,Female,Tablet,Bottom,Home_Decor,Lavender indigo,#9457EB,148,87,235,Happy,Winter,252,0
5479,User5479,,,,Side,Sports,Electric lime,#CCFF00,204,255,0,Calm,Summer,221,0
1136,User1136,58.0,,Mobile,Side,Home_Decor,Egyptian blue,#1034A6,16,52,166,Happy,Spring,158,1
4266,User4266,28.0,,Desktop,Side,Fashion,Eton blue,#96C8A2,150,200,162,Sad,Autumn,66,1
5566,User5566,,Non-Binary,,Bottom,Home_Decor,Pumpkin,#FF7518,255,117,24,Neutral,Autumn,244,1
3325,User3325,,,Mobile,Bottom,Home_Decor,Magic Potion,#FF4466,255,68,102,Neutral,Monsoon,194,1
8937,User8937,,Male,,Side,Fashion,Fuchsia pink,#FF77FF,255,119,255,Angry,Winter,150,1
3037,User3037,36.0,Male,Mobile,Side,Food,Imperial red,#ED2939,237,41,57,Angry,Winter,14,1
6411,User6411,,,Desktop,,Home_Decor,Teal deer,#99E6B3,153,230,179,Calm,Summer,296,0
8855,User8855,,Non-Binary,Tablet,Side,Tech,Bittersweet shimmer,#BF4F51,191,79,81,Happy,Summer,134,0
2428,User2428,33.0,,Tablet,,Sports,Cyan cobalt blue,#28589C,40,88,156,Angry,Summer,64,1
6996,User6996,,Non-Binary,Mobile,Top,Fashion,Copper,#B87333,184,115,51,Sad,Monsoon,179,0
1351,User1351,,Male,Mobile,,Fashion,Dust storm,#E5CCC9,229,204,201,Neutral,Spring,77,0
1456,User1456,46.0,Female,Desktop,,Home_Decor,Charm pink,#E68FAC,230,143,172,Happy,Summer,243,0
5329,User5329,54.0,,Tablet,Side,Food,Orange peel,#FF9F00,255,159,0,Neutral,Summer,183,1
482,User482,39.0,Female,Desktop,Bottom,Food,UA blue,#0033AA,0,51,170,Happy,Summer,71,0
2867,User2867,59.0,Female,Tablet,Top,Sports,Baby pink,#F4C2C2,244,194,194,Angry,Monsoon,85,0
7534,User7534,24.0,,,Side,Sports,Peach-yellow,#FADFAD,250,223,173,Angry,Autumn,81,0
9064,User9064,41.0,Female,Mobile,Top,Food,Pale gold,#E6BE8A,230,190,138,Calm,Spring,252,1
7014,User7014,,Non-Binary,,Side,Food,Plump Purple,#5946B2,89,70,178,Happy,Autumn,199,0
4049,User4049,57.0,,Desktop,Top,Food,Brandeis blue,#0070FF,0,112,255,Sad,Winter,72,1
9086,User9086,,Non-Binary,Tablet,,Home_Decor,Tiger's eye,#E08D3C,224,141,60,Angry,Winter,60,0
1629,User1629,24.0,,Mobile,Bottom,Tech,Vivid red-tangelo,#DF6124,223,97,36,Calm,Summer,103,0
5100,User5100,42.0,,Mobile,Side,Sports,Zomp,#39A78E,57,167,142,Angry,Autumn,274,1
5627,User5627,22.0,Male,Mobile,Bottom,Fashion,Fluorescent pink,#FF1493,255,20,147,Neutral,Monsoon,80,0
7828,User7828,29.0,,Tablet,Bottom,Food,Rubine red,#D10056,209,0,86,Angry,Spring,70,1
1533,User1533,37.0,Male,Mobile,Top,Food,Jade,#00A86B,0,168,107,Happy,Autumn,37,0
3312,User3312,35.0,Male,Mobile,Bottom,Tech,Bone,#E3DAC9,227,218,201,Calm,Autumn,273,0
8070,User8070,34.0,,Mobile,Side,Food,Picton blue,#45B1E8,69,177,232,Happy,Spring,34,0
4534,User4534,51.0,,Desktop,,Sports,Eggshell,#F0EAD6,240,234,214,Sad,Autumn,30,0
5005,User5005,49.0,Male,Desktop,Top,Food,Pastel yellow,#FDFD96,253,253,150,Sad,Autumn,214,1
2542,User2542,58.0,Non-Binary,Mobile,Side,Tech,Puce,#CC8899,204,136,153,Angry,Spring,273,1
9766,User9766,31.0,,Desktop,,Home_Decor,Solid pink,#893843,137,56,67,Calm,Monsoon,127,1
3393,User3393,,Male,Tablet,Top,Sports,Queen pink,#E8CCD7,232,204,215,Calm,Spring,37,1
2124,User2124,,Male,Desktop,Top,Home_Decor,B'dazzled blue,#2E5894,46,88,148,Calm,Summer,147,1
1422,User1422,59.0,Female,Mobile,Side,Fashion,Dark imperial blue,#00416A,0,65,106,Calm,Summer,149,0
8097,User8097,,Non-Binary,Tablet,Side,Tech,Amazon,#3B7A57,59,122,87,Angry,Summer,266,1
6849,User6849,39.0,,Mobile,Top,Fashion,UFO Green,#3CD070,60,208,112,Happy,Summer,9,1
1704,User1704,61.0,,Tablet,Bottom,Fashion,Saffron,#F4C430,244,196,48,Angry,Winter,165,1
6495,User6495,,Non-Binary,Tablet,Bottom,Fashion,Viridian,#40826D,64,130,109,Happy,Monsoon,148,1
5909,User5909,45.0,,Tablet,,Fashion,Italian sky blue,#B2FFFF,178,255,255,Neutral,Winter,156,1
393,User393,40.0,,,Bottom,Tech,Spanish gray,#989898,152,152,152,Neutral,Autumn,9,1
2555,User2555,,Non-Binary,Tablet,Bottom,Home_Decor,True Blue,#0073CF,0,115,207,Happy,Autumn,199,1
4871,User4871,58.0,Female,,Side,Food,Denim Blue,#2243B6,34,67,182,Angry,Spring,129,1
6724,User6724,,,Desktop,Top,Fashion,Orange peel,#FF9F00,255,159,0,Sad,Summer,80,1
6708,User6708,,,Desktop,Top,Food,Tulip,#FF878D,255,135,141,Angry,Spring,173,1
8305,User8305,62.0,,,Side,Food,Titanium yellow,#EEE600,238,230,0,Sad,Autumn,221,0
7714,User7714,55.0,Male,Mobile,,Fashion,Slimy Green,#299617,41,150,23,Angry,Summer,187,0
2124,User2124,,Male,,Top,Sports,Yankees blue,#1C2841,28,40,65,Calm,Monsoon,117,1
4266,User4266,28.0,,Desktop,,Food,Pale lavender,#DCD0FF,220,208,255,Calm,Autumn,280,1
184,User184,28.0,,,Top,Sports,Heart Gold,#808000,128,128,0,Neutral,Spring,182,0
6602,User6602,,,Desktop,Side,Home_Decor,Denim,#1560BD,21,96,189,Neutral,Spring,129,1
3102,User3102,,Non-Binary,,,Food,Blue (pigment),#333399,51,51,153,Happy,Autumn,295,0
5194,User5194,53.0,,Mobile,Top,Tech,Liver (organ),#6C2E1F,108,46,31,Sad,Winter,203,1
7527,User7527,39.0,Female,Desktop,Top,Home_Decor,Rebecca Purple,#663399,102,52,153,Calm,Monsoon,142,0
3634,User3634,,Male,Mobile,,Home_Decor,Cool grey,#8C92AC,140,146,172,Angry,Autumn,222,0
7286,User7286,25.0,,,Top,Sports,Mimi Pink,#FFDAE9,255,218,233,Happy,Autumn,172,0
7878,User7878,60.0,,,Side,Fashion,Gunmetal,#2a3439,42,52,57,Angry,Spring,138,1
1273,User1273,27.0,Non-Binary,,Bottom,Tech,Pale pink,#FADADD,250,218,221,Calm,Summer,165,1
6258,User6258,,,,,Tech,International orange (Golden Gate Bridge),#C0362C,192,54,44,Calm,Summer,276,1
2032,User2032,36.0,,Desktop,,Sports,Spiro Disco Ball,#0FC0FC,15,192,252,Calm,Summer,284,1
4889,User4889,45.0,,Tablet,Bottom,Sports,Chocolate (web),#D2691E,210,105,30,Calm,Spring,252,1
4529,User4529,55.0,Female,Tablet,Side,Home_Decor,Charm pink,#E68FAC,230,143,172,Angry,Summer,226,0
5416,User5416,28.0,,Tablet,Bottom,Sports,Medium purple,#9370DB,147,112,219,Happy,Autumn,176,0
4389,User4389,,Male,,Side,Fashion,Barn red,#7C0A02,124,10,2,Calm,Winter,263,0
3832,User3832,44.0,,Desktop,Bottom,Home_Decor,Egyptian blue,#1034A6,16,52,166,Neutral,Winter,260,0
3266,User3266,,,Tablet,,Home_Decor,Lemon yellow,#FFF44F,255,244,79,Happy,Winter,172,1
9832,User9832,,,,Bottom,Home_Decor,Safety orange,#FF7800,255,120,0,Neutral,Summer,124,0
3998,User3998,25.0,Female,Mobile,Top,Tech,Wageningen Green,#34B233,52,178,51,Angry,Winter,23,0
9766,User9766,31.0,,Desktop,Bottom,Tech,Mughal green,#306030,48,96,48,Calm,Summer,251,1
3044,User3044,34.0,Male,Desktop,Top,Home_Decor,Electric yellow,#FFFF33,255,255,51,Happy,Autumn,209,1
7266,User7266,,,,Bottom,Fashion,Polished Pine,#5DA493,93,164,147,Calm,Autumn,71,1
119,User119,59.0,,Tablet,Top,Food,Light yellow,#FFFFE0,255,255,224,Calm,Spring,189,1
2727,User2727,34.0,,Mobile,Bottom,Home_Decor,Chinese red,#AA381E,170,56,30,Happy,Spring,112,1
2156,User2156,46.0,Female,,Side,Sports,Turquoise green,#A0D6B4,160,214,180,Calm,Monsoon,169,1
6449,User6449,42.0,,Desktop,Top,Food,Lincoln green,#195905,25,89,5,Calm,Autumn,125,1
6811,User6811,24.0,Male,Mobile,,Tech,Fiery Rose,#FF5470,255,84,112,Sad,Summer,88,1
7422,User7422,20.0,Female,,Top,Tech,Turtle green,#8A9A5B,138,154,91,Sad,Monsoon,265,1
6589,User6589,,Female,Tablet,Bottom,Food,Red devil,#860111,134,1,17,Happy,Autumn,111,0
670,User670,22.0,,Desktop,Top,Sports,Rose madder,#E32636,227,38,54,Happy,Summer,127,1
1503,User1503,19.0,Female,Tablet,Side,Tech,Denim,#1560BD,21,96,189,Calm,Autumn,77,1
1598,User1598,,,Desktop,Bottom,Tech,Yellow (Crayola),#FCE883,252,232,131,Neutral,Autumn,158,0
5665,User5665,63.0,,,Bottom,Home_Decor,Pale plum,#DDA0DD,221,160,221,Happy,Summer,293,0
5336,User5336,,Non-Binary,,Side,Fashion,Pale turquoise,#AFEEEE,175,238,238,Calm,Autumn,101,0
5756,User5756,,Non-Binary,Tablet,Top,Sports,Cinnabar,#E34234,227,66,52,Neutral,Autumn,296,1
7485,User7485,35.0,Female,Tablet,,Home_Decor,Dark blue-gray,#666699,102,102,153,Sad,Autumn,282,0
6287,User6287,40.0,Female,Tablet,Bottom,Fashion,Shampoo,#FFCFF1,255,207,241,Happy,Spring,258,1
813,User813,,,Tablet,Top,Tech,Red (RYB),#FE2712,254,39,18,Calm,Winter,86,1
8862,User8862,,,,Side,Fashion,Vivid amber,#CC9900,204,153,0,Sad,Autumn,21,1
2615,User2615,36.0,,,Side,Tech,Mint cream,#F5FFFA,245,255,250,Angry,Summer,184,0
8469,User8469,,,,Bottom,Home_Decor,Sandy Tan,#FDD9B5,253,217,181,Sad,Autumn,220,0
393,User393,,,Desktop,,Tech,Dark scarlet,#560319,86,3,25,Calm,Spring,26,1
6129,User6129,,Male,Tablet,Bottom,Fashion,Cyber grape,#58427C,88,66,124,Neutral,Spring,240,1
2587,User2587,53.0,,Mobile,Bottom,Home_Decor,Iris,#5A4FCF,90,79,207,Angry,Autumn,215,0
4254,User4254,,Male,,Bottom,Fashion,Pale goldenrod,#EEE8AA,238,232,170,Angry,Monsoon,290,1
5324,User5324,,Non-Binary,Mobile,Top,Fashion,Madder Lake,#CC3336,204,51,54,Angry,Winter,211,1
2169,User2169,,Non-Binary,,Top,Food,Roman silver,#838996,131,137,150,Happy,Summer,259,0
5252,User5252,,,Mobile,Bottom,Tech,Dirt,#9B7653,155,118,83,Calm,Summer,15,0
8639,User8639,,,Tablet,Side,Tech,Medium carmine,#AF4035,175,64,53,Angry,Summer,38,0
8253,User8253,57.0,Non-Binary,Desktop,Bottom,Fashion,Middle Yellow,#FFEB00,255,235,0,Sad,Summer,125,1
5193,User5193,,Female,Desktop,Side,Tech,Magenta-pink,#CC338B,204,51,139,Neutral,Spring,240,1
3323,User3323,48.0,Female,Tablet,,Sports,Bole,#79443B,121,68,59,Calm,Winter,187,1
3978,User3978,,,Tablet,Top,Tech,Lawn green,#7CFC00,124,252,0,Sad,Autumn,82,0
7138,User7138,26.0,Male,Tablet,,Home_Decor,Seashell,#FFF5EE,255,245,238,Happy,Autumn,127,1
8278,User8278,,,Mobile,Top,Tech,Dingy Dungeon,#C53151,197,49,81,Angry,Monsoon,280,1
3338,User3338,18.0,,,Side,Sports,Violet (color wheel),#7F00FF,127,0,255,Sad,Autumn,212,0
4734,User4734,63.0,,Mobile,Bottom,Fashion,Fulvous,#E48400,228,132,0,Calm,Winter,190,0
3492,User3492,,Male,Desktop,Side,Tech,Dark blue-gray,#666699,102,102,153,Sad,Autumn,21,0
1890,User1890,42.0,Non-Binary,Mobile,Top,Home_Decor,Light carmine pink,#E66771,230,103,113,Happy,Spring,294,0
872,User872,51.0,,Mobile,Side,Sports,Bone,#E3DAC9,227,218,201,Neutral,Autumn,258,0
6129,User6129,36.0,Male,Tablet,Bottom,Food,Wageningen Green,#34B233,52,178,51,Angry,Summer,103,1
1927,User1927,,,Tablet,Bottom,Fashion,Dark orchid,#9932CC,153,50,204,Calm,Summer,151,0
8464,User8464,27.0,Male,,Bottom,Fashion,Blue (Pantone),#0018A8,0,24,168,Angry,Summer,118,0
7558,User7558,,,Mobile,,Fashion,Coyote brown,#81613C,129,97,60,Angry,Summer,101,1
1136,User1136,58.0,,,Side,Sports,Rich lavender,#A76BCF,167,107,207,Angry,Spring,174,1
6854,User6854,32.0,Male,Mobile,Bottom,Tech,Dark chestnut,#986960,152,105,96,Sad,Spring,203,1
226,User226,46.0,,Desktop,Top,Tech,Dark tan,#918151,145,129,81,Sad,Spring,181,1
4462,User4462,,,Tablet,Bottom,Tech,Stil de grain yellow,#FADA5E,250,218,94,Neutral,Autumn,128,1
1020,User1020,,,,Side,Tech,Banana Mania,#FAE7B5,250,231,181,Happy,Summer,161,1
7466,User7466,,,Mobile,Bottom,Fashion,Mardi Gras,#880085,136,0,133,Calm,Monsoon,99,1
9418,User9418,20.0,Male,Tablet,Side,Food,Middle Blue Green,#8DD9CC,141,217,204,Sad,Monsoon,290,1
5419,User5419,,Male,,Top,Fashion,Russian violet,#32174D,50,23,77,Angry,Summer,103,1
1287,User1287,33.0,,Tablet,Top,Food,Light salmon,#FFA07A,255,160,122,Happy,Winter,239,0
6146,User6146,,,Tablet,Bottom,Food,Puce red,#722F37,114,47,55,Calm,Autumn,194,0
1141,User1141,37.0,Male,Desktop,Bottom,Tech,Spanish violet,#4C2882,76,40,130,Calm,Monsoon,298,1
5648,User5648,39.0,Male,Desktop,Top,Home_Decor,Van Dyke Brown,#664228,102,66,40,Calm,Spring,277,0
1741,User1741,45.0,,Mobile,Bottom,Sports,Ginger,#B06500,176,101,0,Calm,Winter,22,1
6854,User6854,32.0,Male,,Bottom,Home_Decor,Azure,#007FFF,0,127,255,Neutral,Spring,178,1
2142,User2142,34.0,Non-Binary,Desktop,Top,Food,Mindaro,#E3F988,227,249,136,Calm,Winter,124,1
1273,User1273,,Non-Binary,Mobile,,Home_Decor,Golden yellow,#FFDF00,255,223,0,Happy,Winter,260,1
6543,User6543,,,Desktop,Side,Food,Sunray,#E3AB57,227,171,87,Sad,Autumn,100,0
3217,User3217,,Non-Binary,Desktop,Bottom,Fashion,Eminence,#6C3082,108,48,130,Happy,Spring,35,0
2023,User2023,19.0,Non-Binary,Desktop,Top,Fashion,Russian violet,#32174D,50,23,77,Angry,Spring,101,1
4275,User4275,,,Tablet,,Tech,Madder Lake,#CC3336,204,51,54,Neutral,Monsoon,197,0
150,User150,47.0,Non-Binary,Tablet,Bottom,Sports,Vermilion,#D9381E,217,56,30,Neutral,Summer,237,0
6654,User6654,33.0,,Desktop,Top,Fashion,Pale blue,#AFEEEE,175,238,238,Angry,Summer,50,1
1399,User1399,,Female,,Bottom,Sports,Pastel yellow,#FDFD96,253,253,150,Happy,Monsoon,295,1
3956,User3956,26.0,Non-Binary,Mobile,Bottom,Tech,Deep Taupe,#7E5E60,126,94,96,Happy,Winter,240,0
6893,User6893,21.0,,,Top,Sports,Rose bonbon,#F9429E,249,66,158,Angry,Monsoon,53,1
2023,User2023,19.0,,Desktop,Top,Fashion,Coral,#FF7F50,255,127,80,Calm,Monsoon,166,1
5544,User5544,,Male,Desktop,,Fashion,Weldon Blue,#7C98AB,124,152,171,Calm,Spring,289,0
2174,User2174,36.0,,Desktop,,Home_Decor,Dirt,#9B7653,155,118,83,Sad,Monsoon,138,1
3225,User3225,23.0,,Tablet,Bottom,Home_Decor,Pastel pink,#DEA5A4,222,165,164,Happy,Winter,261,1
5420,User5420,39.0,Male,Mobile,Bottom,Home_Decor,Pale blue,#AFEEEE,175,238,238,Happy,Summer,187,1
8948,User8948,25.0,,Mobile,Bottom,Sports,Mystic,#D65282,214,82,130,Angry,Autumn,31,1
1370,User1370,52.0,,Desktop,Bottom,Fashion,Pistachio,#93C572,147,197,114,Angry,Monsoon,144,1
1370,User1370,52.0,Female,Desktop,Bottom,Tech,French rose,#F64A8A,246,74,138,Calm,Monsoon,264,1
4108,User4108,,,Tablet,Top,Food,Deep spring bud,#556B2F,85,107,47,Happy,Spring,84,1
1721,User1721,34.0,Non-Binary,Mobile,,Fashion,Electric lime,#CCFF00,204,255,0,Happy,Spring,184,1
8883,User8883,,Female,,Bottom,Home_Decor,Baby blue eyes,#A1CAF1,161,202,241,Neutral,Monsoon,271,1
7962,User7962,58.0,,Tablet,Top,Home_Decor,Heart Gold,#808000,128,128,0,Sad,Monsoon,56,1
4348,User4348,62.0,,Desktop,Top,Sports,Super pink,#CF6BA9,207,107,169,Sad,Winter,88,1
3623,User3623,49.0,Male,Tablet,,Home_Decor,Champagne,#F7E7CE,247,231,206,Calm,Summer,160,0
3710,User3710,,,,Side,Sports,Seal brown,#59260B,50,20,20,Happy,Summer,108,0
1084,User1084,,,Desktop,Side,Tech,Orange (RYB),#FB9902,251,153,2,Neutral,Autumn,101,0
5623,User5623,53.0,,Desktop,Side,Home_Decor,Camel,#C19A6B,193,154,107,Happy,Summer,129,1
6255,User6255,,Female,Tablet,Side,Sports,Claret,#7F1734,127,23,52,Angry,Autumn,187,0
7306,User7306,44.0,Male,Tablet,Side,Home_Decor,Ocean Boat Blue,#0077BE,0,119,190,Calm,Spring,58,0
5501,User5501,28.0,Non-Binary,Mobile,Bottom,Sports,Ocean Boat Blue,#0077BE,0,119,190,Sad,Autumn,168,1
2129,User2129,47.0,,,Bottom,Fashion,Sea green,#2E8B57,46,139,87,Happy,Autumn,153,1
6748,User6748,,Male,Desktop,Top,Sports,Booger Buster,#DDE26A,221,226,106,Calm,Summer,294,0
6467,User6467,30.0,,Desktop,Side,Food,Dark yellow,#9B870C,155,135,12,Sad,Monsoon,91,1
3429,User3429,,,Tablet,Side,Tech,Smoky black,#100C08,16,12,8,Happy,Spring,166,1
5783,User5783,,Male,,Bottom,Fashion,Vanilla,#F3E5AB,243,229,171,Neutral,Winter,172,1
4348,User4348,62.0,Female,Desktop,,Tech,Dark sky blue,#8CBED6,140,190,214,Calm,Autumn,139,1
4021,User4021,38.0,,,Side,Fashion,Rose vale,#AB4E52,171,78,82,Happy,Autumn,94,1
4517,User4517,35.0,Female,Desktop,Side,Home_Decor,Tropical rain forest,#00755E,0,117,94,Sad,Autumn,85,0
7941,User7941,41.0,Female,Desktop,,Sports,Dark candy apple red,#A40000,164,0,0,Sad,Monsoon,235,1
6202,User6202,,Female,Tablet,Bottom,Home_Decor,Charleston green,#232B2B,35,43,43,Neutral,Winter,93,1
7980,User7980,32.0,Female,Mobile,Bottom,Tech,Powder blue,#B0E0E6,176,224,230,Calm,Summer,297,0
3454,User3454,,Female,Mobile,Bottom,Tech,Milk,#FDFFF5,253,255,245,Calm,Spring,6,0
3846,User3846,38.0,,Tablet,,Fashion,Deep aquamarine,#40826D,64,130,109,Happy,Monsoon,226,1
6965,User6965,,,Desktop,Top,Tech,Sandstorm,#ECD540,236,213,64,Sad,Winter,21,0
4561,User4561,,Female,,Bottom,Sports,Blue-gray,#6699CC,102,153,204,Sad,Spring,200,0
1945,User1945,,Female,Tablet,Side,Tech,Mughal green,#306030,48,96,48,Neutral,Summer,124,1
6980,User6980,62.0,,Desktop,Bottom,Home_Decor,Medium orchid,#BA55D3,186,85,211,Neutral,Spring,246,1
6548,User6548,51.0,Female,Desktop,Bottom,Sports,Mode beige,#967117,150,113,23,Calm,Autumn,178,0
7450,User7450,,,,Side,Tech,Vivid lime green,#A6D608,166,214,8,Sad,Autumn,36,1
812,User812,40.0,,Desktop,Bottom,Food,Dingy Dungeon,#C53151,197,49,81,Happy,Monsoon,279,0
3352,User3352,,Female,Desktop,Side,Food,Vivid malachite,#00CC33,0,204,51,Angry,Spring,199,1
9888,User9888,,Male,Mobile,Top,Home_Decor,Xanadu,#738678,115,134,120,Happy,Autumn,8,1
9311,User9311,,Non-Binary,Desktop,Side,Fashion,Medium electric blue,#035096,3,80,150,Neutral,Monsoon,285,1
5412,User5412,35.0,,Mobile,Top,Fashion,Chocolate (traditional),#7B3F00,123,63,0,Happy,Monsoon,25,1
2691,User2691,,Non-Binary,Desktop,Bottom,Tech,Middle Blue Green,#8DD9CC,141,217,204,Sad,Monsoon,242,1
4473,User4473,49.0,Female,,Bottom,Sports,Cobalt Blue,#0047AB,0,71,171,Calm,Summer,97,0
9992,User9992,,Male,Desktop,Side,Fashion,Caribbean green,#00CC99,0,204,153,Angry,Autumn,93,1
301,User301,59.0,Male,Tablet,Side,Food,Medium champagne,#F3E5AB,243,229,171,Calm,Autumn,117,1
4029,User4029,21.0,,Desktop,Side,Fashion,French beige,#A67B5B,166,123,91,Angry,Winter,225,1
5346,User5346,30.0,Non-Binary,,Top,Food,Light cyan,#E0FFFF,224,255,255,Angry,Summer,102,1
4871,User4871,58.0,Female,,Side,Fashion,Russian green,#679267,103,146,103,Sad,Autumn,146,1
9419,User9419,,,,Side,Home_Decor,Volt,#CEFF00,205,255,0,Sad,Autumn,154,1
4967,User4967,,Male,,Side,Sports,Tea rose,#F4C2C2,244,194,194,Neutral,Winter,52,0
6573,User6573,55.0,Non-Binary,Desktop,Side,Tech,Stizza,#990000,153,0,0,Neutral,Spring,55,1
3604,User3604,,Male,Tablet,Bottom,Food,Midnight blue,#191970,25,25,112,Angry,Spring,212,1
9967,User9967,,,Mobile,Side,Fashion,Burlywood,#DEB887,222,184,135,Neutral,Summer,15,1
9814,User9814,57.0,,Tablet,,Tech,Cornflower blue,#6495ED,100,149,237,Sad,Monsoon,274,0
5955,User5955,59.0,,Tablet,Side,Food,Classic rose,#FBCCE7,251,204,231,Neutral,Winter,267,1
3144,User3144,,,Desktop,Side,Food,Green (NCS),#009F6B,0,159,107,Angry,Winter,201,1
7558,User7558,,,Mobile,,Home_Decor,Dark electric blue,#536878,83,104,120,Calm,Autumn,190,1
3345,User3345,,Male,Desktop,Side,Fashion,Grullo,#A99A86,169,154,134,Happy,Autumn,225,1
301,User301,,Male,Tablet,Side,Tech,Medium blue,#0000CD,0,0,205,Neutral,Winter,85,1
802,User802,,Female,Tablet,Side,Fashion,Neon green,#39FF14,57,255,20,Sad,Monsoon,226,0
2290,User2290,41.0,,Tablet,Top,Fashion,Persian orange,#D99058,217,144,88,Calm,Spring,174,1
8170,User8170,,Male,Tablet,Bottom,Sports,Mystic Maroon,#AD4379,173,67,121,Sad,Summer,90,0
4168,User4168,,,Tablet,Bottom,Food,Dark khaki,#BDB76B,189,183,107,Neutral,Spring,48,0
6854,User6854,32.0,Male,Mobile,Bottom,Food,Brilliant lavender,#F4BBFF,244,187,255,Angry,Summer,265,1
1305,User1305,,,Tablet,Top,Sports,Desire,#EA3C53,234,60,83,Happy,Monsoon,108,1
2272,User2272,,,Tablet,Bottom,Sports,Black Coral,#54626F,84,98,111,Happy,Winter,288,1
737,User737,59.0,,Mobile,,Fashion,Very light azure,#74BBFB,116,187,251,Calm,Monsoon,232,0
8684,User8684,,Non-Binary,,Top,Food,Floral white,#FFFAF0,255,250,240,Happy,Winter,192,1
3299,User3299,44.0,Non-Binary,Tablet,Side,Tech,Moonstone blue,#73A9C2,115,169,194,Angry,Autumn,125,1
5744,User5744,,,Desktop,,Home_Decor,Maximum Red Purple,#A63A79,166,58,121,Sad,Summer,153,0
7,User7,,,Tablet,Bottom,Sports,Purple (X11),#A020F0,160,32,240,Angry,Autumn,61,1
606,User606,,Non-Binary,Desktop,,Tech,Buff,#F0DC82,240,220,130,Calm,Winter,193,1
3252,User3252,60.0,,Desktop,,Tech,Rust,#B7410E,183,65,14,Calm,Summer,42,0
390,User390,,Female,Mobile,,Fashion,Olive,#808000,128,128,0,Happy,Summer,205,0
2581,User2581,,Female,Mobile,,Sports,Classic rose,#FBCCE7,251,204,231,Angry,Autumn,233,1
9070,User9070,,Non-Binary,Tablet,Bottom,Tech,Magenta-pink,#CC338B,204,51,139,Sad,Summer,135,1
8925,User8925,41.0,Non-Binary,Tablet,Top,Home_Decor,Ivory,#FFFFF0,255,255,240,Angry,Winter,175,0
8725,User8725,,Female,,Side,Tech,Aquamarine,#7FFFD4,127,255,212,Sad,Winter,39,0
7846,User7846,50.0,,Desktop,Side,Home_Decor,Thulian pink,#DE6FA1,222,111,161,Sad,Autumn,205,0
4756,User4756,59.0,Non-Binary,Mobile,Bottom,Home_Decor,Orchid,#DA70D6,218,112,214,Angry,Monsoon,172,1
5980,User5980,40.0,Female,Desktop,Side,Home_Decor,Fashion fuchsia,#F400A1,244,0,161,Neutral,Winter,250,1
9255,User9255,37.0,Non-Binary,Tablet,Top,Sports,Vivid crimson,#CC0033,204,0,51,Angry,Winter,228,0
8899,User8899,50.0,,,Bottom,Home_Decor,Deep Green,#056608,5,102,8,Sad,Summer,62,0
5467,User5467,25.0,Female,Mobile,Top,Sports,Sonic silver,#757575,117,117,117,Calm,Summer,294,0
3846,User3846,38.0,Non-Binary,Tablet,Bottom,Tech,Midnight,#702670,112,38,112,Calm,Winter,29,1
749,User749,,,Mobile,Top,Home_Decor,Cyan (process),#00B7EB,0,183,235,Happy,Autumn,36,1
6153,User6153,30.0,,Mobile,Side,Food,Tuscan red,#7C4848,124,72,72,Calm,Monsoon,114,1
6441,User6441,,,Desktop,Top,Tech,Dark orange,#FF8C00,255,140,0,Neutral,Summer,105,1
3330,User3330,,Male,,Top,Food,Red-brown,#A52A2A,165,42,42,Sad,Summer,154,1
5498,User5498,,Female,Tablet,,Food,Melon,#FDBCB4,253,188,180,Angry,Monsoon,197,1
5050,User5050,,,Mobile,Top,Fashion,Rusty red,#DA2C43,218,44,67,Angry,Summer,113,0
3345,User3345,,Male,Desktop,Side,Sports,French beige,#A67B5B,166,123,91,Neutral,Autumn,281,1
6611,User6611,64.0,Female,Mobile,Bottom,Fashion,Sunset,#FAD6A5,250,214,165,Calm,Summer,237,0
6337,User6337,,,Mobile,Top,Sports,Violet,#8F00FF,143,0,255,Sad,Summer,25,1
4013,User4013,63.0,,Tablet,Top,Fashion,Electric ultramarine,#3F00FF,63,0,255,Calm,Winter,256,0
9651,User9651,33.0,Non-Binary,Tablet,Top,Tech,Pale silver,#C9C0BB,201,192,187,Happy,Autumn,18,0
389,User389,,,Tablet,Top,Food,Vermilion,#D9381E,217,56,30,Calm,Autumn,219,1
749,User749,,,Mobile,Top,Tech,Napier green,#2A8000,42,128,0,Happy,Winter,28,1
6237,User6237,32.0,Non-Binary,Mobile,Top,Sports,Blush,#DE5D83,222,93,131,Angry,Spring,24,1
6959,User6959,39.0,Male,Desktop,Top,Food,Tango pink,#E4717A,228,113,122,Sad,Monsoon,206,1
6906,User6906,,,Mobile,Top,Food,Bangladesh green,#006A4E,0,106,78,Happy,Autumn,56,1
6906,User6906,,Non-Binary,Mobile,Top,Sports,Otter brown,#654321,101,67,33,Calm,Spring,190,1
3658,User3658,,,Desktop,,Tech,Coffee,#6F4E37,111,78,55,Calm,Monsoon,211,1
9617,User9617,63.0,,Tablet,Side,Food,Dark liver (horses),#543D37,84,61,55,Angry,Autumn,99,1
9819,User9819,,,Desktop,Top,Tech,Red,#FF0000,255,0,0,Neutral,Summer,270,0
4400,User4400,,,Mobile,Top,Tech,Deep violet,#330066,51,0,102,Neutral,Autumn,19,0
787,User787,28.0,Male,Tablet,Bottom,Tech,Citron,#9FA91F,158,169,31,Calm,Monsoon,179,0
5498,User5498,,Female,,Side,Food,Cedar Chest,#C95A49,201,90,73,Neutral,Spring,223,1
4348,User4348,62.0,Female,,Top,Home_Decor,Piggy pink,#FDDDE6,253,221,230,Sad,Summer,14,1
9905,User9905,,,Tablet,Top,Fashion,Safety orange,#FF7800,255,120,0,Neutral,Monsoon,23,1
9550,User9550,58.0,Non-Binary,,,Sports,Platinum,#E5E4E2,229,228,226,Sad,Monsoon,72,1
6880,User6880,,Female,Mobile,Side,Tech,Maroon (Crayola),#C32148,195,33,72,Calm,Autumn,282,1
7246,User7246,28.0,Female,,Side,Food,Canary yellow,#FFEF00,255,239,0,Calm,Winter,298,0
3248,User3248,45.0,Male,Desktop,Side,Sports,Cherry,#DE3163,222,49,99,Calm,Winter,19,0
119,User119,59.0,,,Top,Home_Decor,Saddle brown,#8B4513,139,69,19,Angry,Summer,118,1
4620,User4620,43.0,,Mobile,Side,Home_Decor,Light green,#90EE90,144,238,144,Neutral,Monsoon,162,1
8127,User8127,,Male,,Bottom,Food,Cadet grey,#91A3B0,145,163,176,Happy,Spring,108,1
8994,User8994,,Female,Mobile,,Tech,Azure,#007FFF,0,127,255,Happy,Summer,284,1
9234,User9234,20.0,Male,Desktop,Bottom,Home_Decor,Cherry blossom pink,#FFB7C5,255,183,197,Calm,Summer,90,1
1136,User1136,58.0,,Mobile,Side,Home_Decor,Rocket metallic,#8A7F80,138,127,128,Neutral,Autumn,98,1
6287,User6287,40.0,,Tablet,Bottom,Home_Decor,Orioles orange,#FB4F14,251,79,20,Sad,Spring,178,1
9483,User9483,63.0,Female,Desktop,Side,Food,Donkey brown,#664C28,102,76,40,Happy,Monsoon,246,0
1077,User1077,,,Desktop,,Sports,Azureish white,#DBE9F4,219,233,244,Calm,Monsoon,266,1
5890,User5890,56.0,,Mobile,Bottom,Fashion,Bone,#E3DAC9,227,218,201,Happy,Monsoon,298,1
4057,User4057,,,Desktop,,Food,Peru,#CD853F,205,133,63,Happy,Summer,286,1
2431,User2431,,,Desktop,,Tech,Winter Sky,#FF007C,255,0,124,Happy,Autumn,151,1
6887,User6887,,,Mobile,Bottom,Food,Old burgundy,#43302E,67,48,46,Calm,Summer,6,0
9057,User9057,38.0,,Desktop,Side,Food,Navajo white,#FFDEAD,255,222,173,Calm,Winter,72,1
4697,User4697,,,Mobile,,Fashion,Royal blue,#002366,0,35,102,Angry,Winter,73,1
2032,User2032,,,,Bottom,Fashion,Old mauve,#673147,103,49,71,Angry,Monsoon,51,1
5084,User5084,,Non-Binary,,Side,Fashion,Pale green,#98FB98,152,251,152,Angry,Autumn,68,1
1171,User1171,,Female,,Bottom,Sports,Unmellow yellow,#FFFF66,255,255,102,Happy,Monsoon,84,1
5756,User5756,51.0,Non-Binary,Tablet,Top,Food,Vivid yellow,#FFE302,255,227,2,Neutral,Monsoon,258,1
6713,User6713,,Male,Desktop,,Tech,Pale taupe,#BC987E,188,152,126,Calm,Summer,241,0
5270,User5270,62.0,Female,Mobile,,Fashion,Medium aquamarine,#66DDAA,102,221,170,Angry,Monsoon,143,0
2963,User2963,21.0,Male,,Top,Fashion,Spartan Crimson,#9E1316,158,19,22,Neutral,Monsoon,268,0
5846,User5846,,,,Top,Food,Amazonite,#00C4B0,0,196,176,Angry,Autumn,158,0
1327,User1327,,Female,Mobile,Side,Tech,Pale gold,#E6BE8A,230,190,138,Angry,Autumn,136,0
6602,User6602,,,,Side,Fashion,Spanish viridian,#007F5C,0,127,92,Neutral,Autumn,230,1
518,User518,29.0,,,,Food,Castleton green,#00563F,0,86,63,Angry,Monsoon,96,1
4607,User4607,49.0,Female,Tablet,,Home_Decor,Royal purple,#7851A9,120,81,169,Happy,Autumn,122,0
215,User215,31.0,,Desktop,Side,Sports,Stil de grain yellow,#FADA5E,250,218,94,Happy,Autumn,130,0
7342,User7342,60.0,,Desktop,Bottom,Food,Egyptian blue,#1034A6,16,52,166,Happy,Spring,231,0
3696,User3696,49.0,Female,,Side,Fashion,Russian violet,#32174D,50,23,77,Sad,Spring,183,0
9916,User9916,,,Mobile,Top,Tech,Light salmon pink,#FF9999,255,153,153,Angry,Winter,89,0
2727,User2727,34.0,Non-Binary,Mobile,Bottom,Home_Decor,Royal purple,#7851A9,120,81,169,Sad,Summer,168,1
9660,User9660,,Male,Desktop,,Tech,Jasper,#D73B3E,215,59,62,Calm,Summer,234,1
9453,User9453,55.0,Male,,,Tech,Cinnamon Satin,#CD607E,205,96,126,Neutral,Autumn,210,0
903,User903,,Female,Mobile,Side,Tech,Pastel red,#FF6961,255,105,97,Calm,Winter,108,0
4230,User4230,35.0,Female,Tablet,Top,Food,Jungle green,#29AB87,41,171,135,Sad,Winter,118,1
8994,User8994,34.0,,,Bottom,Food,Columbia Blue,#C4D8E2,196,216,226,Happy,Spring,192,1
2272,User2272,,,,,Sports,Black Shadows,#BFAFB2,191,175,178,Angry,Winter,275,1
5358,User5358,20.0,Male,Tablet,,Home_Decor,Citrine,#E4D00A,228,208,10,Angry,Monsoon,55,0
2726,User2726,,,,,Tech,French violet,#8806CE,136,6,206,Happy,Autumn,226,0
3345,User3345,39.0,Male,Desktop,Side,Fashion,Citron,#9FA91F,158,169,31,Angry,Monsoon,115,1
1933,User1933,39.0,,Tablet,Side,Tech,Deep magenta,#CC00CC,204,0,204,Neutral,Summer,59,0
7927,User7927,34.0,Female,Tablet,,Home_Decor,Rose gold,#B76E79,183,110,121,Neutral,Spring,16,0
4263,User4263,40.0,,,Side,Tech,Fluorescent pink,#FF1493,255,20,147,Neutral,Monsoon,194,0
8883,User8883,,Female,,Bottom,Food,Deep chestnut,#B94E48,185,78,72,Calm,Autumn,159,1
5942,User5942,,Non-Binary,Tablet,Bottom,Food,Lumber,#FFE4CD,255,228,205,Happy,Monsoon,269,1
4631,User4631,39.0,Male,Mobile,Side,Home_Decor,Liseran Purple,#DE6FA1,222,111,161,Neutral,Monsoon,108,0
2297,User2297,57.0,Male,,Side,Sports,Bright maroon,#C32148,195,33,72,Sad,Winter,167,1
1148,User1148,25.0,,Mobile,Bottom,Tech,Bronze,#CD7F32,205,127,50,Neutral,Spring,145,1
7019,User7019,56.0,Female,Mobile,Bottom,Home_Decor,Eton blue,#96C8A2,150,200,162,Calm,Summer,241,0
5514,User5514,31.0,,Desktop,,Fashion,Spanish viridian,#007F5C,0,127,92,Sad,Autumn,48,1
8953,User8953,37.0,Female,,Top,Fashion,Light fuchsia pink,#F984EF,249,132,239,Happy,Autumn,243,0
4719,User4719,50.0,,Desktop,Top,Sports,Dark candy apple red,#A40000,164,0,0,Happy,Summer,101,0
3118,User3118,,Male,,Top,Food,Chinese violet,#856088,133,96,136,Neutral,Autumn,102,1
9412,User9412,34.0,,Mobile,Bottom,Home_Decor,Middle Red,#E58E73,229,144,115,Sad,Winter,57,1
7099,User7099,22.0,Female,,Top,Tech,Fuchsia pink,#FF77FF,255,119,255,Sad,Monsoon,113,1
8326,User8326,23.0,Female,,Bottom,Home_Decor,Timberwolf,#DBD7D2,219,215,210,Neutral,Winter,261,1
4074,User4074,37.0,Male,Mobile,Side,Sports,Deep moss green,#355E3B,53,94,59,Neutral,Winter,15,0
5732,User5732,,Non-Binary,Tablet,,Home_Decor,Sandy brown,#F4A460,244,164,96,Angry,Winter,182,1
3225,User3225,23.0,,Tablet,,Sports,Yellow rose,#FFF000,255,240,0,Angry,Summer,298,1
5436,User5436,40.0,,,,Sports,Palm Leaf,#6F9940,130,142,132,Neutral,Spring,29,1
9220,User9220,21.0,Female,Mobile,Side,Sports,Lust,#E62020,230,32,32,Calm,Summer,130,1
2882,User2882,40.0,,Desktop,Top,Home_Decor,Royal azure,#0038A8,0,56,168,Angry,Summer,270,0
6311,User6311,28.0,Female,Mobile,Top,Fashion,Black,#000000,0,0,0,Neutral,Winter,137,0
7661,User7661,48.0,,Mobile,Side,Tech,Light cornflower blue,#93CCEA,147,204,234,Sad,Spring,282,1
517,User517,,,Mobile,,Sports,Satin sheen gold,#CBA135,203,161,53,Angry,Summer,46,0
1805,User1805,,Male,Mobile,Top,Food,Columbia Blue,#C4D8E2,196,216,226,Calm,Spring,105,1
3746,User3746,,,Desktop,Top,Sports,Deep saffron,#FF9933,255,153,51,Happy,Winter,288,1
3590,User3590,57.0,,Mobile,Bottom,Home_Decor,Orchid,#DA70D6,218,112,214,Sad,Summer,281,0
9704,User9704,,Male,Mobile,Top,Sports,Madder Lake,#CC3336,204,51,54,Calm,Spring,143,0
6161,User6161,61.0,Female,Tablet,,Food,Blue (NCS),#0087BD,0,135,189,Calm,Autumn,225,1
9220,User9220,21.0,Female,,,Fashion,Auburn,#A52A2A,165,42,42,Calm,Summer,73,1
1300,User1300,,,Tablet,,Home_Decor,Pale chestnut,#DDADAF,221,173,175,Sad,Summer,297,0
7544,User7544,,,Mobile,Top,Home_Decor,Fawn,#E5AA70,229,170,112,Calm,Summer,181,1
9700,User9700,,Male,Mobile,Bottom,Home_Decor,Ball blue,#21ABCD,33,171,205,Happy,Spring,201,0
9157,User9157,,,Mobile,Bottom,Food,Sunburnt Cyclops,#FF404C,255,64,76,Angry,Monsoon,37,1
7457,User7457,20.0,Male,,Side,Home_Decor,Tangerine,#F28500,242,133,0,Sad,Summer,232,0
6081,User6081,18.0,,Tablet,Bottom,Fashion,Rose taupe,#905D5D,144,93,93,Calm,Autumn,140,0
8726,User8726,62.0,,Desktop,Side,Tech,Lavender gray,#C4C3D0,196,195,208,Neutral,Autumn,138,1
9857,User9857,,Male,Tablet,Top,Tech,Ecru,#C2B280,194,178,128,Angry,Winter,147,0
2529,User2529,,Female,,Top,Sports,Red devil,#860111,134,1,17,Sad,Monsoon,249,1
9661,User9661,38.0,,Desktop,,Tech,Shocking pink,#FC0FC0,252,15,192,Neutral,Monsoon,141,0
8222,User8222,27.0,,,Side,Food,Lavender purple,#967BB6,150,123,182,Neutral,Spring,65,1
2946,User2946,37.0,Female,,,Tech,Davy's grey,#555555,85,85,85,Calm,Winter,60,1
7828,User7828,29.0,,Tablet,Bottom,Food,Olivine,#9AB973,154,185,115,Sad,Spring,137,1
6287,User6287,,Female,Tablet,Bottom,Food,Very pale yellow,#FFFFBF,255,255,191,Calm,Winter,212,1
2855,User2855,40.0,,Tablet,Bottom,Sports,Warm black,#004242,0,66,66,Happy,Monsoon,130,0
8041,User8041,,,Mobile,,Tech,Milk,#FDFFF5,253,255,245,Neutral,Spring,127,1
1141,User1141,37.0,,Desktop,Bottom,Sports,Thulian pink,#DE6FA1,222,111,161,Happy,Winter,235,1
5346,User5346,30.0,Non-Binary,Tablet,,Home_Decor,Peach-orange,#FFCC99,255,204,153,Calm,Monsoon,39,1
2297,User2297,57.0,Male,Tablet,,Fashion,Light orchid,#E6A8D7,230,168,215,Angry,Monsoon,270,1
7544,User7544,,Female,Mobile,Top,Tech,Cordovan,#893F45,137,63,69,Neutral,Summer,95,1
6086,User6086,24.0,,Desktop,,Home_Decor,Sunset orange,#FD5E53,253,94,83,Angry,Spring,25,1
6814,User6814,40.0,Non-Binary,,Top,Home_Decor,Amaranth red,#D3212D,211,33,45,Sad,Summer,144,0
1539,User1539,,,Mobile,Bottom,Sports,Honeydew,#F0FFF0,240,255,240,Neutral,Monsoon,269,1
8041,User8041,,,Mobile,Bottom,Sports,Tractor red,#FD0E35,253,14,53,Happy,Spring,124,1
4015,User4015,44.0,Male,Tablet,Side,Fashion,Violet (web),#EE82EE,238,130,238,Angry,Spring,225,1
8897,User8897,,Female,Tablet,,Fashion,Desire,#EA3C53,234,60,83,Sad,Autumn,27,0
4889,User4889,,,Tablet,Bottom,Fashion,Cadmium orange,#ED872D,237,135,45,Neutral,Winter,43,1
9420,User9420,,,Tablet,Side,Fashion,UP Forest green,#014421,1,68,33,Sad,Autumn,239,1
7674,User7674,,Female,Tablet,Bottom,Sports,Paolo Veronese green,#009B7D,0,155,125,Happy,Autumn,245,1
1931,User1931,,Female,Mobile,Bottom,Food,Light brown,#B5651D,181,101,29,Neutral,Monsoon,132,1
5419,User5419,,Male,Tablet,Top,Sports,Lemon yellow,#FFF44F,255,244,79,Sad,Winter,26,1
3740,User3740,,Non-Binary,Tablet,,Food,Green (RYB),#66B032,102,176,50,Calm,Autumn,59,1
4034,User4034,43.0,,Desktop,Top,Sports,Pink lace,#FFDDF4,255,221,244,Neutral,Autumn,51,1
7924,User7924,,,Desktop,Bottom,Sports,Bistre,#3D2B1F,61,43,31,Neutral,Spring,238,1
1569,User1569,,Non-Binary,Tablet,Top,Fashion,Kombu green,#354230,53,66,48,Neutral,Monsoon,31,0
1650,User1650,29.0,,Desktop,Bottom,Food,Marigold,#EAA221,234,162,33,Neutral,Autumn,52,1
5329,User5329,54.0,Male,Tablet,,Home_Decor,Egyptian blue,#1034A6,16,52,166,Calm,Winter,171,1
770,User770,,Female,Mobile,Bottom,Home_Decor,Stil de grain yellow,#FADA5E,250,218,94,Happy,Summer,275,1
6654,User6654,33.0,,Desktop,Top,Home_Decor,Electric lavender,#F4BBFF,244,187,255,Calm,Summer,85,1
1733,User1733,32.0,,Mobile,Bottom,Fashion,Red (RYB),#FE2712,254,39,18,Calm,Monsoon,122,0
2982,User2982,63.0,Female,Desktop,,Home_Decor,Chlorophyll green,#4AFF00,74,255,0,Sad,Summer,49,0
8271,User8271,29.0,,Desktop,Bottom,Sports,Harlequin green,#46CB18,70,203,24,Angry,Spring,279,1
1704,User1704,61.0,Female,Tablet,Bottom,Fashion,Light moss green,#ADDFAD,173,223,173,Angry,Spring,185,1
6886,User6886,43.0,Male,Mobile,Bottom,Home_Decor,Cobalt Blue,#0047AB,0,71,171,Sad,Winter,236,1
1273,User1273,27.0,Non-Binary,Mobile,Bottom,Fashion,Bole,#79443B,121,68,59,Calm,Monsoon,90,1
7652,User7652,,Male,Mobile,Bottom,Sports,Tuscany,#C09999,192,153,153,Sad,Monsoon,109,1
4058,User4058,33.0,,,Bottom,Fashion,Chocolate (web),#D2691E,210,105,30,Neutral,Summer,247,1
6296,User6296,29.0,,,Bottom,Home_Decor,Cinnamon[citation needed],#D2691E,210,105,30,Sad,Autumn,181,1
3241,User3241,35.0,,,Top,Fashion,Cardinal,#C41E3A,196,30,58,Sad,Autumn,238,0
8547,User8547,20.0,,Mobile,Top,Tech,Willpower orange,#FD5800,253,88,0,Neutral,Autumn,82,0
6910,User6910,54.0,,Desktop,Top,Home_Decor,Champagne,#F7E7CE,247,231,206,Angry,Winter,130,0
6602,User6602,,,Desktop,Side,Sports,Blue,#0000FF,0,0,255,Neutral,Monsoon,193,1
805,User805,,,,Bottom,Food,Persian orange,#D99058,217,144,88,Happy,Summer,64,1
6066,User6066,,,Desktop,,Fashion,Minion Yellow,#F5E050,245,220,80,Sad,Winter,224,1
4863,User4863,47.0,Non-Binary,Mobile,,Fashion,Spanish gray,#989898,152,152,152,Sad,Spring,80,0
6610,User6610,40.0,Non-Binary,Tablet,Side,Home_Decor,Eton blue,#96C8A2,150,200,162,Angry,Spring,95,0
3060,User3060,,Male,,Bottom,Home_Decor,Eggplant,#614051,97,64,81,Calm,Spring,120,1
9215,User9215,48.0,,Desktop,Side,Tech,Maximum Blue Green,#30BFBF,48,191,191,Neutral,Monsoon,284,0
998,User998,,,Tablet,Top,Sports,Pale goldenrod,#EEE8AA,238,232,170,Calm,Spring,171,1
1474,User1474,31.0,,Desktop,Side,Fashion,Lavender rose,#FBA0E3,251,160,227,Happy,Autumn,130,1
2911,User2911,,,,,Fashion,Kobe,#882D17,136,45,23,Neutral,Spring,237,0
3042,User3042,,,Mobile,Side,Food,Bright turquoise,#08E8DE,8,232,222,Happy,Winter,118,1
1450,User1450,44.0,Non-Binary,Desktop,,Fashion,Nyanza,#E9FFDB,233,255,219,Happy,Spring,104,0
1325,User1325,,,Desktop,,Fashion,Lilac Luster,#AE98AA,174,152,170,Happy,Autumn,155,1
994,User994,57.0,Non-Binary,Tablet,Bottom,Tech,China rose,#A8516E,168,81,110,Neutral,Spring,76,0
2156,User2156,46.0,Female,Tablet,,Food,Red-brown,#A52A2A,165,42,42,Neutral,Summer,171,1
1975,User1975,,,,Top,Fashion,Shadow blue,#778BA5,119,139,165,Angry,Autumn,76,1
1197,User1197,62.0,Male,Mobile,Top,Fashion,Vanilla ice,#F38FA9,243,143,169,Sad,Monsoon,15,1
6922,User6922,54.0,Non-Binary,,Bottom,Sports,Nickel,#727472,114,116,114,Calm,Spring,233,0
9057,User9057,38.0,,Desktop,Side,Fashion,Maroon (X11),#B03060,176,48,96,Calm,Winter,130,1
719,User719,,,Desktop,Top,Tech,Arctic lime,#D0FF14,208,255,20,Happy,Spring,157,0
8065,User8065,,,,Bottom,Fashion,Maroon (HTML/CSS),#800000,128,0,0,Neutral,Winter,166,0
4848,User4848,,Female,,Bottom,Fashion,Cadet,#536872,83,104,114,Neutral,Summer,282,1
7670,User7670,54.0,Female,Tablet,Top,Home_Decor,Stizza,#990000,153,0,0,Happy,Monsoon,183,1
1354,User1354,59.0,,Tablet,,Fashion,Byzantium,#702963,112,41,99,Sad,Autumn,148,0
5881,User5881,26.0,Non-Binary,Tablet,Top,Food,Sienna,#882D17,136,45,23,Calm,Autumn,143,1
9379,User9379,38.0,,Tablet,Side,Home_Decor,Schauss pink,#FF91AF,255,145,175,Angry,Monsoon,210,0
6232,User6232,,Non-Binary,Mobile,Side,Food,Cool Black,#002E63,0,46,99,Sad,Summer,100,0
1370,User1370,52.0,Female,Desktop,Bottom,Food,Razzmic Berry,#8D4E85,141,78,133,Neutral,Summer,218,1
8190,User8190,26.0,,Mobile,Side,Tech,Permanent Geranium Lake,#E12C2C,225,44,44,Happy,Spring,73,1
4228,User4228,,,,Side,Fashion,Blueberry,#4F86F7,79,134,247,Calm,Summer,23,1
6391,User6391,,Female,,Side,Food,Rosy brown,#BC8F8F,188,143,143,Happy,Spring,105,0
5780,User5780,,Female,Mobile,Bottom,Fashion,Dark raspberry,#872657,135,38,87,Neutral,Winter,85,1
188,User188,56.0,Female,Tablet,Bottom,Fashion,Amber,#FFBF00,255,191,0,Happy,Monsoon,187,1
3803,User3803,,Female,Mobile,Top,Tech,Orioles orange,#FB4F14,251,79,20,Calm,Winter,22,1
373,User373,34.0,,Mobile,Top,Tech,Tangelo,#F94D00,249,77,0,Happy,Winter,159,1
9611,User9611,,,Desktop,Side,Food,Maximum Red,#D92121,217,33,33,Calm,Winter,133,1
5579,User5579,,Non-Binary,,Side,Food,Royal purple,#7851A9,120,81,169,Happy,Winter,165,1
1741,User1741,45.0,,Mobile,Bottom,Home_Decor,Viridian green,#009698,0,150,152,Happy,Autumn,123,1
4790,User4790,36.0,Non-Binary,Desktop,Bottom,Fashion,Sunset,#FAD6A5,250,214,165,Calm,Summer,177,0
913,User913,64.0,,Mobile,Bottom,Fashion,Sepia,#704214,112,66,20,Happy,Monsoon,157,0
7138,User7138,,Male,Tablet,Top,Tech,Bright lavender,#BF94E4,191,148,228,Sad,Monsoon,24,1
832,User832,,Non-Binary,,,Tech,Pastel yellow,#FDFD96,253,253,150,Angry,Winter,38,0
1549,User1549,,,Desktop,Top,Food,Burnt sienna,#E97451,233,116,81,Sad,Monsoon,64,1
3658,User3658,45.0,,Desktop,Side,Home_Decor,Outrageous Orange,#FF6E4A,255,110,74,Angry,Spring,162,1
487,User487,28.0,Male,Mobile,Side,Home_Decor,Pale robin egg blue,#96DED1,150,222,209,Sad,Monsoon,210,1
5100,User5100,42.0,,,Side,Tech,Gunmetal,#2a3439,42,52,57,Angry,Winter,97,1
3335,User3335,24.0,Male,Mobile,,Tech,Asparagus,#87A96B,135,169,107,Happy,Monsoon,222,1
1438,User1438,,,Desktop,Side,Home_Decor,Sugar Plum,#914E75,145,78,117,Calm,Summer,93,0
5611,User5611,32.0,Female,Desktop,Side,Home_Decor,Chestnut,#954535,149,69,53,Calm,Winter,177,0
805,User805,,,,,Food,Forest green (web),#228B22,34,139,34,Neutral,Autumn,44,1
3323,User3323,,Female,Tablet,Side,Home_Decor,Dark powder blue,#003399,0,51,153,Angry,Summer,207,1
6849,User6849,39.0,,,Top,Fashion,Canary yellow,#FFEF00,255,239,0,Neutral,Monsoon,225,1
6891,User6891,48.0,Non-Binary,Mobile,Top,Home_Decor,Cinereous,#98817B,152,129,123,Neutral,Autumn,51,0
1529,User1529,,,Mobile,Top,Sports,Cultured,#F5F5F5,245,245,245,Angry,Summer,247,1
7832,User7832,,Non-Binary,Desktop,Top,Home_Decor,Pastel magenta,#F49AC2,244,154,194,Calm,Spring,92,0
9220,User9220,,Female,Mobile,,Tech,Pale cerulean,#9BC4E2,155,196,226,Angry,Summer,161,1
9550,User9550,,Non-Binary,,Top,Tech,Granny Smith Apple,#A8E4A0,168,228,160,Happy,Autumn,166,1
8351,User8351,27.0,,Tablet,Bottom,Sports,Maximum Red Purple,#A63A79,166,58,121,Neutral,Spring,24,0
9842,User9842,43.0,Non-Binary,Mobile,Top,Fashion,Mardi Gras,#880085,136,0,133,Neutral,Monsoon,152,1
8222,User8222,27.0,,Tablet,Side,Home_Decor,Rifle green,#444C38,68,76,56,Angry,Winter,205,1
4890,User4890,43.0,Male,Tablet,Bottom,Home_Decor,Deep moss green,#355E3B,53,94,59,Neutral,Monsoon,155,1
6462,User6462,,,Tablet,Side,Sports,Pastel pink,#DEA5A4,222,165,164,Calm,Winter,104,1
5486,User5486,19.0,,Mobile,Top,Food,Cerulean,#007BA7,0,123,167,Neutral,Winter,251,0
9720,User9720,,,,Bottom,Food,Vista blue,#7C9ED9,124,158,217,Angry,Autumn,117,0
6654,User6654,33.0,,Desktop,Top,Fashion,International Klein Blue,#002FA7,0,47,167,Calm,Spring,223,1
3510,User3510,,,Desktop,Side,Home_Decor,Dark sienna,#3C1414,60,20,20,Calm,Spring,29,0
2239,User2239,25.0,,,Bottom,Home_Decor,Lavender (floral),#B57EDC,181,126,220,Neutral,Summer,293,1
2529,User2529,,,Desktop,Top,Home_Decor,Caput mortuum,#592720,89,39,32,Angry,Monsoon,107,1
8088,User8088,,,Desktop,Top,Tech,Green (Munsell),#00A877,0,168,119,Neutral,Autumn,83,0
3134,User3134,35.0,Male,Tablet,Bottom,Food,Bittersweet,#FE6F5E,254,111,94,Happy,Monsoon,20,0
1190,User1190,,Non-Binary,Tablet,Bottom,Sports,Dark magenta,#8B008B,139,0,139,Happy,Summer,63,1
5145,User5145,,Non-Binary,Tablet,,Tech,Cotton candy,#FFBCD9,255,188,217,Calm,Summer,198,0
9412,User9412,,,Mobile,Bottom,Tech,Neon fuchsia,#FE4164,254,65,100,Neutral,Autumn,129,1
3890,User3890,,,Tablet,Bottom,Food,Very light blue,#6666FF,102,102,255,Happy,Summer,36,0
6988,User6988,,,Desktop,,Home_Decor,Weldon Blue,#7C98AB,124,152,171,Sad,Autumn,182,0
8143,User8143,,,Desktop,Side,Fashion,Pink lavender,#D8B2D1,216,178,209,Happy,Summer,223,0
7147,User7147,49.0,,,Side,Sports,Mauve,#E0B0FF,224,176,255,Neutral,Spring,104,0
783,User783,56.0,Female,Desktop,Bottom,Food,Purple mountain majesty,#9678B6,150,120,182,Neutral,Autumn,107,0
5983,User5983,,,Tablet,,Fashion,Manatee,#979AAA,151,154,170,Happy,Spring,122,0
1296,User1296,34.0,,Tablet,Top,Food,Maroon (Crayola),#C32148,195,33,72,Neutral,Spring,247,1
6599,User6599,,Female,Tablet,,Food,Egyptian blue,#1034A6,16,52,166,Neutral,Autumn,123,0
4738,User4738,,Female,Mobile,Side,Food,Tiffany Blue,#0ABAB5,10,186,181,Sad,Monsoon,11,0
1170,User1170,26.0,Male,Desktop,Bottom,Food,Pale chestnut,#DDADAF,221,173,175,Calm,Winter,14,0
6284,User6284,19.0,,Mobile,Top,Home_Decor,Payne's grey,#536878,83,104,120,Neutral,Summer,285,0
5822,User5822,55.0,,Mobile,,Tech,Orchid pink,#F2BDCD,242,189,205,Angry,Summer,46,0
6277,User6277,,Non-Binary,Desktop,Bottom,Food,Teal blue,#367588,54,117,136,Calm,Monsoon,51,0
9705,User9705,,,Desktop,,Fashion,AuroMetalSaurus,#6E7F80,110,127,128,Calm,Winter,100,0
6287,User6287,40.0,Female,Tablet,,Fashion,Non-photo blue,#A4DDED,164,221,237,Angry,Monsoon,250,1
2569,User2569,,,Mobile,,Fashion,Dark green (X11),#006400,0,100,0,Happy,Winter,228,0
3485,User3485,,Male,Tablet,,Tech,Iguana Green,#71BC78,113,188,120,Sad,Autumn,118,0
3246,User3246,,Female,Mobile,Top,Tech,Dark pastel green,#03C03C,3,192,60,Neutral,Autumn,36,1
5418,User5418,34.0,Male,Mobile,Top,Fashion,Illuminating Emerald,#319177,49,145,119,Happy,Spring,157,1
3927,User3927,,Male,Mobile,Bottom,Home_Decor,Light salmon,#FFA07A,255,160,122,Angry,Spring,221,0
2946,User2946,37.0,,Desktop,Bottom,Tech,Claret,#7F1734,127,23,52,Sad,Autumn,250,1
226,User226,46.0,,Desktop,Top,Tech,Violet-blue,#324AB2,50,74,178,Sad,Spring,276,1
1446,User1446,,,Desktop,,Home_Decor,Lawn green,#7CFC00,124,252,0,Sad,Autumn,265,1
4297,User4297,,,Desktop,Bottom,Food,Blizzard Blue,#ACE5EE,172,229,238,Angry,Monsoon,11,0
3600,User3600,,Non-Binary,Mobile,Side,Tech,Dark spring green,#177245,23,114,69,Happy,Summer,209,0
8631,User8631,,Female,,Top,Fashion,Chocolate (traditional),#7B3F00,123,63,0,Neutral,Autumn,268,1
7450,User7450,,,Desktop,,Fashion,Razzmic Berry,#8D4E85,141,78,133,Sad,Autumn,293,1
8517,User8517,18.0,,Tablet,Bottom,Home_Decor,Permanent Geranium Lake,#E12C2C,225,44,44,Sad,Autumn,206,0
6654,User6654,33.0,,Desktop,,Fashion,Alice blue,#F0F8FF,240,248,255,Happy,Spring,120,1
8436,User8436,36.0,,Desktop,Side,Sports,Safety orange,#FF7800,255,120,0,Sad,Spring,216,0
2021,User2021,41.0,Male,,Bottom,Fashion,Apple green,#8DB600,141,182,0,Sad,Spring,164,1
6667,User6667,57.0,Female,Tablet,,Home_Decor,French fuchsia,#FD3F92,253,63,146,Angry,Spring,133,0
4673,User4673,33.0,Female,Mobile,,Home_Decor,Vivid gamboge,#FF9900,255,153,0,Calm,Monsoon,152,0
1583,User1583,44.0,,Mobile,Top,Home_Decor,Folly,#FF004F,255,0,79,Happy,Autumn,82,0
8726,User8726,62.0,,Desktop,Side,Sports,Limerick,#9DC209,157,194,9,Happy,Monsoon,266,1
8538,User8538,,Female,Mobile,Bottom,Tech,Lavender (web),#E6E6FA,230,230,250,Happy,Spring,56,0
2609,User2609,33.0,,Desktop,Bottom,Food,Cinnabar,#E34234,227,66,52,Angry,Monsoon,262,0
255,User255,31.0,,,,Fashion,Deep champagne,#FAD6A5,250,214,165,Angry,Autumn,225,1
3144,User3144,,Male,Desktop,Side,Tech,Spartan Crimson,#9E1316,158,19,22,Neutral,Autumn,43,1
6553,User6553,,,Desktop,Bottom,Home_Decor,Rich black (FOGRA39),#010203,1,2,3,Angry,Spring,252,1
9234,User9234,20.0,Male,Desktop,,Tech,Teal,#008080,0,128,128,Happy,Autumn,292,1
7507,User7507,,,,Top,Tech,Pineapple,#563C5C,86,60,13,Neutral,Monsoon,258,1
8278,User8278,,,Mobile,Top,Sports,Hollywood cerise,#F400A1,244,0,161,Calm,Winter,120,1
2913,User2913,,Non-Binary,Mobile,,Home_Decor,B'dazzled blue,#2E5894,46,88,148,Sad,Autumn,201,1
2992,User2992,42.0,Male,Tablet,Top,Home_Decor,Ceil,#92A1CF,146,161,207,Sad,Monsoon,218,0
18,User18,32.0,Female,Mobile,Side,Fashion,Antique brass,#CD9575,205,149,117,Neutral,Monsoon,96,0
2728,User2728,,Non-Binary,Mobile,,Fashion,Maya blue,#73C2FB,115,194,251,Calm,Monsoon,36,0
3357,User3357,,,,Side,Fashion,Ruber,#CE4676,206,70,118,Sad,Autumn,97,0
8977,User8977,,,Desktop,Side,Fashion,Amaranth,#E52B50,229,43,80,Neutral,Winter,236,0
7455,User7455,48.0,,,Side,Tech,Old rose,#C08081,192,128,129,Angry,Spring,135,0
7838,User7838,45.0,Male,,Top,Tech,Purple (HTML),#800080,128,0,128,Happy,Spring,227,0
9888,User9888,49.0,Male,Mobile,Top,Fashion,Razzmic Berry,#8D4E85,141,78,133,Calm,Autumn,17,1
8544,User8544,41.0,Male,Mobile,Bottom,Fashion,Soap,#CEC8EF,206,200,239,Sad,Autumn,25,0
4016,User4016,32.0,,,Side,Fashion,Cinnabar,#E34234,227,66,52,Happy,Summer,18,0
2397,User2397,,,Mobile,,Food,Raspberry rose,#B3446C,179,68,108,Neutral,Winter,111,0
3915,User3915,,Female,Desktop,,Fashion,Medium lavender magenta,#DDA0DD,221,160,221,Sad,Monsoon,132,1
3303,User3303,,,Mobile,Side,Food,Registration black,#000000,0,0,0,Happy,Monsoon,36,0
487,User487,,Male,,Side,Fashion,June bud,#BDDA57,189,218,87,Angry,Spring,173,1
1122,User1122,,Non-Binary,Tablet,,Home_Decor,Light apricot,#FDD5B1,253,213,177,Calm,Autumn,292,1
8487,User8487,64.0,Female,Desktop,Bottom,Sports,Dark slate gray,#2F4F4F,47,79,79,Neutral,Winter,85,0
5082,User5082,,Female,Mobile,Top,Tech,Pastel violet,#CB99C9,203,153,201,Sad,Spring,186,1
1148,User1148,25.0,,,Bottom,Home_Decor,Deep pink,#FF1493,255,20,147,Angry,Winter,194,1
3266,User3266,,Male,Tablet,Top,Sports,Dark sky blue,#8CBED6,140,190,214,Calm,Autumn,259,1
595,User595,,Male,Mobile,,Food,Cadmium green,#006B3C,0,107,60,Calm,Monsoon,170,0
9723,User9723,,,Mobile,Side,Tech,Old burgundy,#43302E,67,48,46,Angry,Summer,260,1
4057,User4057,,,Desktop,Side,Food,French rose,#F64A8A,246,74,138,Sad,Winter,202,1
3042,User3042,,,,Side,Food,Turkish rose,#B57281,181,114,129,Calm,Monsoon,217,1
9089,User9089,,,Tablet,Bottom,Tech,Tea rose,#F4C2C2,244,194,194,Neutral,Winter,49,0
5308,User5308,,,Desktop,Side,Sports,Catalina blue,#062A78,6,42,120,Happy,Winter,17,1
1931,User1931,,Female,,Bottom,Tech,Light goldenrod yellow,#FAFAD2,250,250,210,Neutral,Winter,56,1
6992,User6992,30.0,Female,Tablet,Side,Fashion,Hooker's green,#49796B,73,121,107,Calm,Autumn,269,0
2289,User2289,,Female,Desktop,Bottom,Food,Sacramento State green,#00563F,0,86,63,Happy,Spring,47,1
9582,User9582,,,,Top,Fashion,Blast-off bronze,#A57164,165,113,100,Angry,Winter,11,0
7652,User7652,,Male,,Bottom,Tech,Brink pink,#FB607F,251,96,127,Happy,Autumn,234,1
8726,User8726,62.0,Female,Desktop,Side,Tech,Gold (metallic),#D4AF37,212,175,55,Happy,Summer,48,1
2953,User2953,35.0,,Desktop,,Sports,French lime,#9EFD38,158,253,56,Happy,Spring,176,0
173,User173,29.0,Male,Mobile,Side,Food,Pastel green,#77DD77,119,221,119,Calm,Autumn,106,0
3403,User3403,,Female,Desktop,Top,Home_Decor,Deep carmine,#A9203E,169,32,62,Sad,Summer,227,1
3658,User3658,45.0,,Desktop,Side,Tech,Shocking pink,#FC0FC0,252,15,192,Calm,Spring,72,1
6545,User6545,,Female,,,Home_Decor,Fulvous,#E48400,228,132,0,Sad,Autumn,126,0
5498,User5498,,Female,Tablet,Side,Food,Medium purple,#9370DB,147,112,219,Angry,Summer,81,1
9846,User9846,27.0,Female,Tablet,Top,Fashion,Old gold,#CFB53B,207,181,59,Angry,Autumn,209,0
9303,User9303,49.0,Non-Binary,Tablet,Side,Food,Giants orange,#FE5A1D,254,90,29,Angry,Summer,175,0
4663,User4663,50.0,Male,Tablet,Bottom,Sports,Electric indigo,#6F00FF,111,0,255,Angry,Winter,222,0
6620,User6620,52.0,Female,Tablet,Top,Home_Decor,Lawn green,#7CFC00,124,252,0,Angry,Winter,197,1
9620,User9620,,,Desktop,Top,Home_Decor,Prune,#701C1C,112,28,28,Neutral,Spring,157,0
3948,User3948,21.0,Female,Mobile,Bottom,Fashion,Roast coffee,#704241,112,66,65,Calm,Summer,45,0
6075,User6075,,,,Side,Fashion,Plum,#8E4585,142,69,133,Sad,Winter,27,1
7971,User7971,,Non-Binary,Tablet,Top,Tech,Orange-yellow,#F8D568,248,213,104,Angry,Spring,190,1
1420,User1420,62.0,,Desktop,,Food,Liseran Purple,#DE6FA1,222,111,161,Neutral,Monsoon,220,1
2524,User2524,,,Mobile,Top,Sports,Lavender gray,#C4C3D0,196,195,208,Neutral,Winter,47,0
8353,User8353,,,Desktop,Bottom,Tech,Turkish rose,#B57281,181,114,129,Neutral,Winter,117,1
7828,User7828,29.0,,Tablet,Bottom,Food,Han blue,#446CCF,68,108,207,Calm,Autumn,235,1
7828,User7828,29.0,,Tablet,Bottom,Fashion,Russian green,#679267,103,146,103,Angry,Monsoon,114,1
2058,User2058,,Non-Binary,Tablet,Bottom,Sports,Green (NCS),#009F6B,0,159,107,Neutral,Summer,142,0
6487,User6487,19.0,Male,,,Fashion,Medium Persian blue,#0067A5,0,103,165,Neutral,Spring,109,1
5478,User5478,,,Mobile,Side,Fashion,Tangelo,#F94D00,249,77,0,Angry,Monsoon,144,0
5055,User5055,,Male,Desktop,Top,Home_Decor,Lavender mist,#E6E6FA,230,230,250,Calm,Summer,259,1
8041,User8041,,,Mobile,,Food,Maastricht Blue,#001C3D,0,28,61,Neutral,Winter,79,1
870,User870,53.0,,Mobile,Side,Tech,Gainsboro,#DCDCDC,220,220,220,Sad,Spring,237,0
393,User393,40.0,,Desktop,Bottom,Home_Decor,Byzantium,#702963,112,41,99,Happy,Spring,216,1
4621,User4621,20.0,,Desktop,Top,Food,Cyan-blue azure,#4682BF,70,130,191,Happy,Monsoon,62,1
4772,User4772,63.0,,Desktop,,Food,Silver chalice,#ACACAC,172,172,172,Happy,Autumn,42,0
3144,User3144,24.0,Male,Desktop,Side,Food,Cinereous,#98817B,152,129,123,Calm,Summer,266,1
6143,User6143,29.0,Non-Binary,Mobile,Bottom,Sports,Pale pink,#FADADD,250,218,221,Neutral,Monsoon,216,1
8862,User8862,,,Mobile,,Home_Decor,Bubble gum,#FFC1CC,255,193,204,Happy,Autumn,142,1
5082,User5082,44.0,Female,,Top,Tech,Shadow blue,#778BA5,119,139,165,Happy,Autumn,286,1
9430,User9430,,Female,Tablet,Top,Home_Decor,Topaz,#FFC87C,255,200,124,Angry,Autumn,62,0
8101,User8101,59.0,,Desktop,,Fashion,Light khaki,#F0E68C,240,230,140,Neutral,Spring,277,1
2373,User2373,31.0,,Desktop,Bottom,Food,English vermillion,#CC474B,204,71,75,Neutral,Summer,57,1
9992,User9992,,Male,Desktop,Side,Fashion,Harvest gold,#DA9100,218,145,0,Angry,Summer,210,1
4640,User4640,26.0,,Desktop,Top,Home_Decor,Duke blue,#00009C,0,0,156,Neutral,Monsoon,9,0
2595,User2595,,,Desktop,Bottom,Tech,Cyber yellow,#FFD300,255,211,0,Sad,Winter,111,1
7511,User7511,,Female,Desktop,Side,Fashion,Deep lilac,#9955BB,153,85,187,Calm,Monsoon,247,1
5005,User5005,49.0,Male,,Top,Fashion,Slate blue,#6A5ACD,106,90,205,Angry,Summer,152,1
9892,User9892,,,Tablet,,Sports,Sonic silver,#757575,117,117,117,Happy,Spring,183,1
8127,User8127,,Male,Tablet,Bottom,Home_Decor,Lavender gray,#C4C3D0,196,195,208,Neutral,Monsoon,178,1
7647,User7647,,,Desktop,Top,Fashion,Very light tangelo,#FFB077,255,176,119,Sad,Winter,143,1
6660,User6660,42.0,Non-Binary,Desktop,Side,Home_Decor,Isabelline,#F4F0EC,244,240,236,Sad,Monsoon,179,0
9220,User9220,,Female,Mobile,Side,Tech,Blueberry,#4F86F7,79,134,247,Calm,Autumn,257,1
2542,User2542,,Non-Binary,,Side,Fashion,Spanish sky blue,#00FFFF,0,255,255,Sad,Winter,254,1
4029,User4029,21.0,Female,Desktop,Side,Tech,Bronze,#CD7F32,205,127,50,Neutral,Autumn,140,1
8631,User8631,,Female,Desktop,Top,Fashion,Medium violet-red,#C71585,199,21,133,Neutral,Spring,26,1
8437,User8437,56.0,,,Top,Food,Languid lavender,#D6CADD,214,202,221,Sad,Summer,42,0
8253,User8253,57.0,Non-Binary,Desktop,Bottom,Sports,English lavender,#B48395,180,131,149,Neutral,Monsoon,31,1
4915,User4915,24.0,,Desktop,Bottom,Sports,Diamond,#B9F2FF,185,242,255,Neutral,Monsoon,286,0
4302,User4302,,,Mobile,,Sports,Tumbleweed,#DEAA88,222,170,136,Happy,Autumn,283,0
2797,User2797,,Male,Mobile,,Tech,Mikado yellow,#FFC40C,255,196,12,Angry,Autumn,124,0
7537,User7537,26.0,Male,Desktop,,Home_Decor,Light goldenrod yellow,#FAFAD2,250,250,210,Neutral,Summer,257,0
2331,User2331,37.0,Male,,,Sports,Rich maroon,#B03060,176,48,96,Neutral,Monsoon,69,0
3387,User3387,22.0,,Mobile,Top,Fashion,Maximum Yellow,#FAFA37,250,250,55,Calm,Summer,78,0
591,User591,,Male,,Top,Fashion,Fuchsia (Crayola),#C154C1,193,84,193,Angry,Autumn,178,0
503,User503,43.0,,Desktop,Side,Food,Alien Armpit,#84DE02,132,222,2,Angry,Autumn,264,1
2125,User2125,,,Tablet,Top,Tech,Turquoise green,#A0D6B4,160,214,180,Angry,Winter,289,1
5909,User5909,45.0,,Tablet,Top,Fashion,Glaucous,#6082B6,96,130,182,Sad,Autumn,77,1
7,User7,,,Tablet,Bottom,Fashion,Pumpkin,#FF7518,255,117,24,Happy,Autumn,83,1
7941,User7941,41.0,Female,Desktop,Bottom,Food,Electric indigo,#6F00FF,111,0,255,Happy,Summer,48,1
1462,User1462,41.0,Male,,Bottom,Food,Olive Drab (#3),#6B8E23,107,142,35,Calm,Winter,237,0
4697,User4697,,,Mobile,Side,Home_Decor,Canary yellow,#FFEF00,255,239,0,Angry,Winter,7,1
9855,User9855,,Male,Desktop,,Home_Decor,Baby blue,#89CFF0,137,207,240,Angry,Monsoon,83,1
8271,User8271,29.0,,Desktop,Bottom,Home_Decor,French lilac,#86608E,134,96,142,Neutral,Spring,185,1
3245,User3245,40.0,Male,Desktop,Side,Fashion,Cerise pink,#EC3B83,236,59,131,Sad,Monsoon,143,1
9070,User9070,,Non-Binary,Tablet,Bottom,Food,Middle Blue Green,#8DD9CC,141,217,204,Sad,Monsoon,11,1
6603,User6603,40.0,Non-Binary,,Side,Tech,Cerise,#DE3163,222,49,99,Calm,Monsoon,217,0
2727,User2727,,Non-Binary,Mobile,,Home_Decor,Deep saffron,#FF9933,255,153,51,Happy,Winter,5,1
3164,User3164,,Female,Desktop,Bottom,Sports,Persian green,#00A693,0,166,147,Angry,Summer,188,1
9455,User9455,33.0,Female,,Side,Fashion,French raspberry,#C72C48,199,44,72,Calm,Autumn,255,0
2913,User2913,57.0,Non-Binary,Mobile,Side,Tech,Deep mauve,#D473D4,212,115,212,Sad,Winter,219,1
38,User38,35.0,Non-Binary,Tablet,,Fashion,Chartreuse (web),#7FFF00,127,255,0,Sad,Autumn,81,0
3403,User3403,,Female,Desktop,Top,Home_Decor,Red (NCS),#C40233,196,2,51,Sad,Autumn,47,1
5527,User5527,23.0,Non-Binary,Desktop,Top,Fashion,International orange (Golden Gate Bridge),#C0362C,192,54,44,Angry,Spring,161,0
1689,User1689,,,Desktop,,Home_Decor,Pearly purple,#B768A2,183,104,162,Angry,Monsoon,22,0
7174,User7174,56.0,,Mobile,Side,Fashion,Amber,#FFBF00,255,191,0,Angry,Spring,224,0
2727,User2727,,Non-Binary,Mobile,Bottom,Home_Decor,Burlywood,#DEB887,222,184,135,Neutral,Monsoon,77,1
5459,User5459,,,Mobile,,Food,USC Cardinal,#990000,153,0,0,Happy,Winter,194,0
5412,User5412,35.0,,,,Food,Coquelicot,#FF3800,255,56,0,Sad,Autumn,266,1
749,User749,,,Mobile,,Food,Midnight blue,#191970,25,25,112,Sad,Spring,148,1
7866,User7866,51.0,,Mobile,,Food,Old rose,#C08081,192,128,129,Neutral,Winter,133,1
8174,User8174,20.0,Female,Mobile,Bottom,Food,Bright ube,#D19FE8,209,159,232,Sad,Winter,282,1
4742,User4742,31.0,Male,Desktop,,Sports,Dark scarlet,#560319,86,3,25,Sad,Monsoon,194,1
7189,User7189,,,Desktop,Bottom,Fashion,Earth yellow,#E1A95F,225,169,95,Angry,Autumn,155,0
6129,User6129,36.0,Male,,,Food,Flavescent,#F7E98E,247,233,142,Angry,Monsoon,99,1
2023,User2023,19.0,,Desktop,,Sports,Sandstorm,#ECD540,236,213,64,Happy,Monsoon,42,1
2124,User2124,,,,Top,Sports,Pastel purple,#B39EB5,179,158,181,Sad,Winter,160,1
770,User770,,Female,Mobile,Bottom,Fashion,Tea green,#D0F0C0,208,240,192,Calm,Monsoon,46,1
9431,User9431,,Male,Mobile,Top,Fashion,Sonic silver,#757575,117,117,117,Sad,Summer,130,1
1305,User1305,,Female,Tablet,Top,Home_Decor,Pale violet-red,#DB7093,219,112,147,Sad,Autumn,81,1
5980,User5980,40.0,Female,Desktop,,Home_Decor,Awesome,#FF2052,255,32,82,Happy,Monsoon,100,1
2430,User2430,38.0,Female,,,Food,Canary,#FFFF99,255,255,153,Calm,Monsoon,267,0
6707,User6707,,,Tablet,Bottom,Tech,Pastel magenta,#F49AC2,244,154,194,Sad,Spring,229,0
374,User374,,,Tablet,Bottom,Home_Decor,Coral Reef,#FD7C6E,253,124,110,Calm,Autumn,115,0
7022,User7022,29.0,,,Bottom,Tech,Razzmatazz,#E3256B,227,37,107,Angry,Autumn,242,0
8326,User8326,23.0,,Desktop,Bottom,Home_Decor,Wild orchid,#D470A2,212,112,162,Angry,Monsoon,209,1
6161,User6161,,Female,,Bottom,Sports,Middle Blue Purple,#8B72BE,139,114,190,Calm,Summer,292,1
3299,User3299,44.0,Non-Binary,,Side,Sports,Straw,#E4D96F,228,217,111,Sad,Spring,267,1
6467,User6467,30.0,Non-Binary,Desktop,Side,Sports,Vegas gold,#C5B358,197,179,88,Calm,Summer,80,1
1129,User1129,,Male,,Bottom,Tech,Dark liver (horses),#543D37,84,61,55,Calm,Monsoon,147,0
6980,User6980,62.0,,Desktop,Bottom,Food,Indigo dye,#091F92,9,31,146,Angry,Autumn,89,1
9910,User9910,53.0,Male,Mobile,Bottom,Home_Decor,Medium orchid,#BA55D3,186,85,211,Calm,Autumn,256,0
805,User805,,,Desktop,Bottom,Home_Decor,Naples yellow,#FADA5E,250,218,94,Neutral,Summer,236,1
6478,User6478,62.0,,,Top,Tech,Cyan,#00FFFF,0,255,255,Neutral,Winter,299,0
3323,User3323,48.0,Female,Tablet,,Sports,UCLA Gold,#FFB300,255,179,0,Angry,Monsoon,134,1
6018,User6018,64.0,Female,Mobile,Top,Food,Rose taupe,#905D5D,144,93,93,Sad,Autumn,289,0
9008,User9008,,Non-Binary,Tablet,Top,Home_Decor,Interdimensional Blue,#360CCC,54,12,204,Sad,Winter,33,0
1404,User1404,,Non-Binary,Mobile,Side,Food,Titanium yellow,#EEE600,238,230,0,Angry,Autumn,232,0
462,User462,,,Desktop,Top,Food,Trolley Grey,#808080,128,128,128,Sad,Autumn,298,0
283,User283,,Female,Mobile,Top,Fashion,Dark pink,#E75480,231,84,128,Happy,Winter,11,0
3246,User3246,,Female,Mobile,,Food,Carmine,#960018,150,0,24,Neutral,Summer,34,1
8271,User8271,29.0,,Desktop,,Fashion,Medium electric blue,#035096,3,80,150,Happy,Monsoon,219,1
1935,User1935,30.0,Female,,Bottom,Tech,Bright lavender,#BF94E4,191,148,228,Happy,Winter,119,1
6188,User6188,,Male,Desktop,,Sports,Winter Sky,#FF007C,255,0,124,Happy,Winter,219,1
8190,User8190,26.0,,Mobile,Side,Fashion,Maximum Purple,#733380,115,51,128,Angry,Autumn,168,1
6416,User6416,34.0,Male,Mobile,Bottom,Food,Drab,#967117,150,113,23,Happy,Winter,174,0
8940,User8940,52.0,Male,Desktop,,Sports,Vivid sky blue,#00CCFF,0,204,255,Calm,Monsoon,225,0
9090,User9090,41.0,Male,Desktop,Side,Food,Cyan cobalt blue,#28589C,40,88,156,Sad,Summer,264,1
5085,User5085,,,Tablet,Top,Food,Onyx,#353839,53,56,57,Angry,Summer,216,1
4086,User4086,,Female,Desktop,Top,Fashion,Eton blue,#96C8A2,150,200,162,Calm,Summer,265,1
7661,User7661,48.0,,Mobile,Side,Tech,Celadon blue,#007BA7,0,123,167,Calm,Monsoon,134,1
9684,User9684,63.0,,Tablet,,Food,Silver chalice,#ACACAC,172,172,172,Neutral,Autumn,109,0
4154,User4154,43.0,Female,Tablet,,Fashion,Pakistan green,#006600,0,102,0,Neutral,Monsoon,58,0
6886,User6886,43.0,Male,Mobile,Bottom,Food,Very pale orange,#FFDFBF,255,223,191,Calm,Winter,112,1
1096,User1096,44.0,Non-Binary,Tablet,,Sports,Light gray,#D3D3D3,211,211,211,Neutral,Spring,293,0
4853,User4853,,,Tablet,Bottom,Tech,Lavender rose,#FBA0E3,251,160,227,Sad,Spring,259,1
1253,User1253,36.0,Female,Desktop,Bottom,Food,Tiffany Blue,#0ABAB5,10,186,181,Sad,Spring,282,1
3531,User3531,47.0,,Mobile,Bottom,Tech,Silver Lake blue,#5D89BA,93,137,186,Neutral,Summer,51,0
4462,User4462,52.0,,Tablet,Bottom,Tech,Rose taupe,#905D5D,144,93,93,Happy,Monsoon,138,1
3774,User3774,,Female,Desktop,Top,Sports,Beau blue,#BCD4E6,188,212,230,Calm,Monsoon,28,0
6654,User6654,,,Desktop,Top,Sports,Pink (Pantone),#D74894,215,72,148,Sad,Summer,121,1
250,User250,,,Mobile,Bottom,Home_Decor,Lavender (floral),#B57EDC,181,126,220,Neutral,Winter,243,1
5412,User5412,35.0,,,Top,Tech,Lavender magenta,#EE82EE,238,130,238,Neutral,Spring,45,1
4938,User4938,28.0,Male,Desktop,Side,Food,Han blue,#446CCF,68,108,207,Sad,Spring,254,1
8121,User8121,46.0,,Desktop,Bottom,Sports,Bittersweet shimmer,#BF4F51,191,79,81,Sad,Summer,93,0
6265,User6265,,,Desktop,Side,Food,Rich lilac,#B666D2,182,102,210,Happy,Spring,96,0
4768,User4768,38.0,,Tablet,Side,Tech,Selective yellow,#FFBA00,255,186,0,Neutral,Autumn,85,0
1136,User1136,58.0,,Mobile,Side,Sports,Pale chestnut,#DDADAF,221,173,175,Neutral,Monsoon,134,1
4848,User4848,,,Desktop,Bottom,Home_Decor,Lemon,#FFF700,255,247,0,Angry,Spring,95,1
5596,User5596,43.0,,,Top,Tech,Olivine,#9AB973,154,185,115,Happy,Spring,104,1
4775,User4775,30.0,Female,,,Food,Bright turquoise,#08E8DE,8,232,222,Sad,Autumn,82,0
1650,User1650,29.0,,Desktop,,Home_Decor,Sky magenta,#CF71AF,207,113,175,Sad,Winter,47,1
4950,User4950,,,Mobile,Side,Tech,Dark goldenrod,#B8860B,184,134,11,Calm,Winter,127,1
6880,User6880,,Female,Mobile,Side,Sports,Desire,#EA3C53,234,60,83,Sad,Autumn,292,1
7854,User7854,,Non-Binary,,Top,Tech,MSU Green,#18453B,24,69,59,Neutral,Winter,27,0
7773,User7773,,Female,,Bottom,Fashion,Fuzzy Wuzzy,#CC6666,204,102,102,Sad,Summer,148,0
4509,User4509,,,,Bottom,Food,Vista blue,#7C9ED9,124,158,217,Neutral,Autumn,262,1
6337,User6337,,,,,Sports,Tropical violet,#CDA4DE,205,164,222,Neutral,Monsoon,11,1
9990,User9990,,,Desktop,Side,Sports,Gargoyle Gas,#FFDF46,255,223,70,Happy,Monsoon,281,1
3453,User3453,62.0,,,Top,Fashion,Bubble gum,#FFC1CC,255,193,204,Sad,Monsoon,190,0
3333,User3333,,Male,,Top,Home_Decor,Black leather jacket,#253529,37,53,41,Happy,Spring,99,1
8647,User8647,,Female,Desktop,Top,Sports,Egyptian blue,#1034A6,16,52,166,Neutral,Autumn,29,1
228,User228,46.0,,Mobile,Top,Home_Decor,North Texas Green,#059033,5,144,51,Sad,Autumn,295,1
9966,User9966,,,Mobile,Top,Home_Decor,Spanish bistre,#807532,128,117,50,Sad,Winter,231,1
1446,User1446,,,Desktop,Bottom,Home_Decor,Parrot Pink,#D998A0,217,152,160,Happy,Autumn,177,1
5748,User5748,,Male,Desktop,Side,Tech,Yellow rose,#FFF000,255,240,0,Happy,Autumn,139,1
8453,User8453,,Non-Binary,Tablet,Side,Fashion,Amber (SAE/ECE),#FF7E00,255,126,0,Neutral,Winter,292,0
4306,User4306,,,Tablet,Side,Food,Radical Red,#FF355E,255,53,94,Neutral,Autumn,73,0
7688,User7688,57.0,Male,Mobile,,Fashion,Dark pastel green,#03C03C,3,192,60,Sad,Autumn,285,1
3915,User3915,,Female,Desktop,Side,Sports,Violet (web),#EE82EE,238,130,238,Sad,Summer,235,1
5361,User5361,,,Mobile,Top,Fashion,Lumber,#FFE4CD,255,228,205,Angry,Winter,262,0
1020,User1020,,,Mobile,,Food,Fluorescent orange,#FFBF00,255,191,0,Angry,Summer,177,1
5732,User5732,,Non-Binary,Tablet,,Tech,Maya blue,#73C2FB,115,194,251,Calm,Spring,36,1
6765,User6765,46.0,Female,,,Sports,Fawn,#E5AA70,229,170,112,Neutral,Winter,204,1
2727,User2727,34.0,Non-Binary,Mobile,Bottom,Tech,Dark scarlet,#560319,86,3,25,Calm,Autumn,84,1
2337,User2337,40.0,,Desktop,Top,Sports,KU Crimson,#E8000D,232,0,13,Calm,Autumn,79,1
5921,User5921,,,Desktop,Side,Food,Purple Plum,#9C51B6,156,81,182,Happy,Summer,268,1
6443,User6443,,,Desktop,Bottom,Tech,Tuscany,#C09999,192,153,153,Happy,Summer,89,0
5881,User5881,26.0,,Tablet,Top,Food,Tyrian purple,#66023C,102,2,60,Angry,Spring,221,1
316,User316,42.0,Non-Binary,Desktop,Top,Food,Pale pink,#FADADD,250,218,221,Calm,Spring,125,1
5227,User5227,,,Mobile,Top,Fashion,Artichoke,#8F9779,143,151,121,Angry,Autumn,24,1
3855,User3855,,,Tablet,Side,Sports,Pumpkin,#FF7518,255,117,24,Neutral,Monsoon,153,0
8253,User8253,,Non-Binary,,Bottom,Home_Decor,Duke blue,#00009C,0,0,156,Sad,Spring,11,1
1435,User1435,,,Mobile,Bottom,Home_Decor,Tiffany Blue,#0ABAB5,10,186,181,Happy,Autumn,90,0
4361,User4361,29.0,Male,Tablet,Side,Tech,USC Gold,#FFCC00,255,204,0,Neutral,Spring,151,1
2207,User2207,19.0,Male,Mobile,,Food,Pink,#FFC0CB,255,192,203,Neutral,Winter,191,0
9419,User9419,64.0,,Mobile,,Fashion,Medium orchid,#BA55D3,186,85,211,Happy,Summer,197,1
9676,User9676,21.0,,Mobile,Top,Sports,Flame,#E25822,226,88,34,Happy,Autumn,286,1
3299,User3299,44.0,Non-Binary,Tablet,Side,Tech,International orange (engineering),#BA160C,186,22,12,Calm,Spring,192,1
4316,User4316,,,Tablet,,Food,Old heliotrope,#563C5C,86,60,92,Angry,Summer,22,0
6743,User6743,,,Mobile,Side,Home_Decor,Ferrari Red,#FF2800,255,40,0,Neutral,Monsoon,153,1
4503,User4503,52.0,Female,Desktop,Side,Home_Decor,Amethyst,#9966CC,153,102,204,Calm,Spring,50,0
3058,User3058,,Female,,Top,Sports,Donkey brown,#664C28,102,76,40,Calm,Autumn,16,0
5832,User5832,,,Desktop,Side,Sports,Azureish white,#DBE9F4,219,233,244,Neutral,Winter,234,1
284,User284,,,Tablet,Side,Sports,Winter Sky,#FF007C,255,0,124,Neutral,Summer,117,1
3403,User3403,,Female,,Top,Tech,Light moss green,#ADDFAD,173,223,173,Sad,Summer,164,1
5425,User5425,,Non-Binary,,Side,Sports,Blue-green,#0D98BA,13,152,186,Angry,Winter,231,1
4938,User4938,28.0,Male,Desktop,Side,Tech,Teal deer,#99E6B3,153,230,179,Neutral,Autumn,187,1
6743,User6743,,,,Side,Fashion,Pale pink,#FADADD,250,218,221,Happy,Monsoon,59,1
9736,User9736,46.0,,Desktop,Bottom,Food,Magenta (Crayola),#FF55A3,255,85,163,Sad,Winter,270,1
9276,User9276,,Non-Binary,Tablet,Side,Home_Decor,Desire,#EA3C53,234,60,83,Angry,Monsoon,39,0
310,User310,31.0,,,Bottom,Tech,Middle Purple,#D982B5,217,130,181,Happy,Autumn,84,0
9489,User9489,20.0,,Tablet,Top,Food,Razzmic Berry,#8D4E85,141,78,133,Happy,Spring,10,0
2137,User2137,,Male,,,Sports,Dark orange,#FF8C00,255,140,0,Angry,Spring,131,1
3632,User3632,,,,Bottom,Home_Decor,Blanched almond,#FFEBCD,255,235,205,Sad,Autumn,72,0
1770,User1770,51.0,Female,Mobile,Top,Tech,Old lavender,#796878,121,104,120,Happy,Monsoon,194,0
6221,User6221,,Male,Mobile,Side,Sports,Blue sapphire,#126180,18,97,128,Calm,Winter,248,0
5425,User5425,,Non-Binary,Mobile,,Food,Kombu green,#354230,53,66,48,Angry,Autumn,13,1
6296,User6296,29.0,,Desktop,Bottom,Fashion,Deep carmine,#A9203E,169,32,62,Angry,Autumn,161,1
4260,User4260,21.0,,Desktop,Side,Food,Red-purple,#E40078,228,0,120,Neutral,Spring,75,0
2096,User2096,48.0,Non-Binary,Desktop,Top,Tech,Deep mauve,#D473D4,212,115,212,Sad,Winter,138,1
5425,User5425,,,Mobile,Side,Fashion,Cadmium yellow,#FFF600,255,246,0,Calm,Spring,253,1
6258,User6258,,Non-Binary,Tablet,Top,Fashion,Irresistible,#B3446C,179,68,108,Calm,Monsoon,48,1
4086,User4086,,Female,Desktop,,Sports,Picton blue,#45B1E8,69,177,232,Neutral,Monsoon,120,1
5238,User5238,30.0,,Desktop,Top,Food,Blue-gray,#6699CC,102,153,204,Happy,Summer,232,0
6258,User6258,,Non-Binary,,Top,Tech,Bubbles,#E7FEFF,231,254,255,Happy,Autumn,61,1
6723,User6723,22.0,Female,,,Fashion,Brown Sugar,#AF6E4D,175,110,77,Calm,Winter,248,0
7923,User7923,,Non-Binary,,Bottom,Sports,Medium orchid,#BA55D3,186,85,211,Sad,Winter,61,0
4510,User4510,46.0,,Desktop,,Fashion,Pastel red,#FF6961,255,105,97,Happy,Spring,147,0
4333,User4333,,,Desktop,Top,Food,Dark lava,#483C32,72,60,50,Angry,Spring,196,0
1225,User1225,27.0,,Tablet,Side,Home_Decor,UA red,#D9004C,217,0,76,Neutral,Winter,11,1
5429,User5429,58.0,,Tablet,Bottom,Tech,Light Thulian pink,#E68FAC,230,143,172,Sad,Spring,279,0
1399,User1399,,Female,Mobile,Bottom,Home_Decor,Medium slate blue,#7B68EE,123,104,238,Happy,Summer,138,1
4539,User4539,,Male,Mobile,Bottom,Food,Shamrock green,#009E60,0,158,96,Calm,Autumn,43,1
5766,User5766,,Male,,,Home_Decor,Light red ochre,#E97451,233,116,81,Neutral,Summer,197,1
7632,User7632,54.0,Male,,Side,Food,Coffee,#6F4E37,111,78,55,Happy,Monsoon,29,0
911,User911,32.0,Non-Binary,Desktop,Top,Food,Russian violet,#32174D,50,23,77,Calm,Winter,106,1
8459,User8459,,Non-Binary,Tablet,Bottom,Sports,Fuchsia purple,#CC397B,204,57,123,Happy,Summer,155,1
6462,User6462,36.0,,Tablet,Side,Home_Decor,French puce,#4E1609,78,22,9,Neutral,Summer,221,1
1399,User1399,,,,Bottom,Fashion,Neon fuchsia,#FE4164,254,65,100,Angry,Spring,234,1
4707,User4707,21.0,,Desktop,Top,Food,Persian red,#CC3333,204,51,51,Angry,Spring,271,1
7828,User7828,29.0,,Tablet,Bottom,Home_Decor,Denim,#1560BD,21,96,189,Calm,Spring,166,1
5592,User5592,,Male,Desktop,,Fashion,Goldenrod,#DAA520,218,165,32,Angry,Monsoon,291,0
6581,User6581,33.0,,Mobile,Bottom,Tech,Viridian,#40826D,64,130,109,Neutral,Summer,170,1
6487,User6487,19.0,Male,Tablet,,Fashion,Cadmium green,#006B3C,0,107,60,Calm,Autumn,251,1
1738,User1738,22.0,,Desktop,,Home_Decor,Tea green,#D0F0C0,208,240,192,Happy,Spring,178,0
1001,User1001,23.0,Non-Binary,,,Home_Decor,Castleton green,#00563F,0,86,63,Sad,Monsoon,13,0
2964,User2964,,Non-Binary,Mobile,Side,Fashion,Medium violet-red,#C71585,199,21,133,Happy,Monsoon,280,1
9143,User9143,49.0,Non-Binary,,Side,Fashion,Charm pink,#E68FAC,230,143,172,Neutral,Spring,63,0
2804,User2804,,Female,Tablet,Bottom,Food,Jungle green,#29AB87,41,171,135,Calm,Winter,89,1
2129,User2129,47.0,,,Bottom,Home_Decor,Raisin black,#242124,36,33,36,Happy,Summer,154,1
4390,User4390,64.0,Female,Tablet,Bottom,Food,Dodger blue,#1E90FF,30,144,255,Calm,Spring,64,0
4483,User4483,,Non-Binary,,Top,Food,Magenta (process),#FF0090,255,0,144,Angry,Autumn,129,1
1395,User1395,52.0,,Desktop,Side,Tech,Old burgundy,#43302E,67,48,46,Sad,Summer,45,0
8647,User8647,,Female,,Top,Home_Decor,Coffee,#6F4E37,111,78,55,Neutral,Monsoon,177,1
8127,User8127,,Male,Tablet,Bottom,Food,Maximum Purple,#733380,115,51,128,Happy,Autumn,264,1
3429,User3429,59.0,,,Side,Tech,Spanish bistre,#807532,128,117,50,Sad,Summer,177,1
3508,User3508,,,Tablet,,Food,Green-cyan,#009966,0,153,102,Neutral,Autumn,190,0
8222,User8222,27.0,,,Side,Food,Cerise,#DE3163,222,49,99,Neutral,Monsoon,245,1
5085,User5085,,,,Top,Home_Decor,Pixie Powder,#391285,57,18,133,Angry,Spring,98,1
7110,User7110,44.0,Non-Binary,Desktop,,Fashion,Aqua,#00FFFF,0,255,255,Calm,Autumn,67,0
5647,User5647,46.0,,Tablet,Side,Fashion,Light steel blue,#B0C4DE,176,196,222,Calm,Spring,225,1
7138,User7138,26.0,Male,Tablet,,Home_Decor,Mordant red 19,#AE0C00,174,12,0,Sad,Monsoon,12,1
7138,User7138,26.0,Male,,Top,Fashion,Maya blue,#73C2FB,115,194,251,Angry,Monsoon,217,1
6248,User6248,48.0,Female,Mobile,,Sports,Umber,#635147,99,81,71,Neutral,Autumn,213,1
5766,User5766,,Male,Desktop,Side,Fashion,Indian red,#CD5C5C,205,92,92,Angry,Autumn,213,1
7629,User7629,52.0,Female,Mobile,,Food,Very light malachite green,#64E986,100,233,134,Angry,Monsoon,89,0
4181,User4181,59.0,Female,Tablet,Bottom,Food,Imperial purple,#66023C,102,2,60,Sad,Autumn,211,0
8018,User8018,,,,Side,Tech,Royal blue,#4169E1,65,105,225,Calm,Autumn,157,1
5740,User5740,,,Mobile,Side,Home_Decor,Eggplant,#614051,97,64,81,Angry,Autumn,165,0
2815,User2815,,,Desktop,Top,Tech,Palatinate purple,#682860,104,40,96,Angry,Autumn,120,0
1704,User1704,,Female,Tablet,,Food,Seashell,#FFF5EE,255,245,238,Angry,Summer,255,1
5066,User5066,46.0,Non-Binary,Mobile,Side,Food,Lavender blush,#FFF0F5,255,240,245,Happy,Monsoon,187,1
3714,User3714,,,Desktop,Side,Tech,Eerie black,#1B1B1B,27,27,27,Angry,Monsoon,168,0
3854,User3854,56.0,,Tablet,Bottom,Sports,Maximum Purple,#733380,115,51,128,Angry,Winter,84,1
3467,User3467,37.0,Female,Tablet,Bottom,Fashion,Folly,#FF004F,255,0,79,Neutral,Spring,11,0
5804,User5804,27.0,Female,Desktop,Top,Sports,Pink Sherbet,#F78FA7,247,143,167,Happy,Winter,91,0
6630,User6630,47.0,,,,Sports,Dark salmon,#E9967A,233,150,122,Angry,Autumn,12,0
7674,User7674,43.0,Female,Tablet,Bottom,Sports,International orange (aerospace),#FF4F00,255,79,0,Angry,Autumn,40,1
6629,User6629,64.0,Male,Tablet,Side,Sports,Vivid auburn,#922724,146,39,36,Sad,Summer,255,0
1704,User1704,,Female,Tablet,Bottom,Fashion,Smitten,#C84186,200,65,134,Sad,Summer,104,1
5569,User5569,,,Mobile,Bottom,Home_Decor,Jazzberry jam,#A50B5E,165,11,94,Happy,Summer,83,1
9044,User9044,29.0,,Desktop,Bottom,Tech,Pistachio,#93C572,147,197,114,Neutral,Summer,290,0
2289,User2289,,,Desktop,Bottom,Sports,Cobalt Blue,#0047AB,0,71,171,Happy,Summer,275,1
8932,User8932,27.0,,Tablet,Side,Sports,Rich black,#004040,0,64,64,Happy,Summer,225,0
5514,User5514,31.0,,,,Tech,Tuscan tan,#A67B5B,166,123,91,Sad,Summer,200,1
2555,User2555,,Non-Binary,Tablet,,Tech,Vanilla,#F3E5AB,243,229,171,Sad,Summer,230,1
4763,User4763,48.0,,Mobile,Bottom,Home_Decor,Rusty red,#DA2C43,218,44,67,Neutral,Summer,91,0
2400,User2400,39.0,Non-Binary,Tablet,Top,Food,Baby powder,#FEFEFA,254,254,250,Angry,Monsoon,62,0
487,User487,,,Mobile,Side,Home_Decor,Persian indigo,#32127A,50,18,122,Neutral,Summer,174,1
5596,User5596,43.0,,Tablet,,Food,Chocolate (traditional),#7B3F00,123,63,0,Angry,Spring,101,1
2581,User2581,,Female,Mobile,Bottom,Fashion,Maximum Purple,#733380,115,51,128,Calm,Summer,150,1
9431,User9431,,,,Top,Home_Decor,Kobe,#882D17,136,45,23,Sad,Autumn,22,1
4091,User4091,,,Tablet,Top,Fashion,Rich lilac,#B666D2,182,102,210,Calm,Autumn,188,0
6980,User6980,62.0,,Desktop,Bottom,Tech,Café au lait,#A67B5B,166,123,91,Calm,Summer,147,1
9990,User9990,,Male,Desktop,Side,Home_Decor,Sizzling Sunrise,#FFDB00,255,219,0,Sad,Summer,66,1
7450,User7450,,,Desktop,Side,Tech,Alloy orange,#C46210,196,98,16,Calm,Autumn,167,1
2336,User2336,,,Tablet,Side,Sports,Cadet grey,#91A3B0,145,163,176,Happy,Spring,44,1
9290,User9290,61.0,,Desktop,Bottom,Tech,Mint,#3EB489,62,180,137,Angry,Winter,183,1
8874,User8874,54.0,,Mobile,Bottom,Sports,Sapphire,#0F52BA,15,82,186,Neutral,Monsoon,239,0
9660,User9660,,Male,Desktop,Top,Food,French blue,#0072BB,0,114,187,Sad,Autumn,64,1
8883,User8883,,Female,Mobile,Bottom,Sports,Violet (web),#EE82EE,238,130,238,Happy,Summer,232,1
8413,User8413,,Male,,Side,Food,Medium orchid,#BA55D3,186,85,211,Neutral,Monsoon,243,0
8127,User8127,,Male,,Bottom,Sports,Red-brown,#A52A2A,165,42,42,Neutral,Summer,60,1
3060,User3060,,,Tablet,Bottom,Sports,Orange-red,#FF4500,255,69,0,Neutral,Winter,238,1
2602,User2602,61.0,Female,Desktop,Side,Fashion,Blue Bolt,#00B9FB,0,185,251,Calm,Winter,88,1
1549,User1549,56.0,,Desktop,Top,Fashion,Middle Green Yellow,#ACBF60,172,191,96,Calm,Autumn,207,1
1205,User1205,48.0,Male,,Bottom,Tech,Ferrari Red,#FF2800,255,40,0,Calm,Monsoon,45,0
1041,User1041,37.0,,Mobile,Side,Fashion,Steel pink,#CC33CC,204,51,204,Calm,Monsoon,21,1
7542,User7542,42.0,Non-Binary,Tablet,Bottom,Food,Light salmon,#FFA07A,255,160,122,Happy,Winter,109,0
1975,User1975,30.0,Female,Mobile,Top,Fashion,Pale plum,#DDA0DD,221,160,221,Calm,Summer,29,1
8131,User8131,35.0,,,,Tech,Straw,#E4D96F,228,217,111,Sad,Autumn,97,0
6764,User6764,,Female,Mobile,Side,Home_Decor,MSU Green,#18453B,24,69,59,Neutral,Spring,219,0
5405,User5405,29.0,,Tablet,Side,Food,Daffodil,#FFFF31,255,255,49,Happy,Winter,188,0
7065,User7065,57.0,,Desktop,Side,Home_Decor,Sky magenta,#CF71AF,207,113,175,Calm,Winter,221,1
400,User400,52.0,Non-Binary,Tablet,Side,Food,Peru,#CD853F,205,133,63,Neutral,Autumn,155,1
1935,User1935,30.0,Female,,,Tech,Carnation pink,#FFA6C9,255,166,201,Happy,Summer,262,1
9892,User9892,51.0,,,Side,Fashion,Tiffany Blue,#0ABAB5,10,186,181,Neutral,Monsoon,123,1
6254,User6254,58.0,Male,Desktop,Bottom,Home_Decor,Blue-gray,#6699CC,102,153,204,Happy,Winter,138,0
393,User393,40.0,,Desktop,Bottom,Home_Decor,Indian yellow,#E3A857,227,168,87,Angry,Autumn,211,1
750,User750,,,Mobile,Bottom,Fashion,Dirt,#9B7653,155,118,83,Happy,Autumn,267,0
8964,User8964,,,Desktop,,Tech,Blue sapphire,#126180,18,97,128,Calm,Autumn,194,0
2637,User2637,20.0,Non-Binary,Mobile,Top,Fashion,Indian red,#CD5C5C,205,92,92,Neutral,Monsoon,162,0
9227,User9227,,Non-Binary,Mobile,Side,Sports,Deep magenta,#CC00CC,204,0,204,Neutral,Winter,80,1
3393,User3393,,Male,Tablet,,Sports,Middle Purple,#D982B5,217,130,181,Neutral,Autumn,56,1
2804,User2804,,Female,Tablet,Bottom,Sports,Dark purple,#301934,48,25,52,Sad,Monsoon,230,1
157,User157,,Male,Mobile,Top,Home_Decor,Yellow (process),#FFEF00,255,239,0,Sad,Summer,98,0
7,User7,,Female,,Bottom,Home_Decor,Sky magenta,#CF71AF,207,113,175,Calm,Spring,296,1
6133,User6133,,,Mobile,Top,Tech,Dark vanilla,#D1BEA8,209,190,168,Angry,Winter,295,0
2309,User2309,22.0,Male,Tablet,,Food,Tenné (tawny),#CD5700,205,87,0,Sad,Monsoon,182,1
6198,User6198,47.0,,Mobile,Bottom,Fashion,Laurel green,#A9BA9D,169,186,157,Happy,Spring,110,0
2431,User2431,54.0,,Desktop,Top,Food,Neon Carrot,#FFA343,255,163,67,Calm,Spring,80,1
7425,User7425,53.0,,Desktop,Bottom,Home_Decor,Imperial purple,#66023C,102,2,60,Angry,Monsoon,8,0
4108,User4108,36.0,,Tablet,Top,Fashion,Metallic Sunburst,#9C7C38,156,124,56,Happy,Monsoon,191,1
9516,User9516,28.0,Female,Desktop,Top,Home_Decor,Light cornflower blue,#93CCEA,147,204,234,Neutral,Monsoon,24,1
6705,User6705,,,Desktop,Bottom,Tech,Light cobalt blue,#88ACE0,136,172,224,Sad,Autumn,279,0
6365,User6365,,,,Bottom,Fashion,Pineapple,#563C5C,86,60,13,Happy,Summer,140,1
6986,User6986,,Female,Mobile,Side,Home_Decor,Rich electric blue,#0892D0,8,146,208,Angry,Autumn,31,0
5338,User5338,51.0,,,Top,Sports,Blue (NCS),#0087BD,0,135,189,Calm,Spring,140,1
250,User250,,,Mobile,Bottom,Sports,Dark purple,#301934,48,25,52,Happy,Spring,22,1
6287,User6287,40.0,,Tablet,,Home_Decor,Brandeis blue,#0070FF,0,112,255,Calm,Spring,289,1
4047,User4047,,Male,Tablet,Top,Food,Old gold,#CFB53B,207,181,59,Neutral,Monsoon,142,0
606,User606,,,Desktop,Bottom,Tech,French violet,#8806CE,136,6,206,Angry,Winter,236,1
6462,User6462,36.0,,Tablet,Side,Tech,Heat Wave,#FF7A00,255,122,0,Angry,Autumn,261,1
5447,User5447,,Female,Desktop,Bottom,Home_Decor,Harvest gold,#DA9100,218,145,0,Sad,Winter,223,0
3507,User3507,60.0,,Tablet,,Tech,Pink raspberry,#980036,152,0,54,Angry,Summer,136,0
5418,User5418,34.0,Male,Mobile,Top,Fashion,Medium Persian blue,#0067A5,0,103,165,Happy,Summer,260,1
8459,User8459,38.0,,Tablet,Bottom,Tech,Dark powder blue,#003399,0,51,153,Happy,Autumn,100,1
6287,User6287,,Female,Tablet,Bottom,Sports,Medium blue,#0000CD,0,0,205,Happy,Spring,278,1
6202,User6202,,Female,Tablet,Bottom,Home_Decor,Medium candy apple red,#E2062C,226,6,44,Neutral,Summer,19,1
6708,User6708,,,Desktop,Top,Fashion,Sand,#C2B280,194,178,128,Angry,Winter,183,1
5414,User5414,,Female,Desktop,Bottom,Tech,Italian sky blue,#B2FFFF,178,255,255,Angry,Winter,264,1
3658,User3658,45.0,,Desktop,Side,Sports,Red,#FF0000,255,0,0,Happy,Monsoon,92,1
2023,User2023,19.0,,,,Food,Teal deer,#99E6B3,153,230,179,Sad,Spring,98,1
250,User250,,Non-Binary,Mobile,,Tech,Telemagenta,#CF3476,207,52,118,Sad,Monsoon,32,1
9496,User9496,,Male,,Bottom,Sports,Deep mauve,#D473D4,212,115,212,Angry,Autumn,189,0
8906,User8906,,,Desktop,Top,Sports,Sienna,#882D17,136,45,23,Angry,Summer,79,1
2876,User2876,23.0,,,Top,Sports,Permanent Geranium Lake,#E12C2C,225,44,44,Calm,Monsoon,58,1
6237,User6237,32.0,Non-Binary,,Top,Sports,Ocean Boat Blue,#0077BE,0,119,190,Angry,Monsoon,51,1
284,User284,,Non-Binary,Tablet,Side,Food,Crimson glory,#BE0032,190,0,50,Happy,Autumn,252,1
2485,User2485,57.0,,Mobile,Bottom,Home_Decor,Redwood,#A45A52,164,90,82,Neutral,Winter,238,1
8112,User8112,,,,,Sports,Vivid auburn,#922724,146,39,36,Angry,Winter,122,0
1935,User1935,30.0,Female,Desktop,Bottom,Home_Decor,Old lavender,#796878,121,104,120,Angry,Autumn,264,1
2251,User2251,,Male,Mobile,,Food,Arylide yellow,#E9D66B,233,214,107,Happy,Winter,234,0
3164,User3164,,Female,Desktop,Bottom,Food,Papaya whip,#FFEFD5,255,239,213,Calm,Autumn,294,1
6861,User6861,,Non-Binary,Tablet,Side,Fashion,Teal deer,#99E6B3,153,230,179,Angry,Winter,245,1
4462,User4462,,,,Bottom,Fashion,Deep jungle green,#004B49,0,75,73,Sad,Autumn,186,1
4848,User4848,,Female,Desktop,Bottom,Sports,Straw,#E4D96F,228,217,111,Sad,Winter,105,1
3445,User3445,54.0,,Mobile,,Home_Decor,Pink Flamingo,#FC74FD,252,116,253,Sad,Monsoon,252,0
315,User315,,Non-Binary,Desktop,,Food,Absolute zero,#0048BA,0,72,186,Neutral,Monsoon,117,1
4437,User4437,,,Desktop,,Tech,Kobicha,#6B4423,107,68,35,Neutral,Winter,225,0
8208,User8208,,Female,,Top,Fashion,Flamingo pink,#FC8EAC,252,142,172,Angry,Autumn,152,1
9157,User9157,,,Mobile,Bottom,Fashion,Azure,#007FFF,0,127,255,Angry,Monsoon,201,1
1020,User1020,,,,Side,Tech,Purple (HTML),#800080,128,0,128,Angry,Summer,73,1
6161,User6161,61.0,Female,Tablet,Bottom,Home_Decor,Harvest gold,#DA9100,218,145,0,Neutral,Winter,292,1
2691,User2691,,Non-Binary,,Bottom,Home_Decor,Sunset orange,#FD5E53,253,94,83,Angry,Summer,28,1
5514,User5514,31.0,,Desktop,Side,Home_Decor,Brown Yellow,#cc9966,204,153,102,Happy,Summer,190,1
966,User966,,Male,Desktop,Bottom,Sports,UA blue,#0033AA,0,51,170,Calm,Spring,174,1
1905,User1905,62.0,,Mobile,,Sports,Tiger's eye,#E08D3C,224,141,60,Sad,Summer,295,1
2017,User2017,,Male,Tablet,Bottom,Tech,Light grayish magenta,#CC99CC,204,153,204,Sad,Summer,36,1
5110,User5110,44.0,Female,Tablet,Top,Food,Dark lava,#483C32,72,60,50,Happy,Spring,180,1
659,User659,46.0,Male,Desktop,,Tech,Non-photo blue,#A4DDED,164,221,237,Angry,Spring,181,0
1296,User1296,34.0,,Tablet,Top,Food,Pale plum,#DDA0DD,221,160,221,Neutral,Spring,294,1
7962,User7962,58.0,,,Top,Tech,Candy apple red,#FF0800,255,8,0,Angry,Autumn,148,1
8788,User8788,46.0,,,,Sports,Pale cyan,#87D3F8,135,211,248,Angry,Spring,15,0
5631,User5631,64.0,Male,Mobile,,Home_Decor,Turquoise,#40E0D0,64,224,208,Sad,Autumn,151,0
5520,User5520,,Non-Binary,Desktop,Bottom,Fashion,Very light malachite green,#64E986,100,233,134,Sad,Winter,199,1
6573,User6573,55.0,Non-Binary,,Side,Tech,Payne's grey,#536878,83,104,120,Neutral,Autumn,80,1
2555,User2555,,Non-Binary,Tablet,Bottom,Tech,Super pink,#CF6BA9,207,107,169,Sad,Winter,164,1
6495,User6495,,Non-Binary,Tablet,Bottom,Fashion,Mint green,#98FF98,152,255,152,Angry,Spring,104,1
119,User119,59.0,,Tablet,,Tech,Smalt (Dark powder blue),#003399,0,51,153,Happy,Spring,120,1
9905,User9905,,Non-Binary,Tablet,Top,Home_Decor,French bistre,#856D4D,133,109,77,Neutral,Winter,87,1
7526,User7526,,,,Side,Fashion,Medium aquamarine,#66DDAA,102,221,170,Happy,Monsoon,67,1
4742,User4742,31.0,Male,,Bottom,Fashion,Lavender pink,#FBAED2,251,174,210,Angry,Autumn,136,1
9476,User9476,,,Tablet,Bottom,Home_Decor,Brown-nose,#6B4423,107,68,35,Neutral,Summer,252,0
2387,User2387,,,Mobile,,Home_Decor,Cyber yellow,#FFD300,255,211,0,Happy,Spring,135,1
6886,User6886,43.0,Male,Mobile,Bottom,Fashion,Grizzly,#885818,136,88,24,Neutral,Autumn,162,1
775,User775,,Female,Mobile,Top,Home_Decor,University of California Gold,#B78727,183,135,39,Angry,Autumn,220,1
9842,User9842,43.0,Non-Binary,Mobile,Top,Home_Decor,Mimi Pink,#FFDAE9,255,218,233,Neutral,Spring,38,1
7544,User7544,,Female,Mobile,Top,Home_Decor,Glaucous,#6082B6,96,130,182,Angry,Winter,283,1
7973,User7973,28.0,Female,Mobile,Bottom,Fashion,Turkish rose,#B57281,181,114,129,Neutral,Spring,19,1
5444,User5444,22.0,,Tablet,Bottom,Tech,Stizza,#990000,153,0,0,Neutral,Autumn,119,0
6886,User6886,43.0,Male,Mobile,Bottom,Food,Smoky Topaz,#933D41,147,61,65,Sad,Monsoon,61,1
6287,User6287,40.0,,Tablet,Bottom,Fashion,Teal,#008080,0,128,128,Angry,Winter,146,1
5566,User5566,,,Mobile,Bottom,Food,Maastricht Blue,#001C3D,0,28,61,Calm,Spring,211,1
8726,User8726,62.0,Female,Desktop,Side,Home_Decor,Jazzberry jam,#A50B5E,165,11,94,Neutral,Summer,144,1
3339,User3339,43.0,Male,Desktop,Bottom,Home_Decor,Hot magenta,#FF1DCE,255,29,206,Happy,Spring,111,0
345,User345,23.0,,,Bottom,Tech,Burnt umber,#8A3324,138,51,36,Sad,Autumn,295,0
400,User400,52.0,Non-Binary,Tablet,,Home_Decor,Majorelle Blue,#6050DC,96,80,220,Sad,Autumn,82,1
6758,User6758,,,,Top,Food,Amber,#FFBF00,255,191,0,Neutral,Summer,6,0
3573,User3573,42.0,,,,Fashion,Shampoo,#FFCFF1,255,207,241,Calm,Winter,278,0
3014,User3014,,,Mobile,Top,Fashion,Heliotrope gray,#AA98A9,170,152,168,Sad,Autumn,39,1
4274,User4274,32.0,Female,Desktop,Top,Tech,Medium vermilion,#D9603B,217,96,59,Angry,Winter,269,0
1325,User1325,,,Desktop,,Food,Brown (web),#A52A2A,165,42,42,Neutral,Winter,222,1
6365,User6365,,,Tablet,Bottom,Home_Decor,Madder Lake,#CC3336,204,51,54,Neutral,Spring,71,1
3231,User3231,32.0,,Mobile,Side,Sports,Majorelle Blue,#6050DC,96,80,220,Calm,Winter,73,0
2725,User2725,,Non-Binary,Mobile,Top,Tech,Red (Pantone),#ED2939,237,41,57,Angry,Autumn,228,0
58,User58,,Female,,Top,Tech,Old gold,#CFB53B,207,181,59,Angry,Autumn,298,1
7422,User7422,20.0,Female,Desktop,Top,Sports,Black,#000000,0,0,0,Calm,Monsoon,207,1
6700,User6700,32.0,Female,Mobile,Side,Fashion,Eucalyptus,#44D7A8,68,215,168,Happy,Winter,85,0
1710,User1710,37.0,,Tablet,,Fashion,Mauvelous,#EF98AA,239,152,170,Angry,Monsoon,70,1
3915,User3915,,Female,Desktop,Side,Fashion,Gold (web) (Golden),#FFD700,255,215,0,Happy,Spring,284,1
7099,User7099,22.0,Female,Mobile,,Sports,French sky blue,#77B5FE,119,181,254,Happy,Monsoon,265,1
1804,User1804,,,Tablet,Top,Home_Decor,Outrageous Orange,#FF6E4A,255,110,74,Neutral,Winter,281,0
4322,User4322,,Non-Binary,Mobile,Side,Home_Decor,Dark jungle green,#1A2421,26,36,33,Neutral,Autumn,10,0
4021,User4021,,,,Side,Food,Sunray,#E3AB57,227,171,87,Sad,Spring,136,1
9789,User9789,36.0,,Tablet,Side,Food,Vivid sky blue,#00CCFF,0,204,255,Neutral,Winter,269,1
4950,User4950,,Male,Mobile,Side,Fashion,Spring bud,#A7FC00,167,252,0,Angry,Spring,72,1
5596,User5596,,,Tablet,,Sports,Quartz,#51484F,81,72,79,Angry,Summer,130,1
4981,User4981,,Male,,Bottom,Tech,Maize,#FBEC5D,251,236,93,Happy,Winter,175,1
373,User373,34.0,Female,Mobile,,Home_Decor,Dim gray,#696969,105,105,105,Angry,Summer,33,1
8853,User8853,,Female,Mobile,Top,Sports,Turquoise green,#A0D6B4,160,214,180,Neutral,Monsoon,180,0
3117,User3117,21.0,,,,Food,Fashion fuchsia,#F400A1,244,0,161,Neutral,Winter,296,1
6296,User6296,29.0,,,Bottom,Home_Decor,Blue-gray,#6699CC,102,153,204,Neutral,Summer,109,1
6906,User6906,,Non-Binary,Mobile,Top,Home_Decor,Dark taupe,#483C32,72,60,50,Calm,Autumn,49,1
3801,User3801,26.0,Non-Binary,Desktop,Side,Sports,Fluorescent pink,#FF1493,255,20,147,Angry,Monsoon,105,1
6268,User6268,,,Desktop,Top,Food,Telemagenta,#CF3476,207,52,118,Sad,Winter,230,1
9516,User9516,28.0,Female,Desktop,Top,Sports,Dogwood rose,#D71868,215,24,104,Angry,Winter,108,1
3957,User3957,62.0,,Mobile,Bottom,Tech,Brilliant rose,#FF55A3,255,85,163,Angry,Autumn,266,0
7144,User7144,,Non-Binary,Mobile,Bottom,Home_Decor,Purple Heart,#69359C,105,53,156,Calm,Autumn,257,0
2291,User2291,53.0,,Tablet,Bottom,Sports,Pale gold,#E6BE8A,230,190,138,Angry,Summer,169,0
7962,User7962,58.0,,Tablet,Top,Sports,Cyan-blue azure,#4682BF,70,130,191,Happy,Summer,296,1
2156,User2156,46.0,Female,Tablet,Side,Tech,Egyptian blue,#1034A6,16,52,166,Neutral,Summer,216,1
1284,User1284,42.0,Female,Tablet,Top,Sports,Pink lace,#FFDDF4,255,221,244,Neutral,Spring,148,0
813,User813,,,Tablet,Top,Home_Decor,Fuchsia purple,#CC397B,204,57,123,Calm,Monsoon,240,1
7507,User7507,,,,Top,Fashion,French mauve,#D473D4,212,115,212,Neutral,Winter,26,1
3846,User3846,38.0,Non-Binary,,Bottom,Fashion,Winter Sky,#FF007C,255,0,124,Happy,Monsoon,73,1
2934,User2934,26.0,Non-Binary,Desktop,Top,Food,Zomp,#39A78E,57,167,142,Calm,Autumn,73,1
1144,User1144,53.0,Female,Desktop,Bottom,Tech,Amaranth red,#D3212D,211,33,45,Sad,Monsoon,250,0
2297,User2297,57.0,,Tablet,Side,Food,Coffee,#6F4E37,111,78,55,Neutral,Monsoon,67,1
3203,User3203,,,Tablet,Bottom,Fashion,Yellow rose,#FFF000,255,240,0,Angry,Summer,241,0
5302,User5302,,,,Bottom,Tech,Falu red,#801818,128,24,24,Happy,Autumn,23,0
2691,User2691,,Non-Binary,Desktop,Bottom,Sports,Satin sheen gold,#CBA135,203,161,53,Happy,Monsoon,235,1
5590,User5590,,Non-Binary,Mobile,Side,Sports,Stizza,#990000,153,0,0,Neutral,Winter,233,0
8726,User8726,62.0,Female,Desktop,Side,Home_Decor,Carmine pink,#EB4C42,235,76,66,Sad,Summer,131,1
9504,User9504,,,,Top,Fashion,Teal,#008080,0,128,128,Angry,Monsoon,150,1
7353,User7353,,,Tablet,Top,Sports,Violet-red,#F75394,247,83,148,Sad,Autumn,118,0
9806,User9806,58.0,Male,,Bottom,Tech,Coral Reef,#FD7C6E,253,124,110,Sad,Winter,247,1
3973,User3973,,Female,Mobile,Side,Sports,Amaranth purple,#AB274F,171,39,79,Neutral,Autumn,149,0
4474,User4474,,Female,Tablet,,Food,Medium champagne,#F3E5AB,243,229,171,Angry,Autumn,45,0
7775,User7775,,,,Top,Food,Thulian pink,#DE6FA1,222,111,161,Neutral,Autumn,165,0
2290,User2290,41.0,,,Top,Food,Chinese violet,#856088,133,96,136,Neutral,Spring,81,1
9771,User9771,,Female,Tablet,Bottom,Food,Aero,#7CB9E8,124,185,232,Happy,Winter,172,0
606,User606,,,Desktop,Bottom,Food,Volt,#CEFF00,205,255,0,Neutral,Autumn,288,1
4057,User4057,,,Desktop,Side,Home_Decor,Pale spring bud,#ECEBBD,236,235,189,Calm,Spring,114,1
188,User188,56.0,,Tablet,,Food,Cinereous,#98817B,152,129,123,Angry,Summer,199,1
8147,User8147,,Female,Desktop,Top,Home_Decor,Pink lace,#FFDDF4,255,221,244,Happy,Spring,232,1
5100,User5100,42.0,,Mobile,Side,Home_Decor,Green (Munsell),#00A877,0,168,119,Angry,Summer,171,1
277,User277,59.0,Male,Desktop,Top,Sports,Heart Gold,#808000,128,128,0,Happy,Spring,25,1
860,User860,29.0,,Tablet,Bottom,Tech,Maximum Red Purple,#A63A79,166,58,121,Calm,Autumn,169,0
4620,User4620,43.0,Non-Binary,Mobile,,Food,Pink raspberry,#980036,152,0,54,Neutral,Spring,134,1
2373,User2373,31.0,,,,Tech,Tiger's eye,#E08D3C,224,141,60,Happy,Spring,266,1
5499,User5499,23.0,,Mobile,Top,Fashion,Dark gray (X11),#A9A9A9,169,169,169,Happy,Autumn,56,0
1873,User1873,41.0,Non-Binary,Tablet,,Home_Decor,Shocking pink (Crayola),#FF6FFF,255,111,255,Happy,Summer,265,0
7471,User7471,,,Mobile,Bottom,Fashion,Sunglow,#FFCC33,255,204,51,Calm,Autumn,179,1
6679,User6679,,Male,Tablet,Bottom,Home_Decor,Medium lavender magenta,#DDA0DD,221,160,221,Angry,Winter,100,1
7507,User7507,,,,Top,Food,Purple taupe,#50404D,80,64,77,Calm,Spring,44,1
7631,User7631,47.0,Male,,,Fashion,Lilac,#C8A2C8,200,162,200,Happy,Winter,213,0
7313,User7313,,Non-Binary,Mobile,Side,Sports,Rufous,#A81C07,168,28,7,Happy,Autumn,146,1
1041,User1041,37.0,,Mobile,,Fashion,Mandarin,#F37A48,243,122,72,Neutral,Autumn,262,1
5142,User5142,,,,Side,Home_Decor,Pastel magenta,#F49AC2,244,154,194,Calm,Monsoon,171,0
8956,User8956,,Male,Tablet,,Home_Decor,Shampoo,#FFCFF1,255,207,241,Calm,Winter,195,1
5756,User5756,51.0,Non-Binary,Tablet,Top,Tech,Blizzard Blue,#ACE5EE,172,229,238,Sad,Monsoon,123,1
7036,User7036,28.0,Non-Binary,Desktop,Side,Fashion,Purple (HTML),#800080,128,0,128,Angry,Winter,150,0
3192,User3192,,Male,,Bottom,Sports,Italian sky blue,#B2FFFF,178,255,255,Sad,Monsoon,133,0
6573,User6573,55.0,Non-Binary,,,Food,Charleston green,#232B2B,35,43,43,Sad,Monsoon,149,1
2333,User2333,28.0,,,Side,Tech,Flirt,#A2006D,162,0,109,Angry,Winter,58,0
7198,User7198,42.0,Male,Tablet,Bottom,Fashion,Pale robin egg blue,#96DED1,150,222,209,Neutral,Autumn,126,0
1067,User1067,61.0,,Tablet,Bottom,Tech,Green-yellow,#ADFF2F,173,255,47,Neutral,Summer,128,0
8278,User8278,,,Mobile,Top,Fashion,Pale brown,#987654,152,118,84,Angry,Autumn,171,1
8338,User8338,,Female,Mobile,,Food,Lime (web) (X11 green),#00FF00,0,255,0,Angry,Summer,147,0
7783,User7783,,,Tablet,Bottom,Food,Cerulean blue,#2A52BE,42,82,190,Calm,Winter,26,0
9967,User9967,,,,,Sports,Dodger blue,#1E90FF,30,144,255,Calm,Spring,280,1
7962,User7962,58.0,,Tablet,Top,Tech,Smokey Topaz,#832A0D,131,42,34,Calm,Autumn,281,1
674,User674,,,Tablet,Side,Sports,Snow,#FFFAFA,255,250,250,Calm,Monsoon,119,1
7889,User7889,,,Tablet,Side,Fashion,Big Foot Feet,#E88E5A,232,142,90,Happy,Autumn,276,0
3574,User3574,,Female,Tablet,Top,Food,Orange (RYB),#FB9902,251,153,2,Happy,Winter,172,1
9373,User9373,,Female,Desktop,Bottom,Food,Mountbatten pink,#997A8D,153,122,141,Neutral,Spring,281,0
2248,User2248,34.0,Male,Desktop,Bottom,Home_Decor,English green,#1B4D3E,27,77,62,Happy,Spring,268,0
5425,User5425,,Non-Binary,,,Home_Decor,Blue-green,#0D98BA,13,152,186,Happy,Autumn,254,1
58,User58,36.0,Female,Mobile,Top,Sports,Interdimensional Blue,#360CCC,54,12,204,Calm,Autumn,259,1
8018,User8018,,,Desktop,Side,Tech,Outer Space,#414A4C,65,74,76,Calm,Autumn,62,1
9807,User9807,35.0,Non-Binary,Tablet,Bottom,Fashion,Black leather jacket,#253529,37,53,41,Angry,Winter,9,1
6337,User6337,,,Mobile,Top,Sports,Peach-orange,#FFCC99,255,204,153,Calm,Summer,115,1
6849,User6849,39.0,,,Top,Food,Soap,#CEC8EF,206,200,239,Angry,Summer,290,1
7674,User7674,43.0,,,Bottom,Food,Soap,#CEC8EF,206,200,239,Angry,Monsoon,269,1
8373,User8373,,Male,Desktop,Side,Food,Imperial purple,#66023C,102,2,60,Happy,Winter,253,1
4938,User4938,28.0,,,,Fashion,Copper (Crayola),#DA8A67,218,138,103,Calm,Spring,99,1
2290,User2290,41.0,,Tablet,Top,Sports,Key Lime,#E8F48C,232,244,140,Happy,Monsoon,189,1
2939,User2939,54.0,,Tablet,Bottom,Fashion,Redwood,#A45A52,164,90,82,Calm,Spring,233,0
3483,User3483,20.0,,Mobile,,Food,Medium Persian blue,#0067A5,0,103,165,Happy,Spring,266,1
9394,User9394,,,Tablet,Side,Home_Decor,Bronze Yellow,#737000,115,112,0,Happy,Autumn,123,0
4537,User4537,61.0,,Desktop,Bottom,Sports,Persian indigo,#32127A,50,18,122,Happy,Spring,238,0
5559,User5559,50.0,,,,Home_Decor,Spanish carmine,#D10047,209,0,71,Neutral,Spring,286,0
9789,User9789,36.0,,Tablet,,Sports,Toolbox,#746CC0,116,108,192,Happy,Winter,206,1
6852,User6852,44.0,,Desktop,Top,Food,Deep lemon,#F5C71A,245,199,26,Sad,Autumn,266,0
2835,User2835,26.0,,Desktop,Side,Home_Decor,Indian red,#CD5C5C,205,92,92,Sad,Autumn,57,0
8631,User8631,,Female,,Top,Home_Decor,Pink lace,#FFDDF4,255,221,244,Sad,Monsoon,165,1
256,User256,52.0,Female,Desktop,Side,Sports,Buff,#F0DC82,240,220,130,Angry,Autumn,248,0
2137,User2137,,Male,Tablet,,Home_Decor,Turtle green,#8A9A5B,138,154,91,Happy,Summer,98,1
1973,User1973,37.0,Female,Mobile,,Home_Decor,Limerick,#9DC209,157,194,9,Sad,Winter,44,0
7622,User7622,57.0,,Mobile,Bottom,Food,Rajah,#FBAB60,251,171,96,Angry,Monsoon,284,0
9572,User9572,38.0,,Mobile,Bottom,Sports,Mode beige,#967117,150,113,23,Sad,Summer,96,1
4049,User4049,,,Desktop,Top,Sports,Light deep pink,#FF5CCD,255,92,205,Calm,Spring,42,1
5066,User5066,,Non-Binary,Mobile,,Tech,Loeen(lopen)look/vomit+indogo+Lopen+Gabriel,#15F2FD,123,154,200,Neutral,Summer,247,1
9136,User9136,,Non-Binary,Desktop,Side,Sports,French mauve,#D473D4,212,115,212,Happy,Monsoon,140,1
8906,User8906,,Male,Desktop,Top,Food,Medium sea green,#3CB371,60,179,113,Neutral,Autumn,68,1
2115,User2115,40.0,Non-Binary,Mobile,Side,Home_Decor,Vivid orange,#FF5F00,255,95,0,Neutral,Winter,205,0
5784,User5784,,Male,Mobile,Side,Tech,Arylide yellow,#E9D66B,233,214,107,Calm,Monsoon,266,0
2313,User2313,,Non-Binary,,Bottom,Home_Decor,Crimson,#DC143C,220,20,60,Calm,Summer,179,0
8082,User8082,34.0,Non-Binary,Tablet,Side,Sports,Ruddy pink,#E18E96,225,142,150,Calm,Summer,181,0
3333,User3333,,Male,Tablet,Top,Fashion,Yellow-green,#9ACD32,154,205,50,Angry,Monsoon,89,1
6951,User6951,,Female,Mobile,Bottom,Home_Decor,Lavender blue,#CCCCFF,204,204,255,Sad,Monsoon,164,0
1713,User1713,,,Mobile,,Sports,Sage,#BCB88A,188,184,138,Happy,Monsoon,186,0
5766,User5766,63.0,Male,Desktop,Side,Food,Silver sand,#BFC1C2,191,193,194,Calm,Autumn,40,1
5053,User5053,61.0,,Tablet,Side,Sports,Rosso corsa,#D40000,212,0,0,Happy,Monsoon,103,1
7661,User7661,48.0,,Mobile,Side,Tech,Canary yellow,#FFEF00,255,239,0,Happy,Spring,230,1
9516,User9516,28.0,,Desktop,Top,Fashion,Banana Mania,#FAE7B5,250,231,181,Happy,Winter,41,1
9855,User9855,,Male,Desktop,,Fashion,Rajah,#FBAB60,251,171,96,Calm,Winter,277,1
660,User660,,Non-Binary,Tablet,Bottom,Fashion,Rose Dust,#9E5E6F,158,94,111,Calm,Spring,276,0
1931,User1931,,Female,Mobile,Bottom,Food,Ivory,#FFFFF0,255,255,240,Sad,Summer,190,1
9888,User9888,49.0,Male,Mobile,Top,Fashion,Wild orchid,#D470A2,212,112,162,Calm,Summer,53,1
168,User168,18.0,,Mobile,Side,Home_Decor,Rackley,#5D8AA8,93,138,168,Calm,Summer,98,0
2402,User2402,27.0,Female,Mobile,Top,Food,Pale plum,#DDA0DD,221,160,221,Happy,Summer,230,0
2876,User2876,23.0,Non-Binary,Tablet,Top,Sports,Wintergreen Dream,#56887D,86,136,125,Sad,Autumn,9,1
5219,User5219,39.0,Non-Binary,Desktop,Top,Tech,Lavender rose,#FBA0E3,251,160,227,Neutral,Spring,178,0
4361,User4361,29.0,Male,Tablet,Side,Food,Lemon,#FFF700,255,247,0,Calm,Winter,187,1
1532,User1532,,Non-Binary,Mobile,Side,Tech,Pacific Blue,#1CA9C9,28,169,201,Calm,Spring,77,0
177,User177,37.0,Non-Binary,Tablet,,Food,Very light azure,#74BBFB,116,187,251,Neutral,Winter,149,0
6683,User6683,,Female,Tablet,Side,Sports,Yellow Sunshine,#FFF700,255,247,0,Happy,Summer,156,1
1650,User1650,,,Desktop,,Tech,Middle Yellow,#FFEB00,255,235,0,Sad,Autumn,60,1
3803,User3803,,Female,,Top,Food,Isabelline,#F4F0EC,244,240,236,Happy,Monsoon,187,1
2542,User2542,58.0,Non-Binary,Mobile,,Tech,Banana yellow,#FFE135,255,225,53,Angry,Monsoon,126,1
6863,User6863,,,Desktop,,Fashion,Vivid sky blue,#00CCFF,0,204,255,Calm,Summer,248,1
5699,User5699,19.0,,,Top,Fashion,Purple (X11),#A020F0,160,32,240,Angry,Summer,208,1
5032,User5032,49.0,Male,Mobile,Bottom,Fashion,Coquelicot,#FF3800,255,56,0,Calm,Spring,83,0
9267,User9267,20.0,,Desktop,,Home_Decor,Wild orchid,#D470A2,212,112,162,Angry,Autumn,20,1
5698,User5698,,Male,Mobile,Bottom,Fashion,Purple (HTML),#800080,128,0,128,Neutral,Autumn,130,0
5329,User5329,54.0,,,Side,Fashion,Burnt orange,#CC5500,204,85,0,Calm,Spring,91,1
2044,User2044,31.0,,Mobile,,Sports,Metallic Sunburst,#9C7C38,156,124,56,Calm,Autumn,282,1
4621,User4621,,,,Top,Tech,Resolution blue,#002387,0,35,135,Angry,Autumn,47,1
4787,User4787,,Male,Mobile,,Tech,Spanish orange,#E86100,232,97,0,Sad,Monsoon,83,0
4836,User4836,55.0,,Tablet,Side,Fashion,Slate blue,#6A5ACD,106,90,205,Angry,Autumn,281,1
6248,User6248,,Female,,Top,Tech,Liver chestnut,#987456,152,116,86,Calm,Summer,268,1
5699,User5699,19.0,,,Top,Food,Sand,#C2B280,194,178,128,Calm,Monsoon,232,1
6692,User6692,,,Mobile,Side,Fashion,Antique white,#FAEBD7,250,235,215,Sad,Summer,129,0
503,User503,43.0,,Desktop,,Fashion,Isabelline,#F4F0EC,244,240,236,Happy,Summer,110,1
1656,User1656,18.0,Male,Mobile,Side,Home_Decor,Begonia,#FA6E79,250,110,121,Sad,Spring,234,0
7210,User7210,45.0,Female,Tablet,Side,Food,Otter brown,#654321,101,67,33,Happy,Autumn,138,0
9266,User9266,,,Mobile,,Fashion,Tenné (tawny),#CD5700,205,87,0,Calm,Autumn,85,1
6811,User6811,24.0,Male,Mobile,Bottom,Fashion,Silver,#C0C0C0,192,192,192,Neutral,Autumn,113,1
1420,User1420,62.0,,Desktop,Bottom,Tech,Baker-Miller pink,#FF91AF,255,145,175,Neutral,Autumn,179,1
7674,User7674,,Female,,Bottom,Fashion,Cyan cornflower blue,#188BC2,24,139,194,Angry,Monsoon,168,1
9660,User9660,,,,Top,Fashion,Copper penny,#AD6F69,173,111,105,Sad,Winter,129,1
9913,User9913,,Male,,Side,Fashion,Umber,#635147,99,81,71,Sad,Summer,27,0
4871,User4871,58.0,Female,Desktop,Side,Fashion,Light gray,#D3D3D3,211,211,211,Neutral,Winter,66,1
2142,User2142,34.0,Non-Binary,Desktop,Top,Home_Decor,May green,#4C9141,76,145,65,Happy,Winter,216,1
1019,User1019,36.0,,Tablet,,Food,Liver chestnut,#987456,152,116,86,Sad,Winter,256,0
3895,User3895,,Non-Binary,,Top,Home_Decor,Teal green,#00827F,0,130,127,Happy,Monsoon,100,0
5084,User5084,,Non-Binary,Tablet,Side,Tech,Steel Teal,#5F8A8B,95,138,139,Happy,Winter,213,1
7776,User7776,,Female,Mobile,Top,Sports,Dark pastel blue,#779ECB,119,158,203,Happy,Monsoon,61,0
1905,User1905,62.0,,Mobile,Bottom,Fashion,Gray-blue,#8C92AC,140,146,172,Happy,Spring,238,1
2156,User2156,,Female,Tablet,,Tech,Debian red,#D70A53,215,10,83,Angry,Spring,69,1
8948,User8948,25.0,,Mobile,Bottom,Sports,Khaki (HTML/CSS) (Khaki),#C3B091,195,176,145,Angry,Spring,297,1
5837,User5837,,,Mobile,Top,Fashion,Alabaster,#F2F0E6,242,240,230,Neutral,Monsoon,21,0
2733,User2733,,Non-Binary,Tablet,Bottom,Fashion,AuroMetalSaurus,#6E7F80,110,127,128,Angry,Monsoon,139,1
6014,User6014,,,Mobile,Bottom,Sports,Light cyan,#E0FFFF,224,255,255,Sad,Summer,134,0
4827,User4827,,Male,Mobile,,Home_Decor,Mellow apricot,#F8B878,248,184,120,Angry,Winter,41,0
5912,User5912,41.0,Non-Binary,Mobile,Side,Sports,Ochre,#CC7722,204,119,34,Sad,Autumn,254,1
8726,User8726,62.0,Female,Desktop,Side,Sports,Red (Munsell),#F2003C,242,0,60,Sad,Autumn,61,1
7047,User7047,21.0,Female,Desktop,Side,Food,Bright turquoise,#08E8DE,8,232,222,Happy,Winter,14,0
8041,User8041,,,Mobile,Bottom,Fashion,Bittersweet,#FE6F5E,254,111,94,Neutral,Autumn,85,1
6500,User6500,18.0,,Mobile,,Fashion,Baby blue,#89CFF0,137,207,240,Happy,Autumn,94,0
8571,User8571,,,Tablet,Side,Home_Decor,Desire,#EA3C53,234,60,83,Happy,Autumn,124,0
1503,User1503,19.0,Female,Tablet,Side,Home_Decor,Deep green-cyan turquoise,#0E7C61,14,124,97,Angry,Monsoon,106,1
3049,User3049,,Non-Binary,Desktop,Top,Food,Cyan cobalt blue,#28589C,40,88,156,Angry,Monsoon,31,0
1910,User1910,63.0,,Desktop,Side,Food,Blue-violet,#8A2BE2,138,43,226,Sad,Monsoon,265,1
9992,User9992,,Male,Desktop,Side,Food,Pastel green,#77DD77,119,221,119,Angry,Winter,65,1
2833,User2833,,Male,Mobile,Bottom,Home_Decor,Pearly purple,#B768A2,183,104,162,Angry,Spring,140,0
1710,User1710,37.0,,Tablet,,Sports,Big dip o’ruby,#9C2542,156,37,66,Calm,Autumn,101,1
7840,User7840,,Non-Binary,Desktop,Top,Fashion,Turtle green,#8A9A5B,138,154,91,Sad,Summer,153,0
4015,User4015,44.0,Male,Tablet,Side,Fashion,Dark tangerine,#FFA812,255,168,18,Sad,Monsoon,231,1
6683,User6683,,Female,Tablet,Side,Tech,Boysenberry,#873260,135,50,96,Calm,Summer,281,1
4429,User4429,34.0,,Mobile,Top,Home_Decor,Arsenic,#3B444B,59,68,75,Sad,Autumn,232,1
4424,User4424,,,,Side,Home_Decor,UA red,#D9004C,217,0,76,Neutral,Spring,253,0
2387,User2387,,,,Top,Food,Plum,#8E4585,142,69,133,Neutral,Summer,262,1
1187,User1187,52.0,,Mobile,Bottom,Tech,Light sky blue,#87CEFA,135,206,250,Calm,Autumn,224,0
8147,User8147,32.0,Female,Desktop,Top,Tech,Sandy brown,#F4A460,244,164,96,Angry,Autumn,240,1
4286,User4286,,,Desktop,Top,Home_Decor,Dark blue,#00008B,0,0,139,Neutral,Monsoon,24,0
7266,User7266,,,,Bottom,Food,Mode beige,#967117,150,113,23,Calm,Spring,142,1
9348,User9348,29.0,,Tablet,Side,Fashion,Gamboge,#E49B0F,228,155,15,Neutral,Autumn,193,0
5574,User5574,,Female,Desktop,Bottom,Food,Alabama crimson,#AF002A,175,0,42,Happy,Spring,109,1
2689,User2689,59.0,,,Top,Fashion,Alizarin crimson,#E32636,227,38,54,Calm,Monsoon,102,0
6886,User6886,43.0,Male,,,Home_Decor,Plump Purple,#5946B2,89,70,178,Sad,Summer,274,1
7971,User7971,,Non-Binary,Tablet,Top,Food,Plum (web),#DDA0DD,221,160,221,Neutral,Winter,157,1
670,User670,,,Desktop,Top,Tech,Shocking pink,#FC0FC0,252,15,192,Sad,Winter,222,1
5890,User5890,56.0,Female,Mobile,Bottom,Sports,Violet-blue,#324AB2,50,74,178,Calm,Winter,25,1
4021,User4021,38.0,,Mobile,Side,Tech,Vanilla,#F3E5AB,243,229,171,Neutral,Spring,276,1
6862,User6862,,Male,Tablet,Side,Fashion,Shiny Shamrock,#5FA778,95,167,120,Sad,Winter,206,1
6583,User6583,,,Tablet,Top,Home_Decor,Limerick,#9DC209,157,194,9,Angry,Summer,164,0
255,User255,,,,Bottom,Food,Light cornflower blue,#93CCEA,147,204,234,Angry,Autumn,68,1
8353,User8353,,,,Bottom,Home_Decor,Ceil,#92A1CF,146,161,207,Happy,Spring,88,1
6100,User6100,,,Desktop,Bottom,Home_Decor,Fallow,#C19A6B,193,154,107,Calm,Summer,77,1
7904,User7904,,Female,Desktop,Bottom,Fashion,Lumber,#FFE4CD,255,228,205,Sad,Spring,64,0
4707,User4707,21.0,Non-Binary,Desktop,,Home_Decor,Brunswick green,#1B4D3E,27,77,62,Happy,Spring,151,1
5650,User5650,,,Tablet,Top,Food,Rose,#FF007F,255,0,127,Calm,Spring,51,0
5324,User5324,,Non-Binary,Mobile,Top,Tech,Deep sky blue,#00BFFF,0,191,255,Angry,Monsoon,227,1
5276,User5276,42.0,,Tablet,Side,Home_Decor,Electric lavender,#F4BBFF,244,187,255,Sad,Autumn,162,1
487,User487,28.0,,Mobile,Side,Food,Lemon,#FFF700,255,247,0,Neutral,Winter,51,1
7276,User7276,63.0,,,Top,Food,Cinnabar,#E34234,227,66,52,Angry,Monsoon,293,0
8726,User8726,62.0,Female,Desktop,Side,Fashion,Illuminating Emerald,#319177,49,145,119,Neutral,Autumn,214,1
2784,User2784,41.0,Female,Tablet,Top,Home_Decor,Cyan,#00FFFF,0,255,255,Neutral,Winter,25,0
6553,User6553,,,Desktop,Bottom,Fashion,Saddle brown,#8B4513,139,69,19,Sad,Monsoon,235,1
3594,User3594,49.0,,Tablet,Side,Tech,Bright cerulean,#1DACD6,29,172,214,Sad,Monsoon,109,0
5324,User5324,,Non-Binary,,Top,Tech,Dark moss green,#4A5D23,74,93,35,Neutral,Summer,130,1
662,User662,,,Mobile,Bottom,Food,Spanish pink,#F7BFBE,247,191,190,Happy,Monsoon,72,0
6541,User6541,37.0,,,,Home_Decor,Light gray,#D3D3D3,211,211,211,Neutral,Spring,30,0
5066,User5066,46.0,Non-Binary,Mobile,Side,Food,Maroon (Crayola),#C32148,195,33,72,Neutral,Monsoon,165,1
7935,User7935,56.0,,Tablet,Bottom,Home_Decor,Safety yellow,#EED202,238,210,2,Sad,Spring,112,0
2188,User2188,,Male,,Bottom,Fashion,Wood brown,#C19A6B,193,154,107,Calm,Autumn,293,0
2002,User2002,,Female,Desktop,Top,Tech,Violet-blue,#324AB2,50,74,178,Angry,Autumn,88,0
6296,User6296,29.0,,,,Tech,Dark brown,#654321,101,67,33,Sad,Spring,45,1
6573,User6573,,,Desktop,,Fashion,Forest green (web),#228B22,34,139,34,Happy,Summer,204,1
1503,User1503,19.0,Female,Tablet,,Sports,Pale carmine,#AF4035,175,64,53,Angry,Summer,40,1
6247,User6247,27.0,Female,Mobile,Top,Sports,Dutch white,#EFDFBB,239,223,187,Sad,Autumn,238,0
5338,User5338,51.0,Male,Mobile,,Sports,Light brown,#B5651D,181,101,29,Sad,Monsoon,246,1
5085,User5085,,,Tablet,Top,Home_Decor,Brown Yellow,#cc9966,204,153,102,Calm,Autumn,24,1
9422,User9422,21.0,,,Side,Fashion,Heart Gold,#808000,128,128,0,Happy,Autumn,156,1
7993,User7993,,,Mobile,Bottom,Home_Decor,Light green,#90EE90,144,238,144,Happy,Spring,175,1
6287,User6287,40.0,Female,,,Home_Decor,Flavescent,#F7E98E,247,233,142,Sad,Summer,220,1
9492,User9492,,,Desktop,Top,Fashion,Brown (web),#A52A2A,165,42,42,Calm,Spring,236,0
3641,User3641,33.0,Female,Tablet,Top,Home_Decor,Dark electric blue,#536878,83,104,120,Sad,Autumn,20,1
5574,User5574,,Female,Desktop,Bottom,Fashion,Alloy orange,#C46210,196,98,16,Neutral,Winter,287,1
8937,User8937,57.0,Male,Tablet,Side,Sports,Cornflower blue,#6495ED,100,149,237,Neutral,Monsoon,169,1
9313,User9313,43.0,,Mobile,,Sports,Violet (RYB),#8601AF,134,1,175,Calm,Autumn,273,0
9698,User9698,,,Mobile,Top,Home_Decor,Pale violet-red,#DB7093,219,112,147,Sad,Spring,183,0
6885,User6885,,,,Top,Tech,Purple Heart,#69359C,105,53,156,Calm,Winter,262,0
3060,User3060,,Male,Tablet,Bottom,Fashion,Ultramarine,#3F00FF,18,10,143,Sad,Winter,80,1
188,User188,,Female,Tablet,Bottom,Food,Fuchsia purple,#CC397B,204,57,123,Sad,Autumn,109,1
8965,User8965,,Female,Mobile,Bottom,Food,Cyan-blue azure,#4682BF,70,130,191,Neutral,Summer,91,1
3117,User3117,21.0,,Tablet,Bottom,Home_Decor,Vivid lime green,#A6D608,166,214,8,Angry,Winter,18,1
4025,User4025,41.0,,Mobile,,Tech,Tumbleweed,#DEAA88,222,170,136,Happy,Monsoon,290,0
6627,User6627,,Non-Binary,,,Fashion,Light cyan,#E0FFFF,224,255,255,Happy,Spring,251,1
7366,User7366,62.0,Female,Mobile,Top,Sports,Upsdell red,#AE2029,174,32,41,Calm,Spring,245,0
1183,User1183,60.0,,,Bottom,Home_Decor,Beaver,#9F8170,159,129,112,Happy,Spring,13,0
393,User393,40.0,,,,Fashion,Beige,#F5F5DC,245,245,220,Neutral,Autumn,28,1
7924,User7924,,,Desktop,Bottom,Fashion,Deep maroon,#820000,130,0,0,Angry,Spring,116,1
7151,User7151,,,Tablet,Side,Fashion,Green (Crayola),#1CAC78,28,172,120,Sad,Spring,221,1
5354,User5354,,Non-Binary,Desktop,Bottom,Tech,Rich black (FOGRA29),#010B13,1,11,19,Sad,Monsoon,232,0
7254,User7254,,,Tablet,Side,Fashion,Khaki (X11) (Light khaki),#F0E68C,240,230,140,Neutral,Summer,36,0
2017,User2017,,Male,Tablet,Bottom,Tech,Pink,#FFC0CB,255,192,203,Happy,Autumn,281,1
5053,User5053,,,Tablet,Side,Tech,Desaturated cyan,#669999,102,153,153,Sad,Autumn,174,1
4836,User4836,55.0,,Tablet,Side,Fashion,Deep ruby,#843F5B,132,63,91,Happy,Spring,235,1
24,User24,,,Tablet,Side,Sports,Bleu de France,#318CE7,49,140,231,Neutral,Monsoon,74,1
1903,User1903,37.0,,Mobile,,Fashion,Dark sky blue,#8CBED6,140,190,214,Sad,Winter,115,0
2946,User2946,37.0,,Desktop,Bottom,Sports,Dolphin Gray,#828E84,130,142,132,Calm,Spring,93,1
9967,User9967,,,Mobile,Side,Home_Decor,Kelly green,#4CBB17,76,187,23,Angry,Spring,6,1
1141,User1141,,,Desktop,Bottom,Food,Mexican pink,#E4007C,228,0,124,Happy,Autumn,60,1
6740,User6740,58.0,Non-Binary,Desktop,Side,Home_Decor,Middle Blue,#7ED4E6,126,212,230,Happy,Autumn,162,0
4334,User4334,39.0,Female,Desktop,,Tech,Deep coffee,#704241,112,66,65,Happy,Spring,275,0
1248,User1248,57.0,,,Top,Home_Decor,Stil de grain yellow,#FADA5E,250,218,94,Happy,Autumn,278,0
8115,User8115,20.0,Female,Mobile,Top,Food,Vivid auburn,#922724,146,39,36,Neutral,Monsoon,36,1
4477,User4477,18.0,Female,Mobile,Top,Food,Vanilla ice,#F38FA9,243,143,169,Neutral,Winter,274,0
1209,User1209,60.0,,,Top,Sports,Medium red-violet,#BB3385,187,51,133,Neutral,Winter,194,0
1969,User1969,46.0,Non-Binary,Mobile,Bottom,Home_Decor,Navy,#000080,0,0,128,Neutral,Winter,214,1
4951,User4951,25.0,,,Bottom,Tech,Royal yellow,#FADA5E,250,218,94,Sad,Spring,26,0
3658,User3658,45.0,,,Side,Tech,Venetian red,#C80815,200,8,21,Neutral,Spring,18,1
8147,User8147,32.0,,Desktop,Top,Sports,Lumber,#FFE4CD,255,228,205,Sad,Spring,210,1
188,User188,56.0,Female,Tablet,Bottom,Sports,Lavender magenta,#EE82EE,238,130,238,Calm,Monsoon,38,1
7670,User7670,,Female,Tablet,Top,Home_Decor,Alice blue,#F0F8FF,240,248,255,Neutral,Winter,60,1
4379,User4379,39.0,,,Top,Sports,Carmine red,#FF0038,255,0,56,Calm,Autumn,244,0
5942,User5942,,Non-Binary,Tablet,Bottom,Food,Medium taupe,#674C47,103,76,71,Neutral,Autumn,67,1
5198,User5198,47.0,Male,Desktop,Bottom,Tech,Saffron,#F4C430,244,196,48,Calm,Summer,84,1
2387,User2387,,Non-Binary,Mobile,Top,Food,Napier green,#2A8000,42,128,0,Angry,Summer,44,1
8862,User8862,,,,Side,Fashion,English lavender,#B48395,180,131,149,Calm,Autumn,298,1
5890,User5890,,Female,Mobile,Bottom,Food,Radical Red,#FF355E,255,53,94,Sad,Winter,283,1
3658,User3658,,,Desktop,Side,Tech,Kombu green,#354230,53,66,48,Happy,Spring,260,1
7818,User7818,,,Desktop,Bottom,Fashion,Shocking pink,#FC0FC0,252,15,192,Calm,Autumn,114,0
8146,User8146,52.0,Non-Binary,Desktop,Side,Home_Decor,Sapphire,#0F52BA,15,82,186,Happy,Autumn,52,0
2289,User2289,,Female,Desktop,Bottom,Fashion,Keppel,#3AB09E,58,176,158,Angry,Summer,236,1
2913,User2913,57.0,,Mobile,Side,Sports,St. Patrick's blue,#23297A,35,41,122,Angry,Winter,86,1
3062,User3062,34.0,Male,Desktop,Bottom,Tech,Vivid red-tangelo,#DF6124,223,97,36,Sad,Autumn,178,1
9753,User9753,46.0,,Tablet,,Sports,Rich black (FOGRA39),#010203,1,2,3,Sad,Spring,117,1
6296,User6296,29.0,,Desktop,Bottom,Food,Violet-red,#F75394,247,83,148,Calm,Spring,282,1
9431,User9431,,Male,Mobile,Top,Home_Decor,Middle Purple,#D982B5,217,130,181,Neutral,Monsoon,44,1
4756,User4756,59.0,Non-Binary,Mobile,Bottom,Tech,Stizza,#990000,153,0,0,Angry,Spring,34,1
9766,User9766,,Male,Desktop,,Home_Decor,Cerulean,#007BA7,0,123,167,Happy,Autumn,259,1
928,User928,,Male,,,Tech,Shocking pink (Crayola),#FF6FFF,255,111,255,Neutral,Autumn,244,1
6315,User6315,,,,Top,Sports,Red (pigment),#ED1C24,237,28,36,Angry,Spring,187,1
8211,User8211,,,Tablet,,Food,Purple (HTML),#800080,128,0,128,Calm,Summer,188,0
6449,User6449,42.0,,,Top,Fashion,Sienna,#882D17,136,45,23,Angry,Winter,46,1
6679,User6679,,Male,Tablet,Bottom,Home_Decor,Satin sheen gold,#CBA135,203,161,53,Sad,Autumn,131,1
9842,User9842,,Non-Binary,Mobile,Top,Tech,Thistle,#D8BFD8,216,191,216,Happy,Spring,86,1
8156,User8156,39.0,,Desktop,Top,Tech,Silver pink,#C4AEAD,196,174,173,Happy,Spring,237,0
966,User966,54.0,Male,Desktop,Bottom,Home_Decor,Blue-gray,#6699CC,102,153,204,Sad,Autumn,196,1
3352,User3352,,,Desktop,Side,Fashion,Yellow (process),#FFEF00,255,239,0,Neutral,Monsoon,5,1
6188,User6188,,,Desktop,Bottom,Food,Coral Reef,#FD7C6E,253,124,110,Sad,Winter,211,1
6487,User6487,,Male,,Side,Tech,Dark imperial blue,#00416A,0,65,106,Happy,Autumn,201,1
2337,User2337,40.0,,Desktop,Top,Tech,Madder Lake,#CC3336,204,51,54,Calm,Spring,287,1
4483,User4483,,,Desktop,Top,Home_Decor,Turtle green,#8A9A5B,138,154,91,Neutral,Monsoon,21,1
1958,User1958,,,,Top,Home_Decor,Indigo (web),#4B0082,75,0,130,Angry,Autumn,173,0
9146,User9146,58.0,,Desktop,Top,Tech,Light hot pink,#FFB3DE,255,179,222,Calm,Winter,190,1
8994,User8994,,Female,Mobile,Bottom,Tech,Slate gray,#708090,112,128,144,Neutral,Monsoon,126,1
1721,User1721,34.0,Non-Binary,Mobile,,Tech,Dark lava,#483C32,72,60,50,Happy,Spring,228,1
7466,User7466,,,Mobile,Bottom,Sports,Blue (pigment),#333399,51,51,153,Happy,Summer,131,1
7086,User7086,30.0,Non-Binary,Mobile,Top,Tech,Silver chalice,#ACACAC,172,172,172,Calm,Winter,170,1
9855,User9855,,Male,Desktop,Bottom,Food,Dark turquoise,#00CED1,0,206,209,Neutral,Monsoon,126,1
5498,User5498,,Female,,Side,Food,Pale brown,#987654,152,118,84,Angry,Autumn,224,1
5574,User5574,52.0,,Desktop,Bottom,Fashion,Eerie black,#1B1B1B,27,27,27,Angry,Autumn,283,1
7652,User7652,,Male,Mobile,Bottom,Home_Decor,Pastel red,#FF6961,255,105,97,Sad,Monsoon,152,1
3938,User3938,,Male,Mobile,Bottom,Fashion,Dodger blue,#1E90FF,30,144,255,Calm,Autumn,296,1
1424,User1424,,Male,,Top,Tech,Blast-off bronze,#A57164,165,113,100,Neutral,Monsoon,251,0
4950,User4950,,Male,Mobile,Side,Home_Decor,French fuchsia,#FD3F92,253,63,146,Calm,Winter,192,1
5198,User5198,47.0,,Desktop,Bottom,Tech,Blue-magenta violet,#553592,85,53,146,Angry,Autumn,15,1
8891,User8891,,Non-Binary,Tablet,Bottom,Home_Decor,Dark purple,#301934,48,25,52,Neutral,Winter,288,0
1710,User1710,37.0,,,,Sports,Ube,#8878C3,136,120,195,Happy,Spring,49,1
6744,User6744,44.0,,Mobile,Side,Sports,Forest green (traditional),#014421,1,68,33,Happy,Spring,128,0
3042,User3042,,,Mobile,Side,Sports,Cherry blossom pink,#FFB7C5,255,183,197,Neutral,Spring,251,1
9290,User9290,,,Desktop,Bottom,Fashion,Vivid malachite,#00CC33,0,204,51,Calm,Spring,163,1
8740,User8740,46.0,,Tablet,Top,Home_Decor,Magenta (process),#FF0090,255,0,144,Calm,Autumn,271,0
6495,User6495,,Non-Binary,Tablet,Bottom,Fashion,Dandelion,#F0E130,240,225,48,Happy,Monsoon,296,1
316,User316,,Non-Binary,Desktop,Top,Home_Decor,Rose red,#C21E56,194,30,86,Happy,Autumn,82,1
2174,User2174,36.0,,Desktop,Bottom,Tech,Jelly Bean,#DA614E,218,97,78,Angry,Autumn,295,1
3074,User3074,,,Tablet,Side,Sports,Rose taupe,#905D5D,144,93,93,Neutral,Winter,155,0
5915,User5915,,,Mobile,,Sports,Pastel violet,#CB99C9,203,153,201,Calm,Monsoon,289,0
7,User7,,Female,Tablet,Bottom,Home_Decor,Fulvous,#E48400,228,132,0,Angry,Summer,155,1
8696,User8696,,,Desktop,Bottom,Fashion,Pale chestnut,#DDADAF,221,173,175,Calm,Summer,128,0
6409,User6409,52.0,Male,Desktop,,Fashion,Mindaro,#E3F988,227,249,136,Happy,Monsoon,232,1
9499,User9499,,Female,,Bottom,Food,Pale cerulean,#9BC4E2,155,196,226,Neutral,Summer,276,1
4086,User4086,,Female,Desktop,,Sports,Antique bronze,#665D1E,102,93,30,Sad,Monsoon,221,1
7584,User7584,31.0,Female,Mobile,Side,Sports,Deep pink,#FF1493,255,20,147,Neutral,Winter,151,0
5607,User5607,50.0,Non-Binary,Tablet,Top,Fashion,Black bean,#3D0C02,61,12,2,Sad,Winter,222,0
3808,User3808,24.0,Female,Mobile,Side,Sports,Vivid violet,#9F00FF,159,0,255,Angry,Autumn,100,0
8226,User8226,,Male,Tablet,Top,Fashion,Middle Yellow Red,#ECB176,166,58,121,Sad,Summer,54,1
6369,User6369,,Male,Desktop,,Food,Dark pastel red,#C23B22,194,59,34,Sad,Monsoon,47,0
3014,User3014,,,,Top,Home_Decor,Deep Space Sparkle,#4A646C,74,100,108,Angry,Winter,23,1
4448,User4448,28.0,,,,Home_Decor,Picton blue,#45B1E8,69,177,232,Neutral,Autumn,117,0
5501,User5501,28.0,,Mobile,Bottom,Food,Yellow Orange,#FFAE42,255,174,66,Angry,Summer,217,1
8530,User8530,52.0,Female,,Top,Sports,Maximum Green,#5E8C31,94,140,49,Happy,Summer,22,1
7924,User7924,,,Desktop,Bottom,Tech,Bright navy blue,#1974D2,25,116,210,Happy,Summer,138,1
4361,User4361,29.0,Male,Tablet,Side,Sports,Old mauve,#673147,103,49,71,Sad,Winter,295,1
2272,User2272,52.0,,,Bottom,Fashion,Non-photo blue,#A4DDED,164,221,237,Angry,Winter,18,1
9516,User9516,28.0,Female,Desktop,Top,Tech,Deep koamaru,#333366,51,51,102,Angry,Summer,68,1
1674,User1674,,,Tablet,Side,Food,Capri,#00BFFF,0,191,255,Angry,Winter,167,0
4430,User4430,,,Mobile,Side,Home_Decor,Tuscany,#C09999,192,153,153,Neutral,Summer,262,0
6021,User6021,,Non-Binary,Tablet,Bottom,Home_Decor,Spring bud,#A7FC00,167,252,0,Calm,Spring,10,0
6657,User6657,22.0,,Desktop,Bottom,Sports,Myrtle green,#317873,49,120,115,Calm,Winter,125,1
3323,User3323,48.0,,Tablet,Side,Home_Decor,Grullo,#A99A86,169,154,134,Calm,Monsoon,157,1
918,User918,62.0,,Tablet,Side,Sports,Deep Space Sparkle,#4A646C,74,100,108,Neutral,Winter,182,0
3937,User3937,45.0,,Tablet,Bottom,Fashion,Red-violet,#C71585,199,21,133,Angry,Summer,67,0
393,User393,40.0,,,Bottom,Fashion,Deep lilac,#9955BB,153,85,187,Calm,Monsoon,262,1
1704,User1704,61.0,Female,Tablet,Bottom,Food,Old heliotrope,#563C5C,86,60,92,Angry,Autumn,69,1
9197,User9197,63.0,Non-Binary,Desktop,Side,Fashion,Spanish blue,#0070B8,0,112,184,Sad,Monsoon,191,0
4962,User4962,,,Mobile,Bottom,Sports,Vivid orange peel,#FFA000,255,160,0,Calm,Monsoon,231,0
7099,User7099,22.0,Female,Mobile,Top,Home_Decor,English red,#AB4B52,171,75,82,Sad,Winter,203,1
7924,User7924,,,Desktop,Bottom,Fashion,Metallic Sunburst,#9C7C38,156,124,56,Neutral,Monsoon,298,1
5566,User5566,,Non-Binary,Mobile,,Fashion,Red-violet,#C71585,199,21,133,Happy,Monsoon,255,1
6086,User6086,24.0,Male,Desktop,Bottom,Sports,Bone,#E3DAC9,227,218,201,Neutral,Summer,197,1
6094,User6094,,Non-Binary,Tablet,Top,Fashion,Gold (web) (Golden),#FFD700,255,215,0,Neutral,Winter,123,1
5329,User5329,54.0,,,,Home_Decor,Castleton green,#00563F,0,86,63,Neutral,Summer,183,1
9617,User9617,63.0,,Tablet,,Home_Decor,Laser Lemon,#FFFF66,255,255,102,Calm,Winter,56,1
8101,User8101,59.0,,Desktop,Bottom,Home_Decor,Lapis lazuli,#26619C,38,97,156,Sad,Autumn,114,1
1704,User1704,61.0,Female,Tablet,Bottom,Home_Decor,Liver,#674C47,103,76,71,Calm,Monsoon,228,1
6094,User6094,,Non-Binary,Tablet,Top,Tech,Blue Jeans,#5DADEC,93,173,236,Happy,Winter,102,1
2289,User2289,,Female,Desktop,Bottom,Home_Decor,Dogwood rose,#D71868,215,24,104,Neutral,Monsoon,52,1
3724,User3724,62.0,Female,Mobile,Top,Tech,Neon Carrot,#FFA343,255,163,67,Angry,Monsoon,105,0
9894,User9894,,,Mobile,Top,Home_Decor,Earth yellow,#E1A95F,225,169,95,Happy,Spring,244,1
8353,User8353,,,Desktop,Bottom,Home_Decor,Copper,#B87333,184,115,51,Sad,Summer,78,1
6220,User6220,,,Mobile,Bottom,Sports,Kombu green,#354230,53,66,48,Happy,Winter,42,0
1969,User1969,46.0,Non-Binary,Mobile,Bottom,Home_Decor,Pastel green,#77DD77,119,221,119,Calm,Autumn,220,1
8459,User8459,38.0,Non-Binary,,Bottom,Fashion,Gainsboro,#DCDCDC,220,220,220,Angry,Spring,140,1
1136,User1136,58.0,,Mobile,Side,Home_Decor,Pastel blue,#AEC6CF,174,198,207,Calm,Summer,10,1
6129,User6129,36.0,Male,Tablet,Bottom,Food,Psychedelic purple,#DF00FF,223,0,255,Neutral,Autumn,251,1
7569,User7569,,Male,Desktop,,Sports,Violet-red,#F75394,247,83,148,Neutral,Autumn,201,0
7518,User7518,,Non-Binary,Desktop,,Sports,Lavender rose,#FBA0E3,251,160,227,Happy,Monsoon,115,1
509,User509,59.0,Non-Binary,Desktop,Side,Home_Decor,Royal azure,#0038A8,0,56,168,Neutral,Summer,292,0
6892,User6892,,Male,Mobile,Side,Food,Smokey Topaz,#832A0D,131,42,34,Neutral,Spring,42,0
6600,User6600,,Male,,Side,Home_Decor,Pansy purple,#78184A,120,24,74,Sad,Winter,119,0
3155,User3155,,Female,Tablet,Side,Fashion,USC Cardinal,#990000,153,0,0,Sad,Winter,189,0
1141,User1141,37.0,,Desktop,Bottom,Sports,Winter Sky,#FF007C,255,0,124,Calm,Spring,216,1
9431,User9431,,Male,Mobile,Top,Sports,Alizarin crimson,#E32636,227,38,54,Calm,Monsoon,259,1
5501,User5501,28.0,Non-Binary,,Bottom,Food,Dark lava,#483C32,72,60,50,Sad,Monsoon,117,1
811,User811,20.0,,Desktop,Bottom,Tech,Snow,#FFFAFA,255,250,250,Happy,Autumn,274,0
2289,User2289,,,Desktop,Bottom,Food,Shiny Shamrock,#5FA778,95,167,120,Sad,Summer,179,1
8764,User8764,38.0,Male,Desktop,,Fashion,New York pink,#D7837F,215,131,127,Calm,Autumn,23,0
8190,User8190,26.0,,Mobile,Side,Food,Bubble gum,#FFC1CC,255,193,204,Angry,Winter,207,1
4307,User4307,,Male,,Bottom,Tech,Boysenberry,#873260,135,50,96,Neutral,Spring,130,0
8154,User8154,52.0,Male,,Top,Fashion,Viridian,#40826D,64,130,109,Angry,Summer,258,0
6248,User6248,,Female,Mobile,Top,Fashion,Imperial,#602F6B,96,47,107,Angry,Spring,259,1
6495,User6495,,Non-Binary,Tablet,,Tech,Turquoise green,#A0D6B4,160,214,180,Neutral,Summer,292,1
5574,User5574,52.0,Female,,,Home_Decor,Warm black,#004242,0,66,66,Sad,Winter,296,1
8530,User8530,,,,Top,Food,Desire,#EA3C53,234,60,83,Happy,Winter,156,1
3605,User3605,,,Tablet,Side,Fashion,Bitter lime,#BFFF00,191,255,0,Angry,Summer,203,0
1762,User1762,41.0,Male,Desktop,Side,Food,Gray (HTML/CSS gray),#808080,128,128,128,Happy,Monsoon,203,1
9402,User9402,53.0,,,Side,Tech,Deep mauve,#D473D4,212,115,212,Calm,Summer,179,0
4231,User4231,,,Desktop,Side,Sports,Polished Pine,#5DA493,93,164,147,Angry,Winter,274,0
9643,User9643,44.0,Male,,Top,Tech,Zinnwaldite brown,#2C1608,44,22,8,Calm,Spring,184,0
2607,User2607,,,Tablet,Bottom,Food,Sepia,#704214,112,66,20,Sad,Autumn,222,0
5329,User5329,54.0,Male,Tablet,Side,Fashion,Rose gold,#B76E79,183,110,121,Angry,Spring,122,1
6161,User6161,61.0,Female,Tablet,Bottom,Food,Brandeis blue,#0070FF,0,112,255,Calm,Winter,27,1
8353,User8353,,,Desktop,Bottom,Sports,Medium aquamarine,#66DDAA,102,221,170,Calm,Spring,129,1
2129,User2129,47.0,,Tablet,Bottom,Fashion,Dark taupe,#483C32,72,60,50,Sad,Monsoon,88,1
2239,User2239,,Female,Tablet,Bottom,Sports,Rich carmine,#D70040,215,0,64,Happy,Monsoon,203,1
9572,User9572,38.0,,,Bottom,Home_Decor,Dark sienna,#3C1414,60,20,20,Happy,Summer,191,1
6188,User6188,20.0,,Desktop,,Tech,Sunny,#F2F27A,242,242,122,Angry,Spring,96,1
9789,User9789,36.0,,Tablet,Side,Home_Decor,Mughal green,#306030,48,96,48,Sad,Spring,186,1
8505,User8505,,,,Bottom,Food,Spanish pink,#F7BFBE,247,191,190,Angry,Winter,231,0
6467,User6467,30.0,Non-Binary,Desktop,Side,Home_Decor,Flattery,#6B4423,107,68,35,Happy,Summer,203,1
9642,User9642,,Non-Binary,Mobile,,Tech,Medium candy apple red,#E2062C,226,6,44,Sad,Summer,239,1
3854,User3854,56.0,,Tablet,Bottom,Fashion,Ocean Green,#48BF91,72,191,145,Neutral,Spring,48,1
4015,User4015,,,Tablet,Side,Sports,Medium champagne,#F3E5AB,243,229,171,Sad,Autumn,80,1
5100,User5100,42.0,,Mobile,Side,Fashion,Star command blue,#007BB8,0,123,184,Sad,Spring,145,1
6202,User6202,,,,Bottom,Home_Decor,Imperial blue,#002395,0,35,149,Neutral,Spring,186,1
1379,User1379,,,,Bottom,Food,Lavender mist,#E6E6FA,230,230,250,Calm,Spring,123,0
3380,User3380,64.0,Female,,,Home_Decor,Trolley Grey,#808080,128,128,128,Calm,Monsoon,44,0
9770,User9770,,Non-Binary,Desktop,Top,Tech,Cornflower blue,#6495ED,100,149,237,Calm,Summer,264,0
4554,User4554,,,Mobile,Top,Tech,Utah Crimson,#D3003F,211,0,63,Happy,Monsoon,248,0
3574,User3574,,Female,,Top,Food,Weldon Blue,#7C98AB,124,152,171,Sad,Autumn,133,1
282,User282,,Female,Tablet,Side,Fashion,Pastel orange,#FFB347,255,179,71,Neutral,Winter,10,0
3144,User3144,24.0,,Desktop,,Tech,Persimmon,#EC5800,236,88,0,Happy,Autumn,70,1
9789,User9789,36.0,,,Side,Tech,Olive Drab #7,#3C341F,60,52,31,Neutral,Summer,223,1
1325,User1325,,,Desktop,Side,Food,Magic Potion,#FF4466,255,68,102,Happy,Winter,150,1
7866,User7866,51.0,,Mobile,,Fashion,Cyan cobalt blue,#28589C,40,88,156,Happy,Autumn,238,1
7882,User7882,52.0,,,Top,Home_Decor,Infra Red,#FF496C,255,73,108,Happy,Summer,33,0
5227,User5227,24.0,,,Top,Sports,Sunset orange,#FD5E53,253,94,83,Neutral,Autumn,165,1
5776,User5776,59.0,Non-Binary,Mobile,Top,Food,Jazzberry jam,#A50B5E,165,11,94,Angry,Winter,135,0
8424,User8424,,Male,Mobile,Side,Fashion,Rhythm,#777696,119,118,150,Happy,Winter,152,0
7266,User7266,,,Tablet,Bottom,Sports,Deep pink,#FF1493,255,20,147,Calm,Autumn,86,1
5647,User5647,46.0,,Tablet,Side,Food,UCLA Blue,#536895,83,104,149,Sad,Monsoon,87,1
1524,User1524,,Male,Mobile,Bottom,Home_Decor,Old burgundy,#43302E,67,48,46,Angry,Autumn,77,1
7188,User7188,24.0,Female,,Side,Home_Decor,Yellow,#FFFF00,255,255,0,Angry,Autumn,218,0
1190,User1190,,Non-Binary,Tablet,Bottom,Fashion,Pearly purple,#B768A2,183,104,162,Neutral,Autumn,30,1
5860,User5860,,,Desktop,Bottom,Fashion,Very light azure,#74BBFB,116,187,251,Angry,Monsoon,294,1
8732,User8732,,,,,Home_Decor,Champagne pink,#F1DDCF,241,221,207,Neutral,Spring,75,0
2044,User2044,31.0,,,Top,Home_Decor,Dark coral,#CD5B45,205,91,69,Neutral,Winter,181,1
1503,User1503,,Female,Tablet,Side,Food,Middle Purple,#D982B5,217,130,181,Calm,Summer,93,1
3282,User3282,46.0,,Tablet,Side,Fashion,Sandy brown,#F4A460,244,164,96,Happy,Winter,181,0
3065,User3065,,,,Bottom,Sports,Sunburnt Cyclops,#FF404C,255,64,76,Angry,Winter,31,0
3144,User3144,24.0,,Desktop,Side,Home_Decor,Dark imperial blue,#00147E,0,20,126,Happy,Spring,293,1
8115,User8115,,,Mobile,Top,Sports,Air Force blue (RAF),#5D8AA8,93,138,168,Happy,Winter,67,1
9504,User9504,,,Tablet,Top,Fashion,Infra Red,#FF496C,255,73,108,Happy,Winter,23,1
3106,User3106,26.0,,Tablet,Top,Fashion,Majorelle Blue,#6050DC,96,80,220,Neutral,Monsoon,282,0
2044,User2044,31.0,,Mobile,,Tech,Ochre,#CC7722,204,119,34,Happy,Monsoon,71,1
6449,User6449,42.0,,Desktop,Top,Home_Decor,Cerise pink,#EC3B83,236,59,131,Angry,Monsoon,242,1
4938,User4938,28.0,,Desktop,Side,Fashion,Dark slate blue,#483D8B,72,61,139,Neutral,Monsoon,141,1
5770,User5770,,Male,Mobile,Side,Fashion,Otter brown,#654321,101,67,33,Angry,Monsoon,167,0
503,User503,43.0,,Desktop,,Home_Decor,Copper,#B87333,184,115,51,Neutral,Summer,297,1
6153,User6153,30.0,,Mobile,,Tech,Dark spring green,#177245,23,114,69,Sad,Spring,32,1
3561,User3561,37.0,,Desktop,Side,Tech,Rich black,#004040,0,64,64,Sad,Autumn,260,1
5531,User5531,34.0,Male,Desktop,Top,Tech,Shampoo,#FFCFF1,255,207,241,Sad,Monsoon,295,1
6462,User6462,36.0,,Tablet,Side,Tech,Misty rose,#FFE4E1,255,228,225,Sad,Spring,116,1
7086,User7086,30.0,Non-Binary,Mobile,Top,Food,Safety orange (blaze orange),#FF6700,255,103,0,Neutral,Autumn,244,1
9102,User9102,23.0,,Mobile,Bottom,Home_Decor,Piggy pink,#FDDDE6,253,221,230,Happy,Winter,247,0
893,User893,33.0,,Mobile,Bottom,Home_Decor,Deep Space Sparkle,#4A646C,74,100,108,Calm,Winter,157,0
2602,User2602,,Female,,Side,Home_Decor,Vivid lime green,#A6D608,166,214,8,Calm,Spring,269,1
9759,User9759,,Female,Tablet,,Tech,Begonia,#FA6E79,250,110,121,Sad,Summer,56,0
4177,User4177,43.0,Female,Mobile,Bottom,Tech,Shadow blue,#778BA5,119,139,165,Happy,Summer,269,0
2353,User2353,59.0,,Mobile,Bottom,Fashion,Cyber grape,#58427C,88,66,124,Angry,Spring,58,0
1902,User1902,40.0,Male,Mobile,,Food,CG Red,#E03C31,224,60,49,Happy,Summer,137,0
2683,User2683,36.0,Male,,Bottom,Home_Decor,Brass,#B5A642,181,166,66,Angry,Summer,195,0
2373,User2373,31.0,,Desktop,Bottom,Food,Sacramento State green,#00563F,0,86,63,Calm,Winter,128,1
9231,User9231,21.0,,Desktop,,Home_Decor,USC Gold,#FFCC00,255,204,0,Happy,Summer,222,1
8561,User8561,52.0,Male,Mobile,Bottom,Tech,Independence,#4C516D,76,81,109,Happy,Summer,75,1
3336,User3336,26.0,Non-Binary,Desktop,Bottom,Tech,Baby powder,#FEFEFA,254,254,250,Calm,Spring,218,1
2431,User2431,54.0,Male,,Top,Home_Decor,Persimmon,#EC5800,236,88,0,Happy,Summer,37,1
5980,User5980,,Female,Desktop,,Sports,Pearl Aqua,#88D8C0,136,216,192,Angry,Monsoon,175,1
8882,User8882,47.0,,Mobile,Bottom,Tech,Navy purple,#9457EB,148,87,235,Happy,Monsoon,295,0
2373,User2373,31.0,,Desktop,Bottom,Fashion,Forest green (traditional),#014421,1,68,33,Angry,Spring,241,1
7674,User7674,43.0,,Tablet,Bottom,Tech,Vivid cerise,#DA1D81,218,29,129,Sad,Monsoon,106,1
3333,User3333,30.0,,Tablet,Top,Fashion,Pink (Pantone),#D74894,215,72,148,Happy,Winter,14,1
5207,User5207,,Female,Tablet,Bottom,Food,Ruddy brown,#BB6528,187,101,40,Angry,Spring,45,0
6193,User6193,29.0,Female,Desktop,Bottom,Tech,Palatinate blue,#273BE2,39,59,226,Calm,Summer,130,1
6724,User6724,,Female,Desktop,Top,Tech,Rose quartz,#AA98A9,170,152,169,Sad,Monsoon,277,1
1612,User1612,40.0,,Mobile,Side,Food,Light fuchsia pink,#F984EF,249,132,239,Happy,Winter,15,1
6086,User6086,24.0,Male,Desktop,Bottom,Fashion,Tyrian purple,#66023C,102,2,60,Angry,Spring,199,1
4620,User4620,43.0,Non-Binary,Mobile,,Sports,Robin egg blue,#00CCCC,0,204,204,Happy,Spring,24,1
2957,User2957,29.0,Male,Mobile,Bottom,Fashion,Metallic Seaweed,#0A7E8C,10,126,140,Angry,Summer,277,0
2309,User2309,,Male,Tablet,Bottom,Home_Decor,Blanched almond,#FFEBCD,255,235,205,Happy,Autumn,239,1
6242,User6242,53.0,Male,Tablet,,Home_Decor,Cadmium red,#E30022,227,0,34,Sad,Monsoon,231,0
8684,User8684,,Non-Binary,Tablet,Top,Home_Decor,Raspberry,#E30B5D,227,11,92,Sad,Winter,231,1
532,User532,42.0,,Tablet,Side,Food,CG Blue,#007AA5,0,122,165,Happy,Spring,276,0
2096,User2096,,,Desktop,Top,Fashion,Sky magenta,#CF71AF,207,113,175,Happy,Monsoon,283,1
6771,User6771,,,,,Tech,Hansa yellow,#E9D66B,233,214,107,Neutral,Winter,128,1
9072,User9072,49.0,Female,Tablet,Bottom,Home_Decor,Turquoise Surf,#00C5CD,0,197,205,Happy,Winter,199,0
9789,User9789,36.0,,Tablet,Side,Fashion,Middle Yellow Red,#ECB176,166,58,121,Happy,Spring,75,1
606,User606,,Non-Binary,Desktop,Bottom,Tech,Dark moss green,#4A5D23,74,93,35,Sad,Monsoon,236,1
701,User701,54.0,Male,Desktop,Side,Fashion,Eggshell,#F0EAD6,240,234,214,Happy,Winter,177,0
7518,User7518,,Non-Binary,Desktop,Bottom,Food,Smoky black,#100C08,16,12,8,Calm,Spring,207,1
9813,User9813,59.0,Female,Desktop,,Home_Decor,Carmine red,#FF0038,255,0,56,Happy,Monsoon,37,0
8326,User8326,23.0,,Desktop,Bottom,Sports,Light cyan,#E0FFFF,224,255,255,Neutral,Monsoon,215,1
9905,User9905,,Non-Binary,Tablet,Top,Home_Decor,Medium violet-red,#C71585,199,21,133,Angry,Spring,186,1
9736,User9736,,,,Bottom,Home_Decor,Columbia Blue,#C4D8E2,196,216,226,Sad,Monsoon,245,1
8947,User8947,22.0,Male,Desktop,Bottom,Food,Hunter green,#355E3B,53,94,59,Calm,Autumn,55,1
1261,User1261,46.0,Non-Binary,Mobile,Top,Tech,Bronze,#CD7F32,205,127,50,Angry,Winter,33,0
2124,User2124,,Male,Desktop,Top,Home_Decor,Yellow (Pantone),#FEDF00,254,223,0,Calm,Winter,10,1
8681,User8681,,,,,Tech,Brink pink,#FB607F,251,96,127,Sad,Monsoon,137,0
9842,User9842,,Non-Binary,Mobile,Top,Tech,Fresh Air,#A6E7FF,166,231,255,Neutral,Spring,100,1
6161,User6161,61.0,,Tablet,Bottom,Food,Bazaar,#98777B,152,119,123,Sad,Summer,86,1
9230,User9230,38.0,Non-Binary,Tablet,Bottom,Home_Decor,Donkey brown,#664C28,102,76,40,Calm,Monsoon,281,0
7647,User7647,,Male,Desktop,Top,Food,Light green,#90EE90,144,238,144,Calm,Summer,221,1
8602,User8602,,Non-Binary,Mobile,Top,Food,Celadon blue,#007BA7,0,123,167,Sad,Monsoon,284,0
301,User301,,,Tablet,Side,Sports,Cerulean blue,#2A52BE,42,82,190,Happy,Summer,135,1
9419,User9419,64.0,,Mobile,Side,Food,Jazzberry jam,#A50B5E,165,11,94,Sad,Monsoon,90,1
9400,User9400,,Non-Binary,Mobile,Side,Sports,Redwood,#A45A52,164,90,82,Neutral,Spring,97,1
3218,User3218,61.0,,Tablet,Bottom,Tech,Old rose,#C08081,192,128,129,Sad,Summer,75,0
3117,User3117,21.0,,,Bottom,Tech,Palm Leaf,#6F9940,130,142,132,Angry,Autumn,195,1
813,User813,,,Tablet,,Fashion,Peach puff,#FFDAB9,255,218,185,Happy,Spring,218,1
9572,User9572,38.0,,Mobile,Bottom,Fashion,Red (pigment),#ED1C24,237,28,36,Angry,Monsoon,51,1
4756,User4756,59.0,Non-Binary,Mobile,Bottom,Tech,Light salmon pink,#FF9999,255,153,153,Sad,Summer,222,1
1285,User1285,57.0,Male,Tablet,Bottom,Home_Decor,Dark slate blue,#483D8B,72,61,139,Happy,Winter,93,0
5100,User5100,42.0,,Mobile,Side,Fashion,Forest green (traditional),#014421,1,68,33,Angry,Spring,279,1
5495,User5495,,,Mobile,,Food,Old moss green,#867E36,134,126,54,Angry,Summer,231,1
1529,User1529,20.0,Female,Mobile,Top,Fashion,Dark cyan,#008B8B,0,139,139,Happy,Spring,221,1
1969,User1969,46.0,Non-Binary,Mobile,Bottom,Tech,Chocolate (web),#D2691E,210,105,30,Happy,Summer,244,1
1190,User1190,,Non-Binary,Tablet,Bottom,Home_Decor,Sky blue,#87CEEB,135,206,235,Calm,Winter,174,1
810,User810,54.0,,Desktop,Bottom,Tech,Razzmic Berry,#8D4E85,141,78,133,Happy,Autumn,236,0
8081,User8081,,,Tablet,Bottom,Home_Decor,Pullman Green,#3B331C,59,51,28,Sad,Winter,112,1
2205,User2205,61.0,Male,Tablet,Side,Fashion,Italian sky blue,#B2FFFF,178,255,255,Neutral,Monsoon,237,0
6840,User6840,56.0,,Tablet,Top,Food,Medium jungle green,#1C352D,28,53,45,Calm,Spring,174,0
3333,User3333,30.0,Male,Tablet,Top,Food,Green (HTML/CSS color),#008000,0,128,0,Happy,Autumn,139,1
8361,User8361,41.0,Female,Mobile,Side,Tech,Pale pink,#FADADD,250,218,221,Neutral,Spring,135,1
9433,User9433,43.0,,,Side,Home_Decor,Pomp and Power,#86608E,134,96,142,Calm,Summer,41,0
7152,User7152,32.0,,Tablet,Side,Fashion,Baby powder,#FEFEFA,254,254,250,Sad,Monsoon,263,1
5005,User5005,49.0,Male,Desktop,Top,Home_Decor,Cornflower blue,#6495ED,100,149,237,Neutral,Monsoon,128,1
8373,User8373,29.0,Male,Desktop,Side,Home_Decor,Keppel,#3AB09E,58,176,158,Happy,Spring,267,1
4429,User4429,34.0,,Mobile,,Home_Decor,Coffee,#6F4E37,111,78,55,Happy,Monsoon,221,1
3430,User3430,61.0,Male,Desktop,,Fashion,Aquamarine,#7FFFD4,127,255,212,Sad,Spring,174,1
3907,User3907,,Female,Tablet,Side,Home_Decor,American rose,#FF033E,255,3,62,Calm,Summer,102,0
2134,User2134,30.0,,Mobile,Bottom,Food,English green,#1B4D3E,27,77,62,Neutral,Summer,190,0
3236,User3236,56.0,,,Bottom,Tech,Fuchsia,#FF00FF,255,0,255,Sad,Spring,217,1
5968,User5968,,,,,Sports,Rich black (FOGRA29),#010B13,1,11,19,Calm,Winter,236,1
1742,User1742,,Male,Desktop,,Home_Decor,Deep moss green,#355E3B,53,94,59,Angry,Winter,171,0
3856,User3856,64.0,,Desktop,Side,Food,Dollar bill,#85BB65,133,187,101,Angry,Summer,165,0
393,User393,,,Desktop,Bottom,Food,Turtle green,#8A9A5B,138,154,91,Calm,Autumn,288,1
3430,User3430,61.0,Male,Desktop,Side,Tech,Jelly Bean,#DA614E,218,97,78,Happy,Winter,188,1
2129,User2129,47.0,,Tablet,Bottom,Tech,Shamrock green,#009E60,0,158,96,Happy,Spring,29,1
2096,User2096,48.0,Non-Binary,Desktop,,Sports,Flattery,#6B4423,107,68,35,Angry,Summer,146,1
3543,User3543,55.0,,Tablet,Top,Sports,Azureish white,#DBE9F4,219,233,244,Happy,Monsoon,187,1
5030,User5030,54.0,,Tablet,Top,Sports,Keppel,#3AB09E,58,176,158,Happy,Monsoon,88,1
2337,User2337,40.0,Male,,Top,Fashion,Cyan,#00FFFF,0,255,255,Calm,Winter,235,1
3555,User3555,23.0,,Mobile,Top,Fashion,Battleship grey,#848482,132,132,130,Calm,Autumn,227,0
1296,User1296,34.0,,Tablet,Top,Food,Phlox,#DF00FF,223,0,255,Happy,Winter,162,1
9617,User9617,63.0,,Tablet,Side,Tech,Ocean Boat Blue,#0077BE,0,119,190,Calm,Autumn,189,1
9146,User9146,,,Desktop,,Home_Decor,Cornflower blue,#6495ED,100,149,237,Neutral,Winter,187,1
5419,User5419,,,Tablet,Top,Tech,Magenta (Pantone),#D0417E,208,65,126,Angry,Monsoon,89,1
715,User715,,Female,Mobile,,Fashion,Grape,#6F2DA8,111,45,168,Neutral,Autumn,69,0
9290,User9290,61.0,,Desktop,Bottom,Food,Middle Yellow,#FFEB00,255,235,0,Neutral,Monsoon,56,1
5719,User5719,26.0,,Tablet,,Home_Decor,AuroMetalSaurus,#6E7F80,110,127,128,Happy,Spring,7,0
6129,User6129,36.0,Male,Tablet,Bottom,Sports,Dark puce,#4F3A3C,79,58,60,Happy,Spring,81,1
6487,User6487,19.0,Male,Tablet,Side,Sports,English vermillion,#CC474B,204,71,75,Neutral,Summer,139,1
4854,User4854,37.0,,Desktop,Top,Fashion,Flavescent,#F7E98E,247,233,142,Neutral,Monsoon,74,0
9227,User9227,,Non-Binary,Mobile,,Food,Ruddy brown,#BB6528,187,101,40,Sad,Monsoon,166,1
119,User119,59.0,,,,Tech,Tractor red,#FD0E35,253,14,53,Sad,Summer,100,1
6576,User6576,62.0,Female,Desktop,,Fashion,Fandango pink,#DE5285,222,82,133,Angry,Spring,20,1
1122,User1122,49.0,,,Top,Tech,Pale goldenrod,#EEE8AA,238,232,170,Neutral,Spring,234,1
6153,User6153,30.0,,Mobile,Side,Home_Decor,Pink pearl,#E7ACCF,231,172,207,Calm,Autumn,271,1
4462,User4462,52.0,,Tablet,Bottom,Tech,Flavescent,#F7E98E,247,233,142,Sad,Autumn,10,1
6251,User6251,44.0,Non-Binary,Mobile,Side,Home_Decor,Light slate gray,#778899,119,136,153,Happy,Spring,114,1
6143,User6143,,Non-Binary,Mobile,Bottom,Food,Baby blue,#89CFF0,137,207,240,Neutral,Winter,147,1
9227,User9227,,Non-Binary,,,Fashion,Raw umber,#826644,130,102,68,Calm,Monsoon,159,1
5881,User5881,26.0,Non-Binary,Tablet,Top,Tech,Red devil,#860111,134,1,17,Calm,Autumn,211,1
6708,User6708,,,Desktop,,Food,United Nations blue,#5B92E5,91,146,229,Calm,Winter,170,1
5968,User5968,,,Tablet,,Food,Atomic tangerine,#FF9966,255,153,102,Happy,Autumn,264,1
4909,User4909,,Female,Mobile,Bottom,Tech,UCLA Gold,#FFB300,255,179,0,Sad,Summer,177,0
8817,User8817,53.0,Male,,Bottom,Sports,Yellow Sunshine,#FFF700,255,247,0,Calm,Monsoon,125,1
7807,User7807,,Non-Binary,,Side,Sports,Fallow,#C19A6B,193,154,107,Sad,Autumn,144,0
5341,User5341,,Male,Desktop,Top,Home_Decor,Pale magenta-pink,#FF99CC,255,153,204,Angry,Spring,172,0
4621,User4621,,,Desktop,Top,Food,Brink pink,#FB607F,251,96,127,Happy,Summer,88,1
4052,User4052,,,Tablet,Side,Fashion,Copper red,#CB6D51,203,109,81,Sad,Summer,198,0
3024,User3024,,,,Bottom,Fashion,Tropical violet,#CDA4DE,205,164,222,Sad,Spring,280,0
6573,User6573,55.0,Non-Binary,Desktop,Side,Food,Cinnamon[citation needed],#D2691E,210,105,30,Calm,Summer,272,1
9676,User9676,21.0,,,,Sports,Ocean Blue,#4F42B5,79,66,181,Calm,Monsoon,42,1
1612,User1612,40.0,,Mobile,Side,Food,Light pink,#FFB6C1,255,182,193,Happy,Autumn,246,1
5257,User5257,,Female,Mobile,,Home_Decor,Desert,#C19A6B,193,154,107,Sad,Summer,203,0
2098,User2098,58.0,Male,Tablet,Top,Food,Spartan Crimson,#9E1316,158,19,22,Neutral,Monsoon,9,0
9898,User9898,48.0,Male,Tablet,Bottom,Tech,Middle Blue Green,#8DD9CC,141,217,204,Calm,Spring,107,0
8753,User8753,,Non-Binary,Tablet,Top,Sports,Sky magenta,#CF71AF,207,113,175,Calm,Autumn,142,1
3846,User3846,38.0,Non-Binary,Tablet,Bottom,Tech,Black leather jacket,#253529,37,53,41,Angry,Spring,297,1
1910,User1910,63.0,Male,Desktop,Side,Tech,Spanish orange,#E86100,232,97,0,Happy,Autumn,70,1
5449,User5449,52.0,,Tablet,Side,Food,Medium electric blue,#035096,3,80,150,Sad,Summer,71,0
7878,User7878,60.0,,Tablet,Side,Food,Very pale yellow,#FFFFBF,255,255,191,Sad,Summer,274,1
9572,User9572,,,,,Fashion,Lavender mist,#E6E6FA,230,230,250,Sad,Autumn,51,1
3225,User3225,23.0,,Tablet,Bottom,Tech,Imperial blue,#002395,0,35,149,Calm,Monsoon,184,1
3908,User3908,50.0,Female,,Bottom,Food,Charm pink,#E68FAC,230,143,172,Happy,Monsoon,72,1
6602,User6602,,,Desktop,,Fashion,Beige,#F5F5DC,245,245,220,Sad,Monsoon,119,1
5082,User5082,44.0,Female,Mobile,,Tech,Baker-Miller pink,#FF91AF,255,145,175,Neutral,Winter,30,1
1219,User1219,,Male,Desktop,Top,Fashion,Maximum Green,#5E8C31,94,140,49,Angry,Monsoon,51,0
3790,User3790,,Non-Binary,,,Sports,Vivid crimson,#CC0033,204,0,51,Angry,Summer,211,0
4913,User4913,37.0,,Tablet,,Home_Decor,Alien Armpit,#84DE02,132,222,2,Sad,Winter,77,0
5881,User5881,26.0,Non-Binary,Tablet,Top,Tech,Orange (Crayola),#FF7538,255,117,56,Calm,Monsoon,263,1
4225,User4225,44.0,Non-Binary,Mobile,Side,Food,Antique ruby,#841B2D,132,27,45,Angry,Summer,34,0
6576,User6576,62.0,Female,,,Sports,Tuscan brown,#6F4E37,111,78,55,Angry,Winter,7,1
3592,User3592,40.0,,Desktop,Side,Fashion,Rose,#FF007F,255,0,127,Angry,Summer,13,0
8271,User8271,29.0,,Desktop,Bottom,Home_Decor,Cocoa brown,#D2691E,210,105,30,Angry,Autumn,12,1
1669,User1669,,,Tablet,Side,Tech,UP Forest green,#014421,1,68,33,Sad,Summer,13,0
1729,User1729,26.0,Female,Mobile,Top,Home_Decor,Isabelline,#F4F0EC,244,240,236,Happy,Winter,156,1
3139,User3139,62.0,Female,Mobile,Top,Sports,Spartan Crimson,#9E1316,158,19,22,Happy,Monsoon,146,0
2485,User2485,,Non-Binary,Mobile,Bottom,Home_Decor,Light yellow,#FFFFE0,255,255,224,Calm,Winter,278,1
9090,User9090,41.0,Male,Desktop,Side,Tech,Rich black,#004040,0,64,64,Neutral,Monsoon,31,1
5436,User5436,,,Desktop,Top,Sports,Orange Soda,#FA5B3D,250,91,61,Happy,Monsoon,75,1
2729,User2729,,,Mobile,Side,Fashion,Ghost white,#F8F8FF,248,248,255,Neutral,Spring,223,0
5501,User5501,,Non-Binary,Mobile,Bottom,Tech,Blue yonder,#5072A7,80,114,167,Happy,Autumn,294,1
7322,User7322,,,,,Home_Decor,Dollar bill,#85BB65,133,187,101,Happy,Spring,260,1
8638,User8638,,Non-Binary,Desktop,Top,Tech,Amaranth deep purple,#9F2B68,159,43,104,Calm,Winter,107,0
5909,User5909,45.0,,Tablet,Top,Sports,Gray (X11 gray),#BEBEBE,190,190,190,Angry,Spring,151,1
4707,User4707,21.0,Non-Binary,Desktop,Top,Home_Decor,Pomp and Power,#86608E,134,96,142,Calm,Monsoon,162,1
1171,User1171,,,Mobile,Bottom,Fashion,Bondi blue,#0095B6,0,149,182,Happy,Winter,144,1
897,User897,41.0,,Mobile,Bottom,Food,Peach,#FFCBA4,255,203,164,Angry,Spring,147,0
2691,User2691,,Non-Binary,Desktop,Bottom,Fashion,Blush,#DE5D83,222,93,131,Angry,Summer,113,1
2495,User2495,41.0,Female,Tablet,Bottom,Tech,Orange (Crayola),#FF7538,255,117,56,Angry,Autumn,68,0
1370,User1370,,Female,Desktop,Bottom,Food,Light steel blue,#B0C4DE,176,196,222,Neutral,Summer,275,1
2096,User2096,,,Desktop,Top,Sports,Dartmouth green,#00703C,0,112,60,Happy,Winter,190,1
1041,User1041,37.0,,Mobile,Side,Home_Decor,Plum,#8E4585,142,69,133,Sad,Spring,5,1
8097,User8097,30.0,Non-Binary,Tablet,Side,Home_Decor,Brown Yellow,#cc9966,204,153,102,Calm,Monsoon,11,1
7962,User7962,58.0,,Tablet,Top,Sports,Boysenberry,#873260,135,50,96,Neutral,Spring,5,1
6579,User6579,,Non-Binary,Desktop,Bottom,Tech,Bitter lemon,#CAE00D,202,224,13,Calm,Winter,265,0
3877,User3877,,Male,Mobile,Top,Fashion,Mango Tango,#FF8243,255,130,67,Sad,Winter,51,0
7526,User7526,,,Tablet,Side,Food,Liver chestnut,#987456,152,116,86,Angry,Winter,270,1
5420,User5420,39.0,Male,Mobile,Bottom,Sports,Desert sand,#EDC9AF,237,201,175,Sad,Winter,6,1
8597,User8597,,Non-Binary,Mobile,Side,Tech,Banana Mania,#FAE7B5,250,231,181,Calm,Spring,27,0
4348,User4348,,Female,Desktop,Top,Tech,Green-blue,#1164B4,17,100,180,Sad,Summer,88,1
8647,User8647,,Female,Desktop,,Food,Madder Lake,#CC3336,204,51,54,Happy,Monsoon,208,1
4595,User4595,,,Mobile,Side,Sports,French lime,#9EFD38,158,253,56,Sad,Monsoon,231,0
9612,User9612,,Female,,Top,Fashion,Pastel gray,#CFCFC4,207,207,196,Happy,Autumn,256,0
847,User847,23.0,Male,Mobile,Top,Fashion,Maize,#FBEC5D,251,236,93,Sad,Winter,155,0
1369,User1369,,,Desktop,Bottom,Sports,UA blue,#0033AA,0,51,170,Happy,Winter,251,1
9412,User9412,34.0,,Mobile,Bottom,Home_Decor,Fuchsia,#FF00FF,255,0,255,Happy,Winter,21,1
134,User134,26.0,,,,Fashion,Fresh Air,#A6E7FF,166,231,255,Sad,Summer,6,0
4073,User4073,,Male,Desktop,Top,Home_Decor,Utah Crimson,#D3003F,211,0,63,Neutral,Winter,201,1
1529,User1529,,,Mobile,,Sports,Fuchsia purple,#CC397B,204,57,123,Angry,Autumn,273,1
690,User690,,,,Side,Tech,Pink Flamingo,#FC74FD,252,116,253,Angry,Autumn,65,0
2964,User2964,40.0,,,Side,Sports,Dingy Dungeon,#C53151,197,49,81,Angry,Summer,271,1
6088,User6088,,,Tablet,Bottom,Tech,Ruddy brown,#BB6528,187,101,40,Happy,Winter,101,0
9654,User9654,,Male,Mobile,Bottom,Sports,Deep sky blue,#00BFFF,0,191,255,Angry,Spring,287,0
9611,User9611,,,Desktop,Side,Home_Decor,Beaver,#9F8170,159,129,112,Happy,Spring,251,1
9855,User9855,,,Desktop,Bottom,Home_Decor,Light red ochre,#E97451,233,116,81,Neutral,Monsoon,39,1
4756,User4756,59.0,Non-Binary,Mobile,Bottom,Sports,UCLA Gold,#FFB300,255,179,0,Sad,Summer,278,1
4524,User4524,23.0,Male,Tablet,Top,Tech,Violet,#8F00FF,143,0,255,Sad,Spring,72,0
7,User7,,Female,Tablet,Bottom,Sports,Davy's grey,#555555,85,85,85,Happy,Monsoon,193,1
1905,User1905,62.0,,Mobile,Bottom,Tech,Cedar Chest,#C95A49,201,90,73,Happy,Autumn,45,1
1914,User1914,,Male,Tablet,Bottom,Home_Decor,Rosewood,#65000B,101,0,11,Neutral,Monsoon,100,1
3596,User3596,,,Mobile,Bottom,Food,Limerick,#9DC209,157,194,9,Angry,Winter,175,0
5748,User5748,,,Desktop,Side,Fashion,Air Force blue (USAF),#00308F,0,48,143,Neutral,Winter,71,1
7713,User7713,,Non-Binary,Mobile,Top,Home_Decor,Picton blue,#45B1E8,69,177,232,Sad,Autumn,123,0
7688,User7688,57.0,Male,Mobile,Top,Sports,Red-purple,#E40078,228,0,120,Sad,Summer,175,1
7674,User7674,43.0,Female,Tablet,Bottom,Sports,Jasmine,#F8DE7E,248,222,126,Angry,Winter,190,1
6811,User6811,24.0,Male,Mobile,Bottom,Tech,Light blue,#ADD8E6,173,216,230,Sad,Winter,74,1
5498,User5498,,Female,Tablet,Side,Fashion,June bud,#BDDA57,189,218,87,Happy,Monsoon,249,1
2173,User2173,52.0,Male,Mobile,Bottom,Home_Decor,Lavender indigo,#9457EB,148,87,235,Sad,Monsoon,163,1
5989,User5989,28.0,Non-Binary,Tablet,,Fashion,Mughal green,#306030,48,96,48,Calm,Monsoon,288,0
4848,User4848,,Female,,,Fashion,United Nations blue,#5B92E5,91,146,229,Angry,Spring,111,1
7086,User7086,30.0,Non-Binary,,,Home_Decor,Cool Black,#002E63,0,46,99,Angry,Autumn,40,1
1908,User1908,,Male,Mobile,Bottom,Tech,Very pale orange,#FFDFBF,255,223,191,Angry,Summer,199,1
6765,User6765,46.0,Female,Tablet,Side,Tech,Spartan Crimson,#9E1316,158,19,22,Calm,Monsoon,272,1
5878,User5878,,,,Bottom,Tech,Moss green,#8A9A5B,138,154,91,Neutral,Summer,80,1
6167,User6167,20.0,Male,,,Food,Dolphin Gray,#828E84,130,142,132,Happy,Monsoon,284,1
5198,User5198,47.0,Male,Desktop,Bottom,Fashion,Ebony,#555D50,85,93,80,Angry,Winter,84,1
9723,User9723,,Female,,Side,Food,Persian plum,#701C1C,112,28,28,Sad,Summer,102,1
1935,User1935,30.0,Female,Desktop,Bottom,Tech,Marigold,#EAA221,234,162,33,Happy,Spring,286,1
1910,User1910,63.0,Male,Desktop,Side,Home_Decor,Tea rose,#F88379,248,131,121,Sad,Monsoon,122,1
9410,User9410,,Non-Binary,,Bottom,Fashion,Auburn,#A52A2A,165,42,42,Happy,Autumn,227,0
8353,User8353,,,Desktop,Bottom,Home_Decor,Light cobalt blue,#88ACE0,136,172,224,Happy,Winter,256,1
2667,User2667,,,Desktop,Side,Sports,Fuchsia purple,#CC397B,204,57,123,Sad,Monsoon,84,0
7408,User7408,,Female,Mobile,Bottom,Fashion,Brandeis blue,#0070FF,0,112,255,Sad,Summer,174,0
8284,User8284,,Female,Tablet,Bottom,Home_Decor,Bright ube,#D19FE8,209,159,232,Happy,Monsoon,161,0
4743,User4743,47.0,Non-Binary,,Side,Tech,Pale cornflower blue,#ABCDEF,171,205,239,Angry,Winter,6,0
9842,User9842,,Non-Binary,Mobile,Top,Food,Pale pink,#FADADD,250,218,221,Sad,Autumn,207,1
4940,User4940,19.0,,Desktop,Top,Home_Decor,Lemon chiffon,#FFFACD,255,250,205,Calm,Autumn,262,0
1706,User1706,,,,Bottom,Sports,Amber,#FFBF00,255,191,0,Calm,Autumn,255,1
6886,User6886,,,Mobile,,Tech,Jasmine,#F8DE7E,248,222,126,Happy,Winter,150,1
2016,User2016,,Male,,,Sports,Moss green,#8A9A5B,138,154,91,Neutral,Monsoon,279,0
4230,User4230,,,Tablet,Top,Food,Razzle dazzle rose,#FF33CC,255,51,204,Happy,Winter,23,1
674,User674,,,Tablet,,Sports,Classic rose,#FBCCE7,251,204,231,Happy,Winter,256,1
7626,User7626,30.0,Non-Binary,Mobile,Side,Home_Decor,Rifle green,#444C38,68,76,56,Angry,Monsoon,288,0
6627,User6627,,Non-Binary,Desktop,Bottom,Home_Decor,Silver sand,#BFC1C2,191,193,194,Angry,Spring,54,1
9400,User9400,,Non-Binary,Mobile,Side,Tech,Twilight lavender,#8A496B,138,73,107,Neutral,Autumn,141,1
2213,User2213,,Non-Binary,Mobile,Side,Food,Outer Space,#414A4C,65,74,76,Neutral,Summer,230,0
3483,User3483,20.0,,Mobile,Side,Food,Chartreuse (web),#7FFF00,127,255,0,Neutral,Summer,225,1
7688,User7688,57.0,Male,Mobile,,Fashion,Upsdell red,#AE2029,174,32,41,Neutral,Monsoon,117,1
1539,User1539,43.0,,,Bottom,Fashion,Liseran Purple,#DE6FA1,222,111,161,Neutral,Summer,153,1
5796,User5796,46.0,Non-Binary,Mobile,Bottom,Home_Decor,Puce,#CC8899,204,136,153,Happy,Spring,52,1
6669,User6669,38.0,Female,Mobile,Side,Sports,Spanish red,#E60026,230,0,38,Happy,Winter,62,1
3881,User3881,51.0,,Tablet,Bottom,Sports,Dark pastel green,#03C03C,3,192,60,Calm,Autumn,201,0
1704,User1704,,Female,Tablet,Bottom,Tech,Irresistible,#B3446C,179,68,108,Calm,Summer,229,1
4228,User4228,,,,,Food,Red (NCS),#C40233,196,2,51,Sad,Summer,141,1
7652,User7652,,Male,,Bottom,Home_Decor,Cornflower blue,#6495ED,100,149,237,Happy,Monsoon,199,1
9233,User9233,55.0,,Tablet,Bottom,Sports,Hunter green,#355E3B,53,94,59,Neutral,Monsoon,210,0
6143,User6143,29.0,Non-Binary,Mobile,Bottom,Fashion,Aztec Gold,#C39953,195,153,83,Sad,Winter,22,1
2238,User2238,,,Desktop,Top,Home_Decor,UFO Green,#3CD070,60,208,112,Angry,Autumn,272,0
7828,User7828,29.0,,,Bottom,Tech,Slate gray,#708090,112,128,144,Happy,Summer,219,1
9321,User9321,39.0,,Desktop,,Home_Decor,Dark lavender,#734F96,115,79,150,Calm,Winter,210,0
1729,User1729,26.0,Female,Mobile,Top,Sports,Magenta (Pantone),#D0417E,208,65,126,Happy,Autumn,128,1
7266,User7266,,,Tablet,,Tech,Napier green,#2A8000,42,128,0,Happy,Winter,20,1
2724,User2724,,,Mobile,Top,Fashion,Palatinate blue,#273BE2,39,59,226,Happy,Summer,169,0
8647,User8647,,Female,Desktop,Top,Fashion,Citrine,#E4D00A,228,208,10,Happy,Monsoon,152,1
1729,User1729,26.0,Female,Mobile,,Sports,Red (RYB),#FE2712,254,39,18,Angry,Monsoon,280,1
405,User405,51.0,,,Top,Tech,Smalt (Dark powder blue),#003399,0,51,153,Calm,Monsoon,237,0
7924,User7924,,,Desktop,Bottom,Fashion,Anti-flash white,#F2F3F4,242,243,244,Happy,Spring,29,1
6449,User6449,42.0,,Desktop,Top,Tech,Shiny Shamrock,#5FA778,95,167,120,Angry,Winter,272,1
911,User911,,Non-Binary,Desktop,Top,Home_Decor,Yankees blue,#1C2841,28,40,65,Sad,Summer,299,1
8804,User8804,,,Desktop,Top,Food,Laser Lemon,#FFFF66,255,255,102,Happy,Winter,75,0
4938,User4938,,,,Side,Food,Neon green,#39FF14,57,255,20,Angry,Monsoon,204,1
4108,User4108,36.0,,,Top,Food,Light coral,#F08080,240,128,128,Neutral,Winter,51,1
3629,User3629,35.0,,Mobile,Bottom,Fashion,KSU Purple,#512888,79,38,131,Sad,Autumn,29,0
9779,User9779,,Female,Tablet,Bottom,Sports,Rose bonbon,#F9429E,249,66,158,Calm,Winter,217,0
9266,User9266,38.0,,Mobile,Bottom,Food,Carmine,#960018,150,0,24,Happy,Spring,37,1
2044,User2044,,,Mobile,,Sports,Sandy brown,#F4A460,244,164,96,Happy,Spring,218,1
2156,User2156,46.0,Female,Tablet,Side,Food,Bright lilac,#D891EF,216,145,239,Angry,Monsoon,215,1
3144,User3144,24.0,,,Side,Home_Decor,Dark gray (X11),#A9A9A9,169,169,169,Calm,Summer,33,1
9581,User9581,,Male,Mobile,Side,Food,Green (Pantone),#00AD43,0,173,67,Neutral,Autumn,263,0
4836,User4836,55.0,,Tablet,,Sports,Carmine pink,#EB4C42,235,76,66,Sad,Summer,43,1
7924,User7924,,,,Bottom,Fashion,Glossy Grape,#AB92B3,171,146,179,Calm,Summer,264,1
9551,User9551,,,Mobile,Side,Home_Decor,Gray (HTML/CSS gray),#808080,128,128,128,Happy,Autumn,169,0
4462,User4462,,,,,Sports,Halayà úbe,#663854,102,55,84,Angry,Spring,99,1
6717,User6717,,Female,Tablet,Top,Tech,Slate gray,#708090,112,128,144,Neutral,Monsoon,224,0
2747,User2747,29.0,Male,Desktop,Bottom,Food,Fuzzy Wuzzy,#CC6666,204,102,102,Angry,Winter,272,0
3014,User3014,,,Mobile,,Home_Decor,Dark cerulean,#08457E,8,69,126,Sad,Spring,122,1
9412,User9412,,,,Bottom,Fashion,Lavender mist,#E6E6FA,230,230,250,Calm,Monsoon,70,1
6396,User6396,56.0,,,Top,Tech,Steel blue,#4682B4,70,130,180,Angry,Spring,197,0
5629,User5629,,,Tablet,Top,Food,Carnelian,#B31B1B,179,27,27,Angry,Autumn,39,1
7054,User7054,,Female,Mobile,Top,Home_Decor,Rich black (FOGRA39),#010203,1,2,3,Happy,Summer,179,0
961,User961,,,Desktop,Bottom,Sports,Permanent Geranium Lake,#E12C2C,225,44,44,Angry,Autumn,116,0
3333,User3333,30.0,Male,Tablet,Top,Food,Dust storm,#E5CCC9,229,204,201,Neutral,Winter,294,1
6831,User6831,64.0,Female,Mobile,Top,Home_Decor,Congo pink,#F88379,248,131,121,Calm,Autumn,84,0
6886,User6886,43.0,Male,Mobile,Bottom,Food,Fallow,#C19A6B,193,154,107,Sad,Summer,115,1
8948,User8948,25.0,,Mobile,Bottom,Home_Decor,Canary,#FFFF99,255,255,153,Angry,Spring,96,1
2722,User2722,39.0,,,Top,Sports,Duke blue,#00009C,0,0,156,Neutral,Monsoon,190,1
1975,User1975,30.0,,,Top,Food,Pale silver,#C9C0BB,201,192,187,Sad,Winter,45,1
4058,User4058,33.0,,Tablet,,Home_Decor,Vivid vermilion,#E56024,229,96,36,Neutral,Spring,91,1
1931,User1931,,Female,Mobile,,Tech,Livid,#6699CC,102,153,204,Angry,Monsoon,228,1
2803,User2803,56.0,Female,Tablet,Side,Fashion,French plum,#811453,129,20,83,Angry,Summer,55,0
7436,User7436,37.0,Male,,Bottom,Home_Decor,Daffodil,#FFFF31,255,255,49,Calm,Autumn,130,0
7152,User7152,32.0,,Tablet,Side,Home_Decor,Vivid red-tangelo,#DF6124,223,97,36,Happy,Spring,150,1
1399,User1399,,Female,,Bottom,Home_Decor,UFO Green,#3CD070,60,208,112,Neutral,Monsoon,45,1
1041,User1041,,,,Side,Food,Charleston green,#232B2B,35,43,43,Happy,Monsoon,28,1
8147,User8147,,Female,,Top,Fashion,Arsenic,#3B444B,59,68,75,Happy,Autumn,288,1
724,User724,64.0,Non-Binary,Desktop,,Food,Tart Orange,#FB4D46,251,77,70,Sad,Spring,40,0
9766,User9766,31.0,Male,Desktop,Bottom,Home_Decor,Vivid raspberry,#FF006C,255,0,108,Sad,Spring,281,1
9572,User9572,38.0,,Mobile,Bottom,Home_Decor,Dark gunmetal,#1F262A,31,38,42,Neutral,Summer,188,1
6959,User6959,39.0,Male,Desktop,Top,Fashion,Lavender magenta,#EE82EE,238,130,238,Happy,Spring,158,1
3376,User3376,,Female,Mobile,Top,Tech,Yellow (RYB),#FEFE33,254,254,51,Calm,Autumn,186,0
2387,User2387,,,Mobile,,Food,Imperial red,#ED2939,237,41,57,Happy,Spring,158,1
6657,User6657,22.0,,,Bottom,Tech,French pink,#FD6C9E,253,108,158,Sad,Summer,154,1
813,User813,,,,,Home_Decor,Sizzling Red,#FF3855,255,56,85,Happy,Monsoon,6,1
6724,User6724,37.0,Female,,,Home_Decor,Tropical rain forest,#00755E,0,117,94,Angry,Spring,58,1
1365,User1365,38.0,,Tablet,Top,Sports,North Texas Green,#059033,5,144,51,Angry,Autumn,250,0
2666,User2666,,,Mobile,,Sports,Dark violet,#9400D3,148,0,211,Calm,Spring,50,0
7475,User7475,53.0,Female,Tablet,Bottom,Tech,Persian blue,#1C39BB,28,57,187,Neutral,Winter,79,1
8906,User8906,,Male,Desktop,Top,Sports,Tomato,#FF6347,255,99,71,Happy,Summer,153,1
3014,User3014,,,Mobile,Top,Fashion,Ash grey,#B2BEB5,178,190,181,Angry,Monsoon,7,1
1741,User1741,45.0,,Mobile,,Tech,Brown (web),#A52A2A,165,42,42,Neutral,Winter,13,1
5346,User5346,,Non-Binary,Tablet,Top,Sports,Dark vanilla,#D1BEA8,209,190,168,Angry,Autumn,6,1
2727,User2727,,Non-Binary,,Bottom,Sports,Robin egg blue,#00CCCC,0,204,204,Neutral,Spring,242,1
2387,User2387,,Non-Binary,Mobile,Top,Fashion,Azure mist,#F0FFFF,240,255,255,Neutral,Summer,32,1
1741,User1741,45.0,,Mobile,Bottom,Fashion,Pastel magenta,#F49AC2,244,154,194,Angry,Spring,294,1
5301,User5301,,Male,Tablet,Side,Tech,Ogre Odor,#FD5240,253,82,64,Sad,Spring,185,1
2311,User2311,,,,Bottom,Food,Dark slate blue,#483D8B,72,61,139,Neutral,Spring,270,1
4976,User4976,34.0,,Mobile,Bottom,Fashion,Bistre brown,#967117,150,113,23,Happy,Spring,87,1
8034,User8034,44.0,,Desktop,,Sports,Satin sheen gold,#CBA135,203,161,53,Angry,Summer,257,0
1225,User1225,27.0,,,,Tech,Resolution blue,#002387,0,35,135,Sad,Winter,262,1
5084,User5084,,Non-Binary,,Side,Food,Sunray,#E3AB57,227,171,87,Angry,Autumn,52,1
8994,User8994,34.0,,Mobile,Bottom,Tech,Isabelline,#F4F0EC,244,240,236,Calm,Winter,138,1
1446,User1446,,,,,Sports,Parrot Pink,#D998A0,217,152,160,Happy,Summer,203,1
5227,User5227,24.0,,Mobile,,Food,Medium Persian blue,#0067A5,0,103,165,Calm,Autumn,296,1
7081,User7081,59.0,,Mobile,Side,Food,Generic viridian,#007F66,0,127,102,Neutral,Monsoon,140,0
5844,User5844,43.0,Male,Desktop,,Fashion,Beige,#F5F5DC,245,245,220,Neutral,Winter,87,0
2032,User2032,,,Desktop,Bottom,Home_Decor,Languid lavender,#D6CADD,214,202,221,Calm,Summer,270,1
6573,User6573,55.0,Non-Binary,,Side,Sports,Japanese indigo,#264348,38,67,72,Calm,Summer,223,1
3915,User3915,,Female,,Side,Home_Decor,Fuzzy Wuzzy,#CC6666,204,102,102,Neutral,Summer,23,1
6462,User6462,36.0,,Tablet,Side,Sports,Lavender indigo,#9457EB,148,87,235,Sad,Autumn,22,1
6956,User6956,27.0,,,Bottom,Tech,Rich electric blue,#0892D0,8,146,208,Happy,Spring,183,0
8844,User8844,,Non-Binary,Tablet,Side,Home_Decor,Middle Blue,#7ED4E6,126,212,230,Angry,Monsoon,27,0
613,User613,,Male,Desktop,Top,Food,Rich lilac,#B666D2,182,102,210,Calm,Autumn,248,0
5346,User5346,30.0,,,Top,Fashion,Copper rose,#996666,153,102,102,Happy,Autumn,111,1
8726,User8726,62.0,Female,Desktop,Side,Sports,Tangerine yellow,#FFCC00,255,204,0,Angry,Winter,135,1
5781,User5781,,,Mobile,Top,Fashion,Barn red,#7C0A02,124,10,2,Angry,Monsoon,14,0
5084,User5084,,Non-Binary,,Side,Sports,June bud,#BDDA57,189,218,87,Calm,Summer,203,1
7010,User7010,59.0,,,Bottom,Food,Maximum Yellow,#FAFA37,250,250,55,Sad,Autumn,94,0
9421,User9421,,,Mobile,,Food,Gamboge orange (brown),#996600,152,102,0,Sad,Monsoon,148,0
1225,User1225,27.0,,Tablet,,Food,Gray (X11 gray),#BEBEBE,190,190,190,Happy,Winter,299,1
9769,User9769,28.0,Non-Binary,Mobile,Bottom,Food,Livid,#6699CC,102,153,204,Happy,Spring,113,0
6365,User6365,,,Tablet,Bottom,Food,Dark chestnut,#986960,152,105,96,Neutral,Monsoon,208,1
8408,User8408,,,Desktop,,Fashion,Dark pastel purple,#966FD6,150,111,214,Sad,Summer,48,0
1683,User1683,28.0,,Tablet,,Tech,Dark orchid,#9932CC,153,50,204,Happy,Autumn,12,0
1325,User1325,,,Desktop,Side,Home_Decor,Mystic,#D65282,214,82,130,Neutral,Spring,157,1
4230,User4230,35.0,Female,Tablet,,Fashion,Spring Frost,#87FF2A,135,255,42,Angry,Winter,21,1
9220,User9220,21.0,Female,Mobile,Side,Home_Decor,Razzle dazzle rose,#FF33CC,255,51,204,Happy,Summer,241,1
8097,User8097,30.0,Non-Binary,Tablet,Side,Tech,Sunset,#FAD6A5,250,214,165,Neutral,Spring,60,1
250,User250,,Non-Binary,Mobile,Bottom,Sports,French sky blue,#77B5FE,119,181,254,Sad,Winter,48,1
3095,User3095,29.0,,Mobile,Top,Tech,Bright pink,#FF007F,255,0,127,Angry,Summer,245,0
9894,User9894,,,Mobile,Top,Tech,Princess Perfume,#FF85CF,255,133,207,Happy,Autumn,43,1
3109,User3109,,,Tablet,Side,Sports,Razzle dazzle rose,#FF33CC,255,51,204,Sad,Winter,134,1
7676,User7676,,,Desktop,Bottom,Home_Decor,Powder blue,#B0E0E6,176,224,230,Angry,Spring,102,0
6989,User6989,28.0,Male,Mobile,Bottom,Food,Bottle green,#006A4E,0,106,78,Calm,Summer,285,1
749,User749,,,Mobile,,Sports,Vermilion,#D9381E,217,56,30,Sad,Monsoon,84,1
4950,User4950,28.0,,Mobile,Side,Sports,Light moss green,#ADDFAD,173,223,173,Calm,Summer,292,1
5748,User5748,,Male,Desktop,Side,Tech,Persian red,#CC3333,204,51,51,Happy,Spring,238,1
5425,User5425,,Non-Binary,Mobile,Side,Sports,Mummy's Tomb,#828E84,130,142,132,Neutral,Spring,173,1
1737,User1737,,Male,Mobile,Bottom,Fashion,Sea green,#2E8B57,46,139,87,Happy,Monsoon,83,0
8097,User8097,,Non-Binary,Tablet,Side,Food,Jasmine,#F8DE7E,248,222,126,Sad,Spring,75,1
4756,User4756,59.0,Non-Binary,,,Tech,Gunmetal,#2a3439,42,52,57,Calm,Summer,267,1
670,User670,22.0,,Desktop,Top,Home_Decor,Tuscan red,#7C4848,124,72,72,Calm,Winter,204,1
673,User673,33.0,Female,Mobile,Side,Home_Decor,Dark electric blue,#536878,83,104,120,Angry,Summer,215,0
2428,User2428,33.0,,Tablet,Side,Home_Decor,Celeste,#B2FFFF,178,255,255,Happy,Spring,22,1
5796,User5796,46.0,Non-Binary,Mobile,Bottom,Home_Decor,Honeydew,#F0FFF0,240,255,240,Happy,Monsoon,277,1
24,User24,,,,Side,Home_Decor,Pink raspberry,#980036,152,0,54,Sad,Monsoon,214,1
4015,User4015,44.0,Male,Tablet,Side,Tech,Wild watermelon,#FC6C85,252,108,133,Calm,Autumn,121,1
246,User246,,Non-Binary,,,Fashion,Vivid cerulean,#00AAEE,0,170,238,Sad,Monsoon,108,0
7205,User7205,,,Tablet,Bottom,Fashion,Spanish green,#009150,0,145,80,Sad,Monsoon,81,0
3236,User3236,56.0,Female,Mobile,Bottom,Home_Decor,Spanish bistre,#807532,128,117,50,Calm,Spring,15,1
1997,User1997,63.0,Non-Binary,Tablet,Side,Fashion,Sizzling Sunrise,#FFDB00,255,219,0,Sad,Winter,55,0
2720,User2720,30.0,,,Side,Food,Old gold,#CFB53B,207,181,59,Calm,Winter,11,0
1253,User1253,36.0,Female,Desktop,,Fashion,Seashell,#FFF5EE,255,245,238,Sad,Spring,41,1
7129,User7129,56.0,Male,Tablet,,Sports,Alien Armpit,#84DE02,132,222,2,Neutral,Monsoon,265,0
1969,User1969,,Non-Binary,Mobile,,Home_Decor,Palatinate purple,#682860,104,40,96,Sad,Summer,66,1
966,User966,54.0,Male,Desktop,,Sports,Pale cornflower blue,#ABCDEF,171,205,239,Sad,Winter,204,1
589,User589,,Male,Tablet,Top,Sports,Light slate gray,#778899,119,136,153,Neutral,Spring,94,0
3308,User3308,61.0,,Tablet,Top,Home_Decor,Super pink,#CF6BA9,207,107,169,Happy,Summer,83,0
7248,User7248,,Non-Binary,Mobile,,Tech,Vivid cerulean,#00AAEE,0,170,238,Calm,Monsoon,59,1
3144,User3144,24.0,Male,,Side,Fashion,Blue-green,#0D98BA,13,152,186,Angry,Spring,225,1
6129,User6129,,Male,Tablet,Bottom,Food,Maroon (X11),#B03060,176,48,96,Neutral,Winter,96,1
6304,User6304,,Non-Binary,Tablet,Bottom,Tech,Honeydew,#F0FFF0,240,255,240,Happy,Summer,78,0
9894,User9894,,,Mobile,Top,Food,Pale lavender,#DCD0FF,220,208,255,Sad,Summer,60,1
4483,User4483,,,Desktop,Top,Home_Decor,Persian indigo,#32127A,50,18,122,Happy,Winter,236,1
7113,User7113,,Non-Binary,Desktop,Bottom,Fashion,Duke blue,#00009C,0,0,156,Neutral,Summer,183,0
9597,User9597,32.0,Female,Mobile,Side,Tech,Vivid orchid,#CC00FF,204,0,255,Sad,Winter,65,0
955,User955,,,Mobile,,Home_Decor,Gold (metallic),#D4AF37,212,175,55,Happy,Spring,121,0
9090,User9090,41.0,,Desktop,Side,Tech,Emerald,#50C878,80,200,120,Angry,Autumn,82,1
2934,User2934,26.0,,,Top,Sports,Persian rose,#FE28A2,254,40,162,Calm,Monsoon,240,1
926,User926,51.0,,Mobile,Bottom,Fashion,Medium carmine,#AF4035,175,64,53,Calm,Spring,37,0
7376,User7376,,Female,Mobile,Side,Fashion,Light salmon,#FFA07A,255,160,122,Neutral,Monsoon,59,1
8190,User8190,26.0,,Mobile,Side,Home_Decor,Sand dune,#967117,150,113,23,Sad,Monsoon,247,1
9642,User9642,,Non-Binary,Mobile,Bottom,Home_Decor,Orange (Pantone),#FF5800,255,88,0,Sad,Winter,278,1
8680,User8680,20.0,,,,Home_Decor,Pink Sherbet,#F78FA7,247,143,167,Calm,Autumn,78,0
674,User674,,,,Side,Fashion,Cerise pink,#EC3B83,236,59,131,Happy,Monsoon,25,1
400,User400,52.0,Non-Binary,Tablet,Side,Sports,Fallow,#C19A6B,193,154,107,Sad,Monsoon,205,1
3209,User3209,63.0,Male,Mobile,Side,Fashion,Eucalyptus,#44D7A8,68,215,168,Angry,Spring,158,0
5818,User5818,,,Tablet,Top,Home_Decor,Black,#000000,0,0,0,Angry,Autumn,258,1
6167,User6167,20.0,Male,Mobile,,Food,Cadmium red,#E30022,227,0,34,Sad,Autumn,211,1
6993,User6993,,Female,Mobile,Bottom,Sports,Dolphin Gray,#828E84,130,142,132,Sad,Monsoon,153,0
3740,User3740,,Non-Binary,,Side,Fashion,Gainsboro,#DCDCDC,220,220,220,Calm,Autumn,187,1
9267,User9267,20.0,,Desktop,Top,Food,Smoke,#738276,115,130,118,Neutral,Spring,265,1
2142,User2142,34.0,,,Top,Sports,Olivine,#9AB973,154,185,115,Calm,Winter,48,1
2485,User2485,57.0,,,Bottom,Fashion,Roast coffee,#704241,112,66,65,Neutral,Monsoon,148,1
639,User639,53.0,Male,Tablet,Top,Home_Decor,Ghost white,#F8F8FF,248,248,255,Angry,Summer,248,0
5030,User5030,54.0,,Tablet,,Fashion,Rich lavender,#A76BCF,167,107,207,Neutral,Monsoon,9,1
5780,User5780,,Female,Mobile,Bottom,Sports,Xanadu,#738678,115,134,120,Calm,Monsoon,66,1
5110,User5110,44.0,Female,,Top,Home_Decor,Cyber yellow,#FFD300,255,211,0,Sad,Winter,30,1
2142,User2142,34.0,Non-Binary,Desktop,Top,Tech,Sand,#C2B280,194,178,128,Neutral,Summer,188,1
8561,User8561,52.0,,Mobile,,Food,Grape,#6F2DA8,111,45,168,Calm,Summer,40,1
3352,User3352,,,Desktop,Side,Home_Decor,Dark slate gray,#2F4F4F,47,79,79,Angry,Summer,34,1
5619,User5619,21.0,Non-Binary,Tablet,Bottom,Home_Decor,Honolulu blue,#006DB0,0,109,176,Neutral,Winter,73,0
6654,User6654,33.0,,Desktop,Top,Sports,Persian green,#00A693,0,166,147,Angry,Autumn,236,1
7498,User7498,,Male,Mobile,Side,Sports,Black olive,#3B3C36,59,60,54,Angry,Summer,180,1
1650,User1650,29.0,,Desktop,Bottom,Food,Golden yellow,#FFDF00,255,223,0,Happy,Autumn,282,1
7,User7,,,Tablet,Bottom,Sports,Medium aquamarine,#66DDAA,102,221,170,Neutral,Spring,37,1
2239,User2239,25.0,Female,,,Home_Decor,Deep jungle green,#004B49,0,75,73,Calm,Winter,73,1
1585,User1585,24.0,Non-Binary,Mobile,,Food,Spanish carmine,#D10047,209,0,71,Neutral,Autumn,259,0
3144,User3144,,Male,Desktop,,Food,Duke blue,#00009C,0,0,156,Neutral,Summer,54,1
10,User10,,Female,,Side,Fashion,Black Coral,#54626F,84,98,111,Angry,Summer,27,0
8081,User8081,,,,Bottom,Home_Decor,Dark olive green,#556B2F,85,107,47,Angry,Autumn,258,1
9516,User9516,,Female,Desktop,Top,Home_Decor,Turquoise,#40E0D0,64,224,208,Angry,Autumn,168,1
4998,User4998,,,Desktop,Top,Sports,Fluorescent yellow,#CCFF00,204,255,0,Angry,Spring,277,0
5942,User5942,,Non-Binary,Tablet,Bottom,Home_Decor,Middle Red Purple,#210837,33,8,55,Calm,Winter,185,1
8361,User8361,41.0,Female,Mobile,,Sports,Crimson,#DC143C,220,20,60,Sad,Monsoon,254,1
7376,User7376,,,Mobile,Side,Home_Decor,Red devil,#860111,134,1,17,Happy,Spring,241,1
6365,User6365,,,Tablet,Bottom,Fashion,Metallic Sunburst,#9C7C38,156,124,56,Angry,Spring,236,1
4446,User4446,45.0,Male,Tablet,Bottom,Home_Decor,Fashion fuchsia,#F400A1,244,0,161,Angry,Spring,126,0
6441,User6441,,,Desktop,Top,Fashion,Gray (X11 gray),#BEBEBE,190,190,190,Happy,Summer,246,1
3841,User3841,55.0,,Mobile,Bottom,Home_Decor,Light medium orchid,#D39BCB,211,155,203,Angry,Autumn,138,0
9789,User9789,36.0,,,Side,Home_Decor,Rich lavender,#A76BCF,167,107,207,Sad,Winter,75,1
4976,User4976,34.0,,Mobile,Bottom,Tech,English lavender,#B48395,180,131,149,Neutral,Summer,283,1
389,User389,31.0,Non-Binary,Tablet,Top,Home_Decor,Camel,#C19A6B,193,154,107,Happy,Spring,223,1
3641,User3641,33.0,Female,,,Fashion,Aero blue,#C9FFE5,201,255,229,Calm,Winter,189,1
8127,User8127,,Male,Tablet,Bottom,Food,Pale spring bud,#ECEBBD,236,235,189,Happy,Summer,221,1
5878,User5878,,,Tablet,Bottom,Fashion,Rhythm,#777696,119,118,150,Sad,Monsoon,285,1
8123,User8123,,Male,,Side,Home_Decor,Sunglow,#FFCC33,255,204,51,Calm,Spring,285,0
9947,User9947,57.0,Female,Mobile,Top,Sports,Sea blue,#006994,0,105,148,Neutral,Summer,129,0
1418,User1418,58.0,,Desktop,Side,Tech,Kobi,#E79FC4,231,159,196,Angry,Summer,183,0
5110,User5110,44.0,Female,Tablet,Top,Sports,Satin sheen gold,#CBA135,203,161,53,Happy,Spring,39,1
2595,User2595,,Female,Desktop,Bottom,Tech,Dodger blue,#1E90FF,30,144,255,Calm,Monsoon,74,1
5832,User5832,28.0,Non-Binary,,Side,Tech,Yellow-green,#9ACD32,154,205,50,Happy,Autumn,182,1
8684,User8684,,Non-Binary,,Top,Sports,Saddle brown,#8B4513,139,69,19,Neutral,Monsoon,53,1
3990,User3990,28.0,,,,Home_Decor,Deep champagne,#FAD6A5,250,214,165,Happy,Spring,72,1
4539,User4539,54.0,Male,,Bottom,Fashion,Cadmium orange,#ED872D,237,135,45,Calm,Autumn,11,1
7311,User7311,18.0,Female,Desktop,Bottom,Sports,Maximum Purple,#733380,115,51,128,Sad,Summer,98,0
9418,User9418,20.0,,Tablet,Side,Food,Deep carrot orange,#E9692C,233,105,44,Calm,Monsoon,85,1
3430,User3430,,Male,Desktop,Side,Tech,Salmon pink,#FF91A4,255,145,164,Happy,Monsoon,254,1
9220,User9220,21.0,Female,Mobile,Side,Fashion,Red Salsa,#FD3A4A,253,58,74,Neutral,Autumn,42,1
2443,User2443,23.0,,Tablet,,Food,Urobilin,#E1AD21,225,173,33,Angry,Summer,49,0
8081,User8081,38.0,,Tablet,,Fashion,Indian red,#CD5C5C,205,92,92,Angry,Monsoon,141,1
7266,User7266,,,Tablet,Bottom,Home_Decor,Sacramento State green,#00563F,0,86,63,Neutral,Autumn,233,1
6862,User6862,,Male,Tablet,Side,Food,Castleton green,#00563F,0,86,63,Happy,Monsoon,187,1
7,User7,,Female,Tablet,Bottom,Sports,Dark salmon,#E9967A,233,150,122,Neutral,Summer,208,1
1710,User1710,,,Tablet,,Fashion,Khaki (X11) (Light khaki),#F0E68C,240,230,140,Happy,Summer,115,1
7299,User7299,49.0,,Desktop,Side,Sports,Giants orange,#FE5A1D,254,90,29,Calm,Winter,72,0
6438,User6438,53.0,Non-Binary,,Top,Sports,Light pink,#FFB6C1,255,182,193,Sad,Autumn,42,1
697,User697,42.0,Non-Binary,Mobile,,Fashion,Field drab,#6C541E,108,84,30,Happy,Spring,202,0
3375,User3375,52.0,,Mobile,Bottom,Fashion,Silver sand,#BFC1C2,191,193,194,Angry,Monsoon,96,1
9676,User9676,21.0,,,Top,Tech,Blue (Crayola),#1F75FE,31,117,254,Angry,Summer,268,1
9311,User9311,,Non-Binary,Desktop,,Tech,Green (Color Wheel) (X11 green),#00FF00,0,255,0,Sad,Monsoon,247,1
4950,User4950,28.0,Male,,Side,Food,Liver (organ),#6C2E1F,108,46,31,Happy,Monsoon,120,1
1190,User1190,,Non-Binary,,Bottom,Food,Yellow (Pantone),#FEDF00,254,223,0,Sad,Spring,99,1
844,User844,,Female,Tablet,Bottom,Food,Alabama crimson,#AF002A,175,0,42,Calm,Summer,217,0
9360,User9360,58.0,,Desktop,Top,Tech,French violet,#8806CE,136,6,206,Sad,Winter,250,0
2602,User2602,61.0,Female,Desktop,Side,Sports,Cyan (process),#00B7EB,0,183,235,Calm,Autumn,177,1
4073,User4073,,Male,Desktop,Top,Home_Decor,Purple (HTML),#800080,128,0,128,Angry,Monsoon,289,1
503,User503,,,Desktop,Side,Home_Decor,Rust,#B7410E,183,65,14,Calm,Spring,83,1
9234,User9234,20.0,Male,Desktop,,Fashion,CG Red,#E03C31,224,60,49,Happy,Spring,284,1
6849,User6849,39.0,,Mobile,Top,Tech,Taupe,#483C32,72,60,50,Happy,Autumn,153,1
6980,User6980,62.0,,Desktop,,Fashion,Scarlet,#FD0E35,253,14,53,Happy,Autumn,283,1
5787,User5787,,,Desktop,Bottom,Home_Decor,Cerulean,#007BA7,0,123,167,Happy,Summer,230,0
7466,User7466,,,Mobile,Bottom,Fashion,Harlequin green,#46CB18,70,203,24,Neutral,Monsoon,122,1
7806,User7806,60.0,Non-Binary,Tablet,Bottom,Tech,Harlequin,#3FFF00,63,255,0,Calm,Monsoon,77,0
375,User375,,Non-Binary,Mobile,Top,Tech,Forest green (web),#228B22,34,139,34,Happy,Autumn,10,1
6893,User6893,21.0,,,Top,Tech,Maroon (Crayola),#C32148,195,33,72,Sad,Winter,26,1
7352,User7352,20.0,,Desktop,Side,Home_Decor,Pale plum,#DDA0DD,221,160,221,Sad,Monsoon,183,0
3225,User3225,23.0,,Tablet,Bottom,Tech,Palatinate purple,#682860,104,40,96,Neutral,Spring,200,1
4462,User4462,52.0,,Tablet,Bottom,Food,Deep aquamarine,#40826D,64,130,109,Calm,Autumn,113,1
2090,User2090,52.0,,Desktop,Top,Food,Thulian pink,#DE6FA1,222,111,161,Calm,Monsoon,189,0
392,User392,26.0,Male,Mobile,Top,Tech,Duke blue,#00009C,0,0,156,Calm,Summer,59,0
7661,User7661,48.0,,Mobile,Side,Food,Sandy taupe,#967117,150,113,23,Neutral,Autumn,233,1
9978,User9978,,Non-Binary,Desktop,Bottom,Tech,Green Lizard,#A7F432,167,244,50,Calm,Spring,23,0
1951,User1951,42.0,Non-Binary,Tablet,Top,Home_Decor,Maize,#FBEC5D,251,236,93,Calm,Summer,220,0
3430,User3430,61.0,Male,Desktop,Side,Food,Maroon (HTML/CSS),#800000,128,0,0,Happy,Autumn,52,1
2751,User2751,33.0,,Mobile,,Home_Decor,Pearl,#EAE0C8,234,224,200,Calm,Autumn,164,0
3931,User3931,,,,,Food,Spiro Disco Ball,#0FC0FC,15,192,252,Happy,Monsoon,277,0
8262,User8262,,,Mobile,Bottom,Sports,Light cyan,#E0FFFF,224,255,255,Happy,Summer,100,0
3124,User3124,49.0,Female,Desktop,Side,Sports,Trolley Grey,#808080,128,128,128,Calm,Autumn,34,0
5052,User5052,,Male,Mobile,Bottom,Home_Decor,Persian indigo,#32127A,50,18,122,Sad,Spring,125,0
1399,User1399,,Female,Mobile,Bottom,Food,Quick Silver,#A6A6A6,166,166,166,Angry,Summer,194,1
1148,User1148,25.0,,,Bottom,Sports,Vivid tangelo,#F07427,240,116,39,Sad,Monsoon,156,1
7086,User7086,,Non-Binary,,Top,Tech,Neon fuchsia,#FE4164,254,65,100,Calm,Winter,259,1
8240,User8240,58.0,Female,,Side,Fashion,Gray-blue,#8C92AC,140,146,172,Calm,Autumn,195,0
7544,User7544,,Female,Mobile,Top,Sports,Sea Foam Green,#9FE2BF,195,226,191,Sad,Winter,146,1
606,User606,,Non-Binary,Desktop,Bottom,Sports,Middle Yellow Red,#ECB176,166,58,121,Calm,Autumn,250,1
5980,User5980,40.0,,Desktop,Side,Tech,Floral white,#FFFAF0,255,250,240,Happy,Monsoon,38,1
4429,User4429,34.0,,Mobile,Top,Sports,Deep chestnut,#B94E48,185,78,72,Neutral,Monsoon,191,1
9351,User9351,,,Mobile,,Sports,Tuscan brown,#6F4E37,111,78,55,Calm,Monsoon,90,0
6989,User6989,28.0,Male,,,Sports,Infra Red,#FF496C,255,73,108,Calm,Monsoon,165,1
2946,User2946,37.0,,,Bottom,Food,Orange Soda,#FA5B3D,250,91,61,Sad,Summer,122,1
7065,User7065,57.0,,Desktop,Side,Sports,Imperial red,#ED2939,237,41,57,Happy,Summer,115,1
2110,User2110,,,Mobile,Bottom,Fashion,Brown (web),#A52A2A,165,42,42,Sad,Autumn,62,0
9974,User9974,,,Mobile,Side,Food,La Salle Green,#087830,8,120,48,Sad,Summer,22,0
7652,User7652,,Male,Mobile,,Food,Liseran Purple,#DE6FA1,222,111,161,Calm,Autumn,144,1
7422,User7422,20.0,Female,Desktop,Top,Home_Decor,Deep chestnut,#B94E48,185,78,72,Happy,Summer,198,1
1214,User1214,26.0,Female,Mobile,,Sports,Yellow Orange,#FFAE42,255,174,66,Calm,Summer,134,1
5180,User5180,19.0,,Mobile,Top,Fashion,Maximum Blue Green,#30BFBF,48,191,191,Calm,Summer,216,0
8692,User8692,,Male,Mobile,Bottom,Fashion,Cyan,#00FFFF,0,255,255,Calm,Spring,288,1
7458,User7458,59.0,Male,Desktop,,Home_Decor,Café au lait,#A67B5B,166,123,91,Calm,Monsoon,124,0
8081,User8081,,,Tablet,Bottom,Fashion,Antique white,#FAEBD7,250,235,215,Neutral,Spring,46,1
2630,User2630,,Female,Tablet,Top,Food,Diamond,#B9F2FF,185,242,255,Angry,Summer,7,0
3014,User3014,,,,Top,Tech,Vivid amber,#CC9900,204,153,0,Happy,Summer,233,1
9892,User9892,51.0,,Tablet,Side,Food,Eerie black,#1B1B1B,27,27,27,Neutral,Spring,233,1
3429,User3429,59.0,,Tablet,Side,Tech,Granny Smith Apple,#A8E4A0,168,228,160,Angry,Autumn,145,1
5425,User5425,,Non-Binary,,Side,Fashion,Medium sky blue,#80DAEB,128,218,235,Angry,Monsoon,61,1
9689,User9689,,,,,Sports,Purple pizzazz,#FE4EDA,254,78,218,Angry,Autumn,220,1
9274,User9274,35.0,Male,Mobile,,Tech,Sapphire blue,#0067A5,0,103,165,Neutral,Monsoon,135,0
458,User458,,Non-Binary,Tablet,Top,Food,Arctic lime,#D0FF14,208,255,20,Happy,Winter,118,0
2309,User2309,,Male,Tablet,Bottom,Food,Ultramarine blue,#4166F5,65,102,245,Sad,Monsoon,195,1
6365,User6365,,,Tablet,,Food,St. Patrick's blue,#23297A,35,41,122,Angry,Autumn,247,1
6462,User6462,,,,Side,Food,Silver chalice,#ACACAC,172,172,172,Sad,Monsoon,298,1
5498,User5498,,,Tablet,Side,Home_Decor,Chocolate (web),#D2691E,210,105,30,Sad,Winter,32,1
388,User388,52.0,Female,Tablet,Side,Fashion,Barn red,#7C0A02,124,10,2,Calm,Winter,30,0
7471,User7471,,Female,Mobile,Bottom,Sports,Vermilion,#D9381E,217,56,30,Sad,Summer,88,1
7446,User7446,,Male,,Top,Home_Decor,Pale blue,#AFEEEE,175,238,238,Calm,Winter,206,0
7903,User7903,,Non-Binary,,Bottom,Fashion,Sandy brown,#F4A460,244,164,96,Happy,Spring,65,0
7106,User7106,,,Mobile,Top,Tech,Rocket metallic,#8A7F80,138,127,128,Happy,Autumn,189,0
5110,User5110,44.0,,,Top,Home_Decor,Cocoa brown,#D2691E,210,105,30,Calm,Spring,250,1
5100,User5100,42.0,,Mobile,Side,Home_Decor,Raisin black,#242124,36,33,36,Happy,Spring,5,1
9252,User9252,33.0,,Mobile,Top,Home_Decor,Pistachio,#93C572,147,197,114,Angry,Autumn,247,0
9157,User9157,,,Mobile,Bottom,Home_Decor,Tiffany Blue,#0ABAB5,10,186,181,Happy,Spring,36,1
8527,User8527,,,Desktop,,Tech,Ghost white,#F8F8FF,248,248,255,Calm,Spring,239,0
3325,User3325,,Male,Mobile,Bottom,Food,International orange (aerospace),#FF4F00,255,79,0,Angry,Spring,21,1
5324,User5324,,Non-Binary,,Top,Home_Decor,Maximum Blue,#47ABCC,71,171,204,Sad,Winter,93,1
4756,User4756,,Non-Binary,Mobile,Bottom,Fashion,Vivid red-tangelo,#DF6124,223,97,36,Sad,Autumn,56,1
6495,User6495,,,Tablet,Bottom,Food,Dark purple,#301934,48,25,52,Sad,Autumn,168,1
8349,User8349,,Non-Binary,Desktop,Side,Tech,Lavender gray,#C4C3D0,196,195,208,Calm,Autumn,36,0
2239,User2239,25.0,Female,Tablet,,Sports,Mountbatten pink,#997A8D,153,122,141,Sad,Spring,202,1
5647,User5647,46.0,,,,Tech,Pearl Aqua,#88D8C0,136,216,192,Happy,Winter,205,1
6880,User6880,,Female,Mobile,Side,Sports,Ivory,#FFFFF0,255,255,240,Sad,Autumn,111,1
5574,User5574,52.0,Female,Desktop,Bottom,Fashion,Very light malachite green,#64E986,100,233,134,Neutral,Monsoon,32,1
1549,User1549,56.0,,Desktop,Top,Sports,Cornsilk,#FFF8DC,255,248,220,Neutral,Autumn,291,1
7544,User7544,,Female,Mobile,Top,Home_Decor,United Nations blue,#5B92E5,91,146,229,Sad,Summer,123,1
6190,User6190,40.0,,Tablet,Bottom,Food,Mint,#3EB489,62,180,137,Sad,Monsoon,35,0
9926,User9926,,Non-Binary,Desktop,Top,Food,Brandeis blue,#0070FF,0,112,255,Neutral,Autumn,158,0
7497,User7497,25.0,,Tablet,Top,Home_Decor,Deep carrot orange,#E9692C,233,105,44,Sad,Spring,264,0
8592,User8592,57.0,,Mobile,Top,Food,UFO Green,#3CD070,60,208,112,Angry,Autumn,111,0
8947,User8947,22.0,,Desktop,Bottom,Tech,Silver sand,#BFC1C2,191,193,194,Neutral,Winter,255,1
5450,User5450,43.0,,Tablet,Top,Home_Decor,Cosmic latte,#FFF8E7,255,248,231,Calm,Winter,111,0
7,User7,,Female,Tablet,,Home_Decor,Blond,#FAF0BE,250,240,190,Neutral,Autumn,121,1
7688,User7688,57.0,Male,Mobile,Top,Food,Tea green,#D0F0C0,208,240,192,Happy,Spring,249,1
9090,User9090,,Male,,,Sports,Arsenic,#3B444B,59,68,75,Angry,Spring,83,1
1171,User1171,,Female,Mobile,,Fashion,Cordovan,#893F45,137,63,69,Calm,Spring,233,1
6669,User6669,38.0,Female,Mobile,Side,Sports,Air Force blue (USAF),#00308F,0,48,143,Sad,Autumn,27,1
8511,User8511,29.0,Female,Desktop,Side,Tech,Medium Tuscan red,#79443B,121,68,59,Happy,Autumn,201,0
2716,User2716,26.0,Female,Desktop,Bottom,Home_Decor,Battleship grey,#848482,132,132,130,Happy,Summer,192,0
3644,User3644,,,Mobile,Side,Home_Decor,Space cadet,#1D2951,29,41,81,Angry,Winter,221,1
301,User301,59.0,,Tablet,Side,Tech,Inchworm,#B2EC5D,178,236,93,Calm,Monsoon,251,1
1369,User1369,,,Desktop,Bottom,Fashion,Yellow (Crayola),#FCE883,252,232,131,Happy,Monsoon,158,1
4230,User4230,35.0,Female,Tablet,Top,Home_Decor,Black olive,#3B3C36,59,60,54,Calm,Winter,199,1
1225,User1225,27.0,,Tablet,Side,Sports,Violet (web),#EE82EE,238,130,238,Calm,Summer,120,1
5419,User5419,,Male,,Top,Tech,Charleston green,#232B2B,35,43,43,Happy,Winter,200,1
9382,User9382,31.0,,Desktop,Side,Home_Decor,Pale aqua,#BCD4E6,188,212,230,Calm,Summer,59,0
3144,User3144,,Male,,Side,Sports,Crimson red,#990000,153,0,0,Angry,Summer,179,1
7878,User7878,60.0,,Tablet,,Tech,Pink Flamingo,#FC74FD,252,116,253,Happy,Spring,148,1
3644,User3644,,,Mobile,,Tech,Dark green (X11),#006400,0,100,0,Angry,Winter,221,1
2449,User2449,,,Desktop,Bottom,Tech,Violet (RYB),#8601AF,134,1,175,Angry,Monsoon,261,0
4548,User4548,,Male,Desktop,Side,Fashion,Dark vanilla,#D1BEA8,209,190,168,Calm,Autumn,131,1
7171,User7171,45.0,Male,Desktop,,Tech,Soap,#CEC8EF,206,200,239,Calm,Autumn,177,0
3641,User3641,,Female,,,Food,Rose gold,#B76E79,183,110,121,Happy,Winter,98,1
2373,User2373,31.0,,Desktop,Bottom,Food,Auburn,#A52A2A,165,42,42,Sad,Autumn,223,1
9090,User9090,,Male,Desktop,,Tech,Light crimson,#F56991,245,105,145,Happy,Summer,56,1
1704,User1704,,,Tablet,Bottom,Home_Decor,Very light blue,#6666FF,102,102,255,Angry,Autumn,23,1
211,User211,,,Tablet,Side,Food,Field drab,#6C541E,108,84,30,Calm,Summer,241,0
8222,User8222,27.0,,Tablet,Side,Sports,Champagne,#F7E7CE,247,231,206,Angry,Summer,175,1
7750,User7750,46.0,,Mobile,Side,Sports,Peridot,#E6E200,230,226,0,Neutral,Monsoon,279,1
2311,User2311,,,Desktop,Bottom,Home_Decor,Burgundy,#800020,128,0,32,Neutral,Autumn,299,1
5066,User5066,,Non-Binary,Mobile,Side,Sports,Eton blue,#96C8A2,150,200,162,Angry,Monsoon,164,1
9400,User9400,,,Mobile,,Home_Decor,Turquoise Surf,#00C5CD,0,197,205,Sad,Autumn,244,1
8656,User8656,32.0,Female,Mobile,Bottom,Sports,Yellow,#FFFF00,255,255,0,Sad,Summer,69,0
1234,User1234,62.0,,,,Tech,Soap,#CEC8EF,206,200,239,Happy,Autumn,221,0
2096,User2096,48.0,,Desktop,Top,Sports,MSU Green,#18453B,24,69,59,Happy,Monsoon,51,1
2320,User2320,53.0,Male,Desktop,Top,Tech,Regalia,#522D80,82,45,128,Happy,Spring,78,0
6886,User6886,43.0,Male,Mobile,,Sports,Teal green,#00827F,0,130,127,Calm,Monsoon,168,1
9136,User9136,,Non-Binary,Desktop,,Sports,Khaki (HTML/CSS) (Khaki),#C3B091,195,176,145,Sad,Spring,202,1
3225,User3225,23.0,,Tablet,Bottom,Sports,Middle Red Purple,#210837,33,8,55,Angry,Winter,152,1
1755,User1755,,,,Bottom,Tech,Cadet blue,#5F9EA0,95,158,160,Neutral,Monsoon,90,1
1744,User1744,,,,Bottom,Sports,Saffron,#F4C430,244,196,48,Sad,Autumn,13,0
1704,User1704,61.0,Female,Tablet,,Sports,Vivid tangerine,#FFA089,255,160,137,Sad,Spring,257,1
6743,User6743,,,Mobile,Side,Fashion,Cedar Chest,#C95A49,201,90,73,Sad,Autumn,236,1
7885,User7885,,Non-Binary,Tablet,Side,Tech,Inchworm,#B2EC5D,178,236,93,Happy,Spring,251,0
3536,User3536,51.0,Non-Binary,Tablet,Top,Food,Deep pink,#FF1493,255,20,147,Calm,Monsoon,5,0
3770,User3770,,Non-Binary,Desktop,,Home_Decor,Pale plum,#DDA0DD,221,160,221,Angry,Monsoon,271,0
2311,User2311,,,Desktop,Bottom,Fashion,Field drab,#6C541E,108,84,30,Happy,Autumn,109,1
4918,User4918,,Non-Binary,Desktop,Bottom,Sports,Green (Crayola),#1CAC78,28,172,120,Calm,Monsoon,238,0
9431,User9431,,,Mobile,Top,Food,Oxford Blue,#002147,0,33,71,Sad,Autumn,261,1
1171,User1171,,Female,Mobile,,Food,Golden yellow,#FFDF00,255,223,0,Calm,Summer,85,1
3501,User3501,32.0,,,Top,Sports,Dark taupe,#483C32,72,60,50,Happy,Spring,127,0
7561,User7561,,Female,Mobile,Side,Sports,Periwinkle,#CCCCFF,204,204,255,Sad,Autumn,176,0
375,User375,26.0,Non-Binary,Mobile,Top,Fashion,Rich carmine,#D70040,215,0,64,Happy,Spring,277,1
3803,User3803,,Female,Mobile,Top,Tech,Tropical rain forest,#00755E,0,117,94,Angry,Summer,251,1
3279,User3279,23.0,,Mobile,Top,Fashion,Cosmic Cobalt,#2E2D88,46,45,136,Sad,Spring,198,0
5082,User5082,44.0,Female,Mobile,Top,Tech,Dark green,#013220,1,50,32,Calm,Autumn,116,1
9733,User9733,53.0,,Desktop,,Food,Brown (traditional),#964B00,150,75,0,Happy,Monsoon,27,0
5324,User5324,,Non-Binary,Mobile,Top,Home_Decor,Middle Yellow Red,#ECB176,166,58,121,Neutral,Spring,206,1
8350,User8350,25.0,Female,Mobile,,Sports,Light goldenrod yellow,#FAFAD2,250,250,210,Calm,Spring,110,0
6061,User6061,30.0,,Tablet,Side,Fashion,Black Shadows,#BFAFB2,191,175,178,Calm,Summer,98,0
5921,User5921,,,Desktop,Side,Food,Medium ruby,#AA4069,170,64,105,Sad,Winter,29,1
6862,User6862,,Male,Tablet,Side,Fashion,Twilight lavender,#8A496B,138,73,107,Calm,Monsoon,149,1
7,User7,,Female,Tablet,,Tech,Gold (metallic),#D4AF37,212,175,55,Happy,Autumn,23,1
1412,User1412,53.0,Male,Desktop,Side,Sports,Bittersweet shimmer,#BF4F51,191,79,81,Neutral,Summer,214,0
1127,User1127,,,Desktop,Side,Tech,Soap,#CEC8EF,206,200,239,Angry,Autumn,86,1
5457,User5457,39.0,Non-Binary,Desktop,Top,Tech,Magenta (process),#FF0090,255,0,144,Neutral,Autumn,50,0
7450,User7450,,,Desktop,Side,Tech,Harlequin,#3FFF00,63,255,0,Happy,Spring,39,1
6862,User6862,,Male,,Side,Food,Golden poppy,#FCC200,252,194,0,Sad,Summer,206,1
5520,User5520,,Non-Binary,Desktop,Bottom,Sports,Navy purple,#9457EB,148,87,235,Happy,Summer,27,1
8861,User8861,55.0,Male,Mobile,Top,Home_Decor,Blue Bolt,#00B9FB,0,185,251,Calm,Monsoon,269,0
3223,User3223,,Female,Mobile,Side,Fashion,Deep aquamarine,#40826D,64,130,109,Sad,Winter,191,0
6467,User6467,30.0,,Desktop,,Tech,Mardi Gras,#880085,136,0,133,Angry,Autumn,194,1
7418,User7418,31.0,,,Top,Sports,Peru,#CD853F,205,133,63,Angry,Monsoon,244,0
6591,User6591,,,Mobile,Side,Fashion,Lemon chiffon,#FFFACD,255,250,205,Happy,Monsoon,131,0
7511,User7511,,Female,Desktop,Side,Sports,Chinese violet,#856088,133,96,136,Calm,Autumn,295,1
7697,User7697,62.0,,Mobile,Top,Fashion,Rusty red,#DA2C43,218,44,67,Angry,Spring,115,0
8883,User8883,,,Mobile,Bottom,Sports,Shocking pink (Crayola),#FF6FFF,255,111,255,Neutral,Spring,47,1
9894,User9894,,,Mobile,Top,Home_Decor,Soap,#CEC8EF,206,200,239,Sad,Autumn,138,1
2309,User2309,,Male,Tablet,Bottom,Sports,Green (RYB),#66B032,102,176,50,Neutral,Summer,17,1
2137,User2137,,,Tablet,Side,Sports,Orchid,#DA70D6,218,112,214,Angry,Winter,15,1
813,User813,,,,,Tech,Light deep pink,#FF5CCD,255,92,205,Angry,Spring,106,1
1863,User1863,29.0,Female,Tablet,Top,Tech,Cadmium green,#006B3C,0,107,60,Happy,Winter,201,0
3801,User3801,,Non-Binary,Desktop,Side,Tech,Sap green,#507D2A,80,125,42,Happy,Monsoon,59,1
9866,User9866,54.0,Non-Binary,Tablet,Side,Sports,Smashed Pumpkin,#FF6D3A,255,109,58,Sad,Monsoon,187,0
2521,User2521,37.0,,Tablet,Bottom,Home_Decor,Vivid cerulean,#00AAEE,0,170,238,Happy,Autumn,23,0
6458,User6458,,,Desktop,Side,Fashion,Taupe gray,#8B8589,139,133,137,Calm,Autumn,266,0
1178,User1178,,,Desktop,Bottom,Tech,Amaranth purple,#AB274F,171,39,79,Sad,Autumn,13,1
8127,User8127,,Male,Tablet,,Food,Wood brown,#C19A6B,193,154,107,Calm,Spring,152,1
6809,User6809,54.0,,Mobile,Side,Sports,Sandstorm,#ECD540,236,213,64,Happy,Winter,29,0
1136,User1136,58.0,,Mobile,Side,Home_Decor,Rich black (FOGRA39),#010203,1,2,3,Sad,Monsoon,76,1
3109,User3109,,,Tablet,,Home_Decor,French mauve,#D473D4,212,115,212,Angry,Winter,61,1
8174,User8174,,Female,Mobile,Bottom,Tech,International Klein Blue,#002FA7,0,47,167,Neutral,Spring,26,1
5096,User5096,,Female,Mobile,Bottom,Tech,Shamrock green,#009E60,0,158,96,Angry,Winter,40,0
3336,User3336,26.0,Non-Binary,Desktop,Bottom,Food,Maximum Blue,#47ABCC,71,171,204,Calm,Winter,183,1
9231,User9231,21.0,,Desktop,Top,Food,KU Crimson,#E8000D,232,0,13,Angry,Autumn,72,1
7151,User7151,,,Tablet,Side,Tech,Medium sea green,#3CB371,60,179,113,Angry,Winter,5,1
8147,User8147,,,Desktop,Top,Fashion,Upsdell red,#AE2029,174,32,41,Neutral,Winter,52,1
2021,User2021,41.0,Male,Mobile,Bottom,Tech,Blue Jeans,#5DADEC,93,173,236,Neutral,Winter,156,1
3325,User3325,,Male,Mobile,Bottom,Tech,University of Tennessee Orange,#F77F00,247,127,0,Angry,Summer,201,1
4853,User4853,,,Tablet,Bottom,Home_Decor,Mystic Maroon,#AD4379,173,67,121,Neutral,Monsoon,62,1
7688,User7688,57.0,Male,Mobile,Top,Tech,Spanish gray,#989898,152,152,152,Angry,Monsoon,52,1
6287,User6287,,,Tablet,Bottom,Tech,Tickle Me Pink,#FC89AC,252,137,172,Sad,Winter,238,1
4981,User4981,,Male,Tablet,Bottom,Tech,Persian rose,#FE28A2,254,40,162,Angry,Autumn,192,1
226,User226,46.0,,Desktop,Top,Fashion,Dartmouth green,#00703C,0,112,60,Happy,Autumn,118,1
7065,User7065,,,Desktop,Side,Home_Decor,Lemon chiffon,#FFFACD,255,250,205,Neutral,Autumn,94,1
7808,User7808,26.0,,Desktop,Top,Sports,Pale cerulean,#9BC4E2,155,196,226,Neutral,Monsoon,173,1
1190,User1190,,Non-Binary,,Bottom,Sports,Lavender pink,#FBAED2,251,174,210,Calm,Spring,181,1
9234,User9234,20.0,Male,Desktop,Bottom,Sports,Electric lime,#CCFF00,204,255,0,Calm,Winter,196,1
6854,User6854,32.0,Male,Mobile,Bottom,Sports,Imperial purple,#66023C,102,2,60,Happy,Monsoon,137,1
4853,User4853,,,Tablet,Bottom,Home_Decor,Smoke,#738276,115,130,118,Neutral,Autumn,176,1
3042,User3042,,,Mobile,Side,Tech,Amber (SAE/ECE),#FF7E00,255,126,0,Neutral,Monsoon,22,1
5623,User5623,53.0,,,Side,Sports,Light deep pink,#FF5CCD,255,92,205,Calm,Monsoon,255,1
3097,User3097,59.0,Male,Desktop,Top,Tech,Silver chalice,#ACACAC,172,172,172,Calm,Monsoon,116,0
8807,User8807,22.0,Male,Mobile,Side,Sports,Rhythm,#777696,119,118,150,Angry,Autumn,44,0
4117,User4117,32.0,,Mobile,,Fashion,Chinese violet,#856088,133,96,136,Neutral,Spring,106,0
3118,User3118,57.0,,Mobile,Top,Tech,Candy pink,#E4717A,228,113,122,Neutral,Summer,178,1
606,User606,,Non-Binary,Desktop,Bottom,Home_Decor,Old heliotrope,#563C5C,86,60,92,Angry,Winter,200,1
3641,User3641,33.0,Female,Tablet,,Fashion,Flavescent,#F7E98E,247,233,142,Neutral,Winter,76,1
4548,User4548,,Male,,,Fashion,Ocean Boat Blue,#0077BE,0,119,190,Happy,Monsoon,186,1
5194,User5194,,Male,,Top,Home_Decor,Pear,#D1E231,209,226,49,Calm,Spring,245,1
5324,User5324,,Non-Binary,Mobile,Top,Fashion,Gray (HTML/CSS gray),#808080,128,128,128,Calm,Autumn,293,1
3990,User3990,28.0,,Tablet,Side,Tech,Utah Crimson,#D3003F,211,0,63,Calm,Summer,117,1
3181,User3181,49.0,,Tablet,Top,Food,Olivine,#9AB973,154,185,115,Sad,Summer,167,0
3543,User3543,55.0,,Tablet,,Food,Raspberry pink,#E25098,226,80,152,Happy,Monsoon,43,1
5815,User5815,64.0,Female,Mobile,Side,Sports,Fandango pink,#DE5285,222,82,133,Happy,Monsoon,239,0
5066,User5066,46.0,Non-Binary,Mobile,Side,Sports,Willpower orange,#FD5800,253,88,0,Angry,Autumn,75,1
6147,User6147,,Non-Binary,,,Tech,Lilac Luster,#AE98AA,174,152,170,Sad,Autumn,223,0
1420,User1420,62.0,,Desktop,Bottom,Home_Decor,Twilight lavender,#8A496B,138,73,107,Neutral,Autumn,9,1
8994,User8994,34.0,Female,,Bottom,Tech,Wintergreen Dream,#56887D,86,136,125,Happy,Monsoon,245,1
2142,User2142,34.0,,,Top,Sports,Ginger,#B06500,176,101,0,Sad,Spring,169,1
5206,User5206,57.0,Female,,Bottom,Fashion,Café noir,#4B3621,75,54,33,Sad,Monsoon,5,0
1478,User1478,19.0,Male,Mobile,Side,Tech,Cameo pink,#EFBBCC,239,187,204,Happy,Monsoon,188,0
255,User255,,,,Bottom,Tech,Gamboge orange (brown),#996600,152,102,0,Angry,Summer,12,1
9550,User9550,58.0,Non-Binary,Desktop,Top,Home_Decor,Deep chestnut,#B94E48,185,78,72,Sad,Autumn,112,1
1969,User1969,,Non-Binary,,Bottom,Sports,French bistre,#856D4D,133,109,77,Calm,Winter,189,1
5596,User5596,,,,Top,Tech,Salmon,#FA8072,250,128,114,Sad,Autumn,288,1
9807,User9807,,Non-Binary,Tablet,Bottom,Fashion,Smashed Pumpkin,#FF6D3A,255,109,58,Neutral,Spring,158,1
7,User7,,Female,,Bottom,Fashion,Light gray,#D3D3D3,211,211,211,Happy,Spring,38,1
6467,User6467,30.0,Non-Binary,Desktop,Side,Food,Laurel green,#A9BA9D,169,186,157,Neutral,Autumn,26,1
7524,User7524,,Male,Mobile,Top,Sports,Hollywood cerise,#F400A1,244,0,161,Angry,Autumn,152,0
1432,User1432,33.0,,Mobile,Bottom,Fashion,French sky blue,#77B5FE,119,181,254,Calm,Monsoon,155,0
4999,User4999,,,Tablet,Side,Home_Decor,Yellow Orange,#FFAE42,255,174,66,Happy,Winter,71,0
440,User440,58.0,Non-Binary,Desktop,Side,Sports,Onyx,#353839,53,56,57,Sad,Monsoon,82,0
9966,User9966,,,Mobile,Top,Fashion,Carnation pink,#FFA6C9,255,166,201,Calm,Summer,236,1
6094,User6094,,,Tablet,Top,Tech,Ruber,#CE4676,206,70,118,Sad,Summer,43,1
6441,User6441,,,,Top,Sports,Medium carmine,#AF4035,175,64,53,Angry,Spring,169,1
6533,User6533,,Non-Binary,Desktop,Top,Fashion,Honolulu blue,#006DB0,0,109,176,Happy,Spring,103,0
277,User277,59.0,Male,,,Tech,Flavescent,#F7E98E,247,233,142,Angry,Winter,133,1
3801,User3801,26.0,Non-Binary,,Side,Food,Dark cyan,#008B8B,0,139,139,Angry,Spring,23,1
7647,User7647,,Male,Desktop,Top,Sports,Green (Munsell),#00A877,0,168,119,Angry,Summer,275,1
9420,User9420,,Non-Binary,Tablet,,Sports,Dark magenta,#8B008B,139,0,139,Angry,Winter,5,1
2387,User2387,,Non-Binary,Mobile,Top,Fashion,Black Coral,#54626F,84,98,111,Sad,Summer,291,1
3333,User3333,30.0,Male,Tablet,Top,Food,Pacific Blue,#1CA9C9,28,169,201,Neutral,Autumn,184,1
3944,User3944,25.0,Female,Desktop,Side,Home_Decor,Fluorescent orange,#FFBF00,255,191,0,Sad,Autumn,260,0
8937,User8937,57.0,Male,Tablet,Side,Fashion,Imperial red,#ED2939,237,41,57,Calm,Winter,178,1
6888,User6888,26.0,,Mobile,Bottom,Fashion,Sandstorm,#ECD540,236,213,64,Angry,Monsoon,54,0
2952,User2952,37.0,Male,Mobile,Top,Home_Decor,Palatinate purple,#682860,104,40,96,Calm,Spring,24,0
3483,User3483,20.0,,Mobile,Side,Home_Decor,Ogre Odor,#FD5240,253,82,64,Sad,Winter,109,1
7422,User7422,20.0,,,Top,Home_Decor,Italian sky blue,#B2FFFF,178,255,255,Angry,Spring,194,1
8162,User8162,,Female,Mobile,Bottom,Home_Decor,Moccasin,#FAEBD7,250,235,215,Sad,Summer,243,0
6573,User6573,55.0,Non-Binary,Desktop,,Home_Decor,Fuzzy Wuzzy,#CC6666,204,102,102,Angry,Monsoon,47,1
5629,User5629,,,Tablet,,Tech,Steel pink,#CC33CC,204,51,204,Sad,Spring,9,1
7914,User7914,,Non-Binary,Mobile,,Tech,Magenta-pink,#CC338B,204,51,139,Happy,Autumn,252,0
5596,User5596,43.0,,Tablet,Top,Home_Decor,Mango Tango,#FF8243,255,130,67,Neutral,Autumn,70,1
2812,User2812,25.0,Male,Tablet,Side,Food,Titanium yellow,#EEE600,238,230,0,Neutral,Summer,255,0
3432,User3432,,,Tablet,,Food,Brilliant rose,#FF55A3,255,85,163,Angry,Winter,132,0
2602,User2602,61.0,Female,Desktop,Side,Home_Decor,Key Lime,#E8F48C,232,244,140,Happy,Spring,189,1
8174,User8174,20.0,Female,,Bottom,Tech,Medium candy apple red,#E2062C,226,6,44,Calm,Summer,192,1
6248,User6248,48.0,Female,Mobile,Top,Food,Cinereous,#98817B,152,129,123,Happy,Autumn,187,1
941,User941,,Non-Binary,Mobile,Top,Tech,Dark brown,#654321,101,67,33,Angry,Autumn,75,0
8587,User8587,,,,Top,Fashion,Mandarin,#F37A48,243,122,72,Happy,Autumn,70,0
8271,User8271,29.0,,,Bottom,Tech,Oxford Blue,#002147,0,33,71,Calm,Monsoon,254,1
5276,User5276,42.0,,Tablet,Side,Home_Decor,Flame,#E25822,226,88,34,Angry,Monsoon,159,1
9653,User9653,,Non-Binary,Mobile,Top,Sports,Sea Serpent,#4BC7CF,75,199,207,Neutral,Autumn,83,0
2651,User2651,,Male,Tablet,Bottom,Home_Decor,Viridian,#40826D,64,130,109,Happy,Winter,23,0
8353,User8353,,,Desktop,Bottom,Fashion,Dark liver (horses),#543D37,84,61,55,Neutral,Monsoon,273,1
5076,User5076,,,Desktop,Bottom,Tech,Spanish gray,#989898,152,152,152,Neutral,Spring,49,0
9209,User9209,49.0,,,Top,Food,Winter Sky,#FF007C,255,0,124,Sad,Monsoon,266,0
6633,User6633,53.0,,Desktop,Top,Home_Decor,Hunter green,#355E3B,53,94,59,Calm,Spring,226,0
7,User7,,Female,Tablet,Bottom,Food,MSU Green,#18453B,24,69,59,Happy,Monsoon,133,1
3679,User3679,61.0,,Tablet,Bottom,Tech,French beige,#A67B5B,166,123,91,Neutral,Autumn,110,0
7711,User7711,,Female,,Side,Fashion,Scarlet,#FD0E35,253,14,53,Neutral,Spring,255,0
1325,User1325,,,Desktop,Side,Home_Decor,Cosmic latte,#FFF8E7,255,248,231,Calm,Winter,125,1
7865,User7865,64.0,Male,Tablet,Bottom,Food,Vivid violet,#9F00FF,159,0,255,Neutral,Monsoon,234,0
7558,User7558,,,Mobile,,Home_Decor,Middle Blue Purple,#8B72BE,139,114,190,Neutral,Monsoon,285,1
8956,User8956,,Male,,Top,Home_Decor,Office green,#008000,0,128,0,Neutral,Autumn,231,1
8896,User8896,,Male,Mobile,Side,Food,Bazaar,#98777B,152,119,123,Neutral,Spring,279,0
6989,User6989,28.0,Male,Mobile,Bottom,Fashion,Regalia,#522D80,82,45,128,Sad,Autumn,142,1
9967,User9967,,,Mobile,Side,Home_Decor,Gold (metallic),#D4AF37,212,175,55,Sad,Spring,177,1
9524,User9524,23.0,Female,Mobile,Top,Fashion,Topaz,#FFC87C,255,200,124,Angry,Monsoon,275,0
7082,User7082,,Female,,Side,Fashion,Amber (SAE/ECE),#FF7E00,255,126,0,Happy,Monsoon,219,0
8692,User8692,,Male,Mobile,Bottom,Tech,Razzle dazzle rose,#FF33CC,255,51,204,Calm,Monsoon,232,1
5748,User5748,,Male,Desktop,,Food,Middle Yellow,#FFEB00,255,235,0,Angry,Monsoon,111,1
3225,User3225,,,Tablet,Bottom,Tech,Pale green,#98FB98,152,251,152,Sad,Summer,163,1
5520,User5520,,Non-Binary,Desktop,Bottom,Sports,Ultra red,#FC6C85,252,108,133,Sad,Monsoon,140,1
2129,User2129,47.0,,Tablet,Bottom,Tech,Dark slate blue,#483D8B,72,61,139,Sad,Monsoon,255,1
7496,User7496,,Non-Binary,Mobile,Bottom,Home_Decor,Old burgundy,#43302E,67,48,46,Angry,Spring,34,0
2307,User2307,,,Desktop,Bottom,Home_Decor,Amaranth pink,#F19CBB,241,156,187,Sad,Monsoon,102,0
3843,User3843,42.0,Female,Mobile,Top,Home_Decor,Ash grey,#B2BEB5,178,190,181,Angry,Monsoon,101,0
5100,User5100,42.0,,Mobile,Side,Sports,Burlywood,#DEB887,222,184,135,Sad,Spring,261,1
9147,User9147,,,Tablet,Bottom,Fashion,Pastel brown,#836953,130,105,83,Neutral,Monsoon,276,0
9807,User9807,35.0,Non-Binary,,Bottom,Home_Decor,Plum,#8E4585,142,69,133,Neutral,Monsoon,15,1
8208,User8208,,Female,Tablet,,Tech,Middle Purple,#D982B5,217,130,181,Happy,Autumn,172,1
5566,User5566,,Non-Binary,Mobile,Bottom,Fashion,Chocolate (traditional),#7B3F00,123,63,0,Sad,Summer,215,1
6893,User6893,21.0,,Mobile,,Tech,Cherry,#DE3163,222,49,99,Happy,Spring,176,1
6078,User6078,47.0,Non-Binary,,Top,Tech,Antique fuchsia,#915C83,145,92,131,Angry,Autumn,124,0
3846,User3846,38.0,,Tablet,Bottom,Home_Decor,Silver sand,#BFC1C2,191,193,194,Happy,Winter,189,1
6107,User6107,,Non-Binary,Tablet,,Tech,Persian rose,#FE28A2,254,40,162,Sad,Winter,43,0
3980,User3980,,Male,Tablet,,Sports,Puce,#CC8899,204,136,153,Angry,Summer,261,0
5055,User5055,45.0,Male,Desktop,Top,Fashion,French bistre,#856D4D,133,109,77,Angry,Winter,283,1
2946,User2946,37.0,,Desktop,Bottom,Home_Decor,Vivid yellow,#FFE302,255,227,2,Neutral,Summer,234,1
8906,User8906,,Male,Desktop,Top,Home_Decor,Strawberry,#FC5A8D,252,90,141,Angry,Winter,119,1
668,User668,35.0,,Tablet,Bottom,Tech,Vanilla,#F3E5AB,243,229,171,Angry,Winter,95,0
3854,User3854,56.0,,Tablet,Bottom,Tech,Hooker's green,#49796B,73,121,107,Happy,Autumn,65,1
8127,User8127,,Male,Tablet,Bottom,Food,Middle Blue Green,#8DD9CC,141,217,204,Angry,Winter,107,1
9919,User9919,,,Mobile,Bottom,Food,Pastel red,#FF6961,255,105,97,Calm,Summer,219,0
6258,User6258,,,Tablet,Top,Home_Decor,Jasmine,#F8DE7E,248,222,126,Neutral,Monsoon,106,1
1706,User1706,,,Tablet,Bottom,Home_Decor,Wild blue yonder,#A2ADD0,162,173,208,Neutral,Monsoon,147,1
8280,User8280,,Non-Binary,Mobile,Side,Tech,Big dip o’ruby,#9C2542,156,37,66,Angry,Monsoon,94,0
176,User176,,,Mobile,Side,Sports,Indigo,#4B0082,75,0,130,Happy,Summer,122,0
8336,User8336,51.0,Non-Binary,Mobile,,Sports,Cultured,#F5F5F5,245,245,245,Neutral,Summer,143,0
8353,User8353,,,Desktop,Bottom,Tech,Dark purple,#301934,48,25,52,Neutral,Monsoon,244,1
8022,User8022,,,Desktop,Side,Food,Tango pink,#E4717A,228,113,122,Calm,Winter,140,0
9723,User9723,,Female,Mobile,Side,Food,American rose,#FF033E,255,3,62,Angry,Monsoon,9,1
6479,User6479,,Male,Tablet,Side,Sports,Byzantine,#BD33A4,189,51,164,Neutral,Spring,213,1
7267,User7267,20.0,Male,Desktop,Bottom,Home_Decor,Lavender blue,#CCCCFF,204,204,255,Neutral,Summer,91,0
1741,User1741,45.0,,Mobile,,Tech,Sunset orange,#FD5E53,253,94,83,Neutral,Spring,281,1
6602,User6602,,Female,Desktop,Side,Home_Decor,Peru,#CD853F,205,133,63,Neutral,Spring,125,1
8741,User8741,,Male,Desktop,,Food,Green (pigment),#00A550,0,165,80,Happy,Summer,249,0
6365,User6365,,,Tablet,Bottom,Sports,UA blue,#0033AA,0,51,170,Sad,Monsoon,94,1
1171,User1171,,Female,,Bottom,Home_Decor,Rosso corsa,#D40000,212,0,0,Calm,Autumn,144,1
3325,User3325,,Male,Mobile,,Food,Maximum Yellow,#FAFA37,250,250,55,Happy,Spring,116,1
4049,User4049,57.0,,Desktop,Top,Food,Ultra red,#FC6C85,252,108,133,Calm,Monsoon,244,1
6441,User6441,,,Desktop,Top,Food,Absolute zero,#0048BA,0,72,186,Neutral,Autumn,276,1
9660,User9660,,Male,Desktop,Top,Home_Decor,Middle Green,#4D8C57,77,140,87,Calm,Spring,147,1
7625,User7625,,,,Bottom,Fashion,Spanish gray,#989898,152,152,152,Angry,Monsoon,211,0
3335,User3335,24.0,Male,Mobile,Top,Sports,Dark salmon,#E9967A,233,150,122,Angry,Spring,123,1
5569,User5569,,,,Bottom,Food,Dogwood rose,#D71868,215,24,104,Sad,Monsoon,88,1
6075,User6075,32.0,Non-Binary,Desktop,Side,Home_Decor,Windsor tan,#A75502,167,85,2,Sad,Winter,255,1
5053,User5053,61.0,,Tablet,,Tech,Persian rose,#FE28A2,254,40,162,Calm,Winter,282,1
1349,User1349,,Female,Mobile,Bottom,Sports,Medium Persian blue,#0067A5,0,103,165,Happy,Summer,167,0
6248,User6248,48.0,Female,,Top,Tech,Wisteria,#C9A0DC,201,160,220,Happy,Autumn,146,1
6863,User6863,51.0,,Desktop,Side,Tech,Dark olive green,#556B2F,85,107,47,Neutral,Spring,35,1
2727,User2727,34.0,,Mobile,Bottom,Home_Decor,Topaz,#FFC87C,255,200,124,Happy,Spring,95,1
7976,User7976,,,Tablet,Bottom,Fashion,Ebony,#555D50,85,93,80,Sad,Monsoon,132,0
6553,User6553,,,Desktop,Bottom,Home_Decor,UCLA Blue,#536895,83,104,149,Happy,Autumn,271,1
5574,User5574,52.0,Female,Desktop,Bottom,Home_Decor,Rich brilliant lavender,#F1A7FE,241,167,254,Neutral,Spring,40,1
4620,User4620,43.0,Non-Binary,Mobile,Side,Sports,Dark khaki,#BDB76B,189,183,107,Angry,Autumn,284,1
4621,User4621,20.0,,Desktop,Top,Home_Decor,Citron,#9FA91F,158,169,31,Happy,Autumn,217,1
7790,User7790,43.0,Non-Binary,Mobile,Top,Sports,Cyan cobalt blue,#28589C,40,88,156,Happy,Winter,237,0
3062,User3062,34.0,Male,Desktop,Bottom,Food,Sinopia,#CB410B,203,65,11,Sad,Spring,232,1
4067,User4067,,Male,Mobile,Bottom,Sports,Vivid yellow,#FFE302,255,227,2,Calm,Spring,241,0
1694,User1694,,Female,Mobile,Top,Home_Decor,Magic Potion,#FF4466,255,68,102,Angry,Summer,25,0
8190,User8190,26.0,,Mobile,Side,Food,Maya blue,#73C2FB,115,194,251,Calm,Autumn,100,1
5308,User5308,,Non-Binary,Desktop,Side,Food,Claret,#7F1734,127,23,52,Neutral,Monsoon,55,1
9984,User9984,,Female,Tablet,Top,Fashion,Pale green,#98FB98,152,251,152,Neutral,Winter,66,0
9412,User9412,,,,Bottom,Home_Decor,Vivid tangerine,#FFA089,255,160,137,Calm,Summer,157,1
3299,User3299,44.0,Non-Binary,Tablet,Side,Tech,Gray,#808080,128,128,128,Sad,Winter,228,1
5030,User5030,,,Tablet,Top,Home_Decor,Green (RYB),#66B032,102,176,50,Sad,Monsoon,146,1
6237,User6237,32.0,Non-Binary,,Top,Tech,Permanent Geranium Lake,#E12C2C,225,44,44,Sad,Summer,45,1
264,User264,44.0,,Desktop,Side,Fashion,Laurel green,#A9BA9D,169,186,157,Angry,Winter,170,0
6479,User6479,,Male,,Side,Home_Decor,Middle Yellow,#FFEB00,255,235,0,Neutral,Monsoon,194,1
7867,User7867,35.0,,Tablet,Side,Fashion,Fiery Rose,#FF5470,255,84,112,Neutral,Summer,49,0
7909,User7909,21.0,,Mobile,Side,Tech,Maximum Blue Purple,#ACACE6,172,172,230,Neutral,Monsoon,212,0
7973,User7973,28.0,Female,Mobile,Bottom,Sports,Light Thulian pink,#E68FAC,230,143,172,Angry,Summer,100,1
228,User228,46.0,,Mobile,Top,Home_Decor,Mellow yellow,#F8DE7E,248,222,126,Neutral,Spring,279,1
6806,User6806,,Non-Binary,,Bottom,Food,Old heliotrope,#563C5C,86,60,92,Calm,Spring,297,0
8101,User8101,59.0,,Desktop,Bottom,Food,Deep sky blue,#00BFFF,0,191,255,Happy,Winter,239,1
7138,User7138,26.0,Male,,Top,Fashion,Cerise,#DE3163,222,49,99,Angry,Autumn,211,1
8081,User8081,38.0,,Tablet,Bottom,Sports,Peach puff,#FFDAB9,255,218,185,Happy,Autumn,30,1
8081,User8081,,,Tablet,Bottom,Food,Brown Sugar,#AF6E4D,175,110,77,Calm,Monsoon,211,1
1041,User1041,37.0,,Mobile,,Food,Pale brown,#987654,152,118,84,Sad,Summer,145,1
7268,User7268,28.0,Female,Desktop,Bottom,Home_Decor,Light salmon,#FFA07A,255,160,122,Sad,Spring,91,1
5912,User5912,41.0,Non-Binary,Mobile,Side,Food,Bright Yellow (Crayola),#FFAA1D,255,170,29,Sad,Autumn,102,1
7322,User7322,,Female,,Bottom,Tech,Light fuchsia pink,#F984EF,249,132,239,Angry,Spring,27,1
6248,User6248,,,,Top,Fashion,Yellow (NCS),#FFD300,255,211,0,Sad,Monsoon,254,1
2387,User2387,,Non-Binary,,Top,Food,Banana yellow,#FFE135,255,225,53,Angry,Monsoon,254,1
8222,User8222,27.0,,,Side,Home_Decor,Gray,#808080,128,128,128,Angry,Summer,152,1
3299,User3299,,,Tablet,,Tech,Arsenic,#3B444B,59,68,75,Happy,Autumn,58,1
255,User255,31.0,,Desktop,Bottom,Food,Ruddy pink,#E18E96,225,142,150,Sad,Monsoon,43,1
355,User355,33.0,Non-Binary,Desktop,,Fashion,Pink lace,#FFDDF4,255,221,244,Neutral,Monsoon,222,0
9638,User9638,64.0,Non-Binary,Desktop,Top,Fashion,Red (RYB),#FE2712,254,39,18,Sad,Spring,241,0
7322,User7322,,Female,Desktop,Bottom,Fashion,Sunglow,#FFCC33,255,204,51,Sad,Winter,281,1
5215,User5215,,Non-Binary,Mobile,Bottom,Food,Vivid lime green,#A6D608,166,214,8,Sad,Autumn,229,0
8691,User8691,,Male,Tablet,,Tech,Deep Tuscan red,#66424D,102,66,77,Neutral,Summer,148,0
373,User373,34.0,Female,Mobile,Top,Sports,Pink Sherbet,#F78FA7,247,143,167,Neutral,Summer,292,1
2657,User2657,33.0,,Mobile,Side,Fashion,Rufous,#A81C07,168,28,7,Angry,Spring,215,0
7873,User7873,,,Tablet,Top,Tech,Copper,#B87333,184,115,51,Neutral,Summer,158,0
1225,User1225,27.0,,,Side,Home_Decor,Phlox,#DF00FF,223,0,255,Angry,Monsoon,263,1
4707,User4707,21.0,Non-Binary,Desktop,,Home_Decor,Cadmium orange,#ED872D,237,135,45,Happy,Autumn,231,1
5579,User5579,,,Mobile,Side,Tech,Sangria,#92000A,146,0,10,Angry,Summer,86,1
1420,User1420,62.0,Non-Binary,Desktop,Bottom,Home_Decor,St. Patrick's blue,#23297A,35,41,122,Sad,Autumn,92,1
3307,User3307,,,,Side,Home_Decor,Medium Tuscan red,#79443B,121,68,59,Calm,Summer,8,0
4361,User4361,29.0,Male,Tablet,,Fashion,Spanish violet,#4C2882,76,40,130,Calm,Winter,177,1
6405,User6405,,Male,Tablet,,Food,Gold Fusion,#85754E,133,117,78,Sad,Winter,36,0
1122,User1122,49.0,Non-Binary,Tablet,,Food,Independence,#4C516D,76,81,109,Angry,Autumn,238,1
9871,User9871,41.0,Male,Desktop,Bottom,Food,Violet,#8F00FF,143,0,255,Sad,Winter,230,0
545,User545,30.0,,Mobile,Top,Food,Princeton orange,#F58025,245,128,37,Neutral,Winter,210,0
7438,User7438,,Non-Binary,Mobile,Side,Tech,Electric green,#00FF00,0,255,0,Angry,Monsoon,106,1
9290,User9290,61.0,,,Bottom,Fashion,Violet (RYB),#8601AF,134,1,175,Sad,Summer,62,1
8337,User8337,,Female,,Bottom,Tech,Light cobalt blue,#88ACE0,136,172,224,Neutral,Winter,273,0
2750,User2750,,,Tablet,Top,Home_Decor,Trolley Grey,#808080,128,128,128,Neutral,Autumn,154,0
7808,User7808,26.0,Female,Desktop,Top,Fashion,Peach,#FFE5B4,255,229,180,Angry,Monsoon,256,1
3574,User3574,,Female,Tablet,Top,Sports,Blue (pigment),#333399,51,51,153,Happy,Winter,48,1
4254,User4254,,Male,Desktop,Bottom,Food,Peach,#FFCBA4,255,203,164,Happy,Autumn,34,1
9422,User9422,21.0,,,Side,Home_Decor,Pacific Blue,#1CA9C9,28,169,201,Neutral,Summer,16,1
8994,User8994,34.0,,Mobile,Bottom,Food,Wenge,#645452,100,84,82,Happy,Winter,18,1
5574,User5574,52.0,Female,Desktop,Bottom,Food,Mint green,#98FF98,152,255,152,Neutral,Autumn,296,1
2876,User2876,23.0,Non-Binary,Tablet,,Food,Cadet blue,#5F9EA0,95,158,160,Happy,Autumn,49,1
2713,User2713,52.0,,Desktop,Side,Sports,Ultramarine blue,#4166F5,65,102,245,Neutral,Spring,204,0
7518,User7518,,,Desktop,Bottom,Home_Decor,Green (pigment),#00A550,0,165,80,Neutral,Autumn,28,1
9540,User9540,64.0,Non-Binary,,Side,Food,Indigo,#4B0082,75,0,130,Neutral,Spring,255,0
7766,User7766,,,Mobile,,Food,Dodger blue,#1E90FF,30,144,255,Neutral,Summer,123,1
5818,User5818,,,Tablet,Top,Fashion,Pastel magenta,#F49AC2,244,154,194,Calm,Summer,82,1
503,User503,43.0,,,,Food,Picton blue,#45B1E8,69,177,232,Happy,Monsoon,246,1
7438,User7438,,Non-Binary,,,Fashion,Tuscany,#C09999,192,153,153,Neutral,Spring,207,1
8510,User8510,,,Mobile,Top,Home_Decor,Rose bonbon,#F9429E,249,66,158,Sad,Autumn,241,0
7843,User7843,,Female,Desktop,Bottom,Home_Decor,Lemon glacier,#FDFF00,253,255,0,Angry,Monsoon,298,0
3914,User3914,,Male,Mobile,Side,Home_Decor,Dark olive green,#556B2F,85,107,47,Sad,Monsoon,91,0
7924,User7924,,,Desktop,,Fashion,Azure mist,#F0FFFF,240,255,255,Sad,Summer,214,1
3056,User3056,44.0,Male,Tablet,Top,Sports,Regalia,#522D80,82,45,128,Calm,Autumn,280,0
